file,begin,end,speaker,overall_log_likelihood,speech_log_likelihood,phone_duration_deviation,snr
P04_L2_04a,0.0,2.054,corpus,-48.96855945121951,-50.30417733443411,10.376612914144948,7.4884855743573375
P05_L2_69b,0.0,1.751625,corpus,-48.18482700892857,-49.357954597473146,10.222712587721471,13.698936106980593
P05_L1_69b,0.0,1.665625,corpus,-48.55101515718563,-48.589111709594725,10.005803567692901,12.293706535269994
P01_L1_28a,0.0,1.7863541666666667,corpus,-51.280879015363126,-53.946504031910614,9.619889589569802,2.997781568218997
P04_L2_27a,0.0,2.032875,corpus,-45.836938115763544,-48.38988767351423,9.45402499813569,9.291744390241313
P01_L1_69a,0.0,2.012770833333333,corpus,-46.12236182369403,-45.92869911193848,9.179599644428233,10.201825903394866
P04_L1_27a,0.0,2.982625,corpus,-48.64986301908557,-48.88107644943964,8.863163305024313,10.879665728724646
P02_L1_88a,0.0,1.7954791666666667,corpus,-44.4948974609375,-47.51416517558851,8.171005890691204,6.4084563333180355
P02_L1_11a,0.0,2.1690833333333335,corpus,-46.33879968317972,-47.021668885883535,8.115381705815766,7.279295496791242
P01_L2_88b,0.0,1.7931666666666666,corpus,-43.85589974685754,-44.58157208091334,8.108404716941399,15.66746620205021
P01_L2_86a,0.0,1.8806458333333333,corpus,-44.947624044215424,-47.32006313926295,7.656728699353614,10.84094122606777
P04_L1_65b,0.0,2.301625,corpus,-49.10830502717391,-49.422731482464336,7.643780241175598,8.157749379002034
P05_L1_06b,0.0,1.890625,corpus,-45.268136160714285,-46.44074389809057,7.498195750094057,9.518730635816073
P01_L1_67b,0.0,1.9600208333333333,corpus,-46.295539700255105,-47.34779739379883,7.211135210328411,5.466047912835908
P01_L2_37b,0.0,2.0535,corpus,-46.766796875,-47.628964042663576,7.0159025771166785,12.85898434617193
P04_L1_88b,0.0,1.6854375,corpus,-46.16659058339497,-46.934612675717005,6.81635960387919,13.02804926253512
P01_L2_27a,0.0,1.711125,corpus,-47.24047423245614,-48.46996761503674,6.699621758608859,12.45827030363203
P01_L2_88a,0.0,1.7494375,corpus,-43.59370256696429,-46.16544603046618,6.653939908224704,9.492235750808057
P04_L1_02b,0.0,1.9693125,corpus,-48.95744269511421,-49.31558666229248,6.538554736616304,9.781876701636614
P04_L1_24a,0.0,1.955625,corpus,-46.45318478954081,-47.177595038163034,6.532683612670767,10.824339172975606
P04_L1_60b,0.0,2.3294375,corpus,-46.20662050697425,-49.621846816119024,6.409346391032291,11.235542896682354
P04_L1_64a,0.0,2.0473125,corpus,-50.18325076219512,-50.93462619781494,6.333585077388159,10.389867833494495
P01_L2_69a,0.0,1.6485,corpus,-46.08868667140152,-46.85482749938965,6.133103580423296,14.286755410247679
P04_L1_05b,0.0,1.920125,corpus,-46.49671427408854,-46.68012936909994,6.044953489610408,11.496471888908012
P04_L2_48a,0.0,2.132625,corpus,-46.35261241930751,-47.59602701096308,6.037816840428541,10.828773667961833
P02_L1_69b,0.0,1.5184375,corpus,-46.61125424033717,-47.005408668518065,5.769333208083402,10.727789390389777
P04_L1_33a,0.0,2.22575,corpus,-46.95533211883408,-48.214487838745114,5.75632276202264,11.116438860311462
P04_L2_46b,0.0,1.983375,corpus,-46.338571259469695,-45.96390031513415,5.667474982444906,13.055112074143537
P05_L2_86b,0.0,1.46425,corpus,-48.190493230950345,-48.75297626696135,5.6179468126378875,13.167248148659759
P01_L1_27b,0.0,1.9394583333333333,corpus,-45.9727065882732,-48.02341007051014,5.571693759490345,10.186123748025825
P04_L1_85a,0.0,1.7488125,corpus,-46.747494419642855,-47.78201554950915,5.569869813615002,14.274707126049542
P01_L2_38b,0.0,2.5098333333333334,corpus,-45.5386812126494,-49.66055850982666,5.569869813615002,12.609587269886124
P01_L1_13b,0.0,2.25675,corpus,-48.36166084762168,-49.33815484297903,5.569869813615002,7.392616412250039
P04_L1_40a,0.0,2.4994375,corpus,-46.822578125,-47.81227613750257,5.549071627006772,10.52440300099537
P04_L2_73b,0.0,1.9975625,corpus,-50.72611328125,-53.71714458465576,5.467690314054905,11.388161316365359
P02_L2_02b,0.0,1.6383958333333333,corpus,-49.462965058117376,-47.65635719299316,5.45790404543161,14.003736308998345
P04_L2_89b,0.0,2.128,corpus,-49.1731816681338,-48.71574575250799,5.280665674238751,10.450497718208396
P01_L1_88b,0.0,2.1319791666666665,corpus,-43.68572568221831,-44.84766528480932,5.280663950435833,9.942641733293176
P01_L1_06a,0.0,1.64825,corpus,-50.034250710227276,-52.00220208418997,5.268278626778464,12.680494648038362
P04_L2_65b,0.0,2.069125,corpus,-49.07779476147343,-49.478940217391305,5.255358523597802,10.023929879246797
P04_L2_02b,0.0,2.1175625,corpus,-50.3875893646816,-49.34215316772461,5.24793574241318,12.428594222187801
P02_L2_38b,0.0,1.8325416666666667,corpus,-48.168571764002735,-47.352429962158205,5.214888526934558,10.785546217718572
P01_L2_73b,0.0,2.230541666666667,corpus,-48.96944191423767,-49.41897850036621,5.193392337671776,12.5211773233804
P01_L2_56b,0.0,1.9537708333333332,corpus,-45.630553886217946,-46.38511615329318,5.193390525755963,15.218468412570175
P04_L1_54a,0.0,2.053,corpus,-47.132212271341466,-47.914314671566615,5.193390525755963,13.163593841521823
P04_L1_53a,0.0,1.85275,corpus,-48.55506228885135,-48.50848134358724,5.193390525755963,8.707119382932198
P04_L1_26a,0.0,2.4185625,corpus,-48.726546358471076,-48.66017931983585,5.193390525755963,9.638770274213723
P04_L1_37a,0.0,2.1163125,corpus,-47.824333910672166,-48.41259937286377,5.18109424961356,10.728954865183589
P01_L2_67a,0.0,1.9842916666666666,corpus,-47.09872652304293,-48.05013446807861,5.161125063483334,14.863416950930304
P01_L1_26b,0.0,2.105375,corpus,-46.78148604117298,-48.81100917997814,4.991459811059583,9.609545691395244
P02_L1_47b,0.0,1.4675,corpus,-48.10581087903912,-47.04772716098361,4.991446827020391,11.682181027052632
P04_L1_05a,0.0,2.0426875,corpus,-48.431099685968135,-47.98056835598416,4.967995630439197,14.359251489541947
P02_L1_23a,0.0,1.7245,corpus,-49.24473678234012,-50.38684723593972,4.865783050061999,9.23963813591066
P02_L1_41a,0.0,1.5025625,corpus,-49.111904296875,-49.525857289632164,4.83392060094875,13.347994325450056
P03_L2_69a,0.0,1.612,corpus,-46.89586871603261,-46.091980361938475,4.813583764234239,8.714884119391616
P05_L1_38a,0.0,2.0175,corpus,-49.24317856590346,-49.44676246643066,4.770031879911004,10.890406224954944
P04_L2_70a,0.0,2.1054375,corpus,-49.86905731635071,-49.684939002990724,4.770026182813621,7.41111849490909
P01_L2_41a,0.0,1.9965208333333333,corpus,-45.228056640625,-45.53323300679525,4.770026182813621,13.319520797872208
P04_L1_27b,0.0,1.5898125,corpus,-46.65647417944182,-46.382996513730006,4.769169882100215,8.768503235620706
P03_L1_67b,0.0,1.5478125,corpus,-44.63778666834678,-45.988882064819336,4.71502998354872,6.57001925052591
P01_L1_75b,0.0,2.0945833333333335,corpus,-45.57044800388756,-46.974227057562935,4.702252224077497,6.497216478202198
P04_L1_31b,0.0,1.93675,corpus,-47.811317050579895,-47.98791022049753,4.702252224077497,10.49345612508748
P01_L2_36b,0.0,2.2246041666666665,corpus,-43.78018985782658,-46.197424507141115,4.702252224077497,13.88219684978639
P05_L2_85b,0.0,1.485375,corpus,-48.98794371329698,-47.01987818667763,4.701177760886121,13.098128192710593
P04_L1_45a,0.0,2.0964375,corpus,-49.449288504464285,-49.4807697095369,4.701177760886121,8.992067049041744
P04_L1_21b,0.0,1.4350625,corpus,-48.664886474609375,-48.07919057210287,4.701175505670622,9.58799100130592
P04_L1_52a,0.0,1.85275,corpus,-48.91298036317568,-49.02043432938425,4.701175505670622,10.471868931809013
P04_L2_71a,0.0,2.3958125,corpus,-51.76827799479167,-54.54791059948149,4.639964181842929,12.423824843124624
P02_L1_86b,0.0,1.5465,corpus,-47.01462638608871,-47.74570665861431,4.614749059353087,7.347470105211915
P04_L1_73b,0.0,2.1565625,corpus,-47.786263925057874,-49.73387107849121,4.601795550721651,8.877860172627727
P04_L1_09b,0.0,1.7975625,corpus,-47.19313693576389,-47.99398952060275,4.585413046096752,9.916997622331927
P04_L1_70a,0.0,2.464875,corpus,-48.79883209476626,-50.92589893341064,4.585413046096752,10.219078636413748
P04_L1_09a,0.0,2.0835,corpus,-45.12259145883414,-45.690508948432075,4.585413046096752,10.499218796890645
P04_L1_39a,0.0,2.33525,corpus,-49.41493890224359,-50.28323763067072,4.585413046096752,8.73310688825137
P01_L2_56a,0.0,1.7706041666666668,corpus,-43.88892567090395,-44.620493464999726,4.585411234180938,11.983935649109299
P04_L2_26b,0.0,2.0116875,corpus,-49.82095382462686,-50.236593155633834,4.571109390276673,10.697112357344864
P04_L2_46a,0.0,1.706125,corpus,-47.68895056652047,-47.01481467799137,4.549993645310559,9.946649848724313
P03_L1_27b,0.0,1.51075,corpus,-43.54309486237583,-43.58336312430246,4.523847760875729,10.842825790637463
P05_L2_06a,0.0,1.5604375,corpus,-44.76990685096154,-45.92060028879266,4.515383258646453,13.256530441486753
P03_L1_06a,0.0,1.36975,corpus,-43.58279040260037,-45.448296998676504,4.496776198084497,10.04484384895147
P04_L1_37b,0.0,1.7514375,corpus,-48.67094866071429,-49.284840774536136,4.4943930509994745,12.058048405930744
P04_L2_67b,0.0,2.3595,corpus,-45.41172040519068,-49.57794036865234,4.490009114144431,12.645529479822642
P02_L1_18a,0.0,1.473,corpus,-45.611842979379254,-47.46518819472369,4.4882245437562736,11.81246379246953
P04_L2_22a,0.0,2.0116875,corpus,-49.16274584110697,-50.97768693811753,4.487483793103532,10.650499118079505
P05_L1_76b,0.0,1.4929375,corpus,-47.26048657718121,-47.26337412783974,4.487482679034427,11.978530426604983
P04_L1_67a,0.0,1.91825,corpus,-48.341959635416664,-49.43685169219971,4.456170467413134,13.391112505498615
P04_L1_46a,0.0,1.874125,corpus,-46.27020492145722,-46.28720393933748,4.433821611570762,7.9886107880085895
P04_L2_78b,0.0,2.28125,corpus,-47.26908151726974,-49.37180164882115,4.413046360898329,9.38881448687782
P04_L1_29a,0.0,1.8570625,corpus,-49.924410912298384,-50.99435079665411,4.413046360898329,0.2346837931505128
P01_L2_75b,0.0,2.318020833333333,corpus,-45.68239830280172,-48.03520838419596,4.413046360898329,4.2812800440696535
P04_L1_30b,0.0,1.827625,corpus,-51.156196635928964,-50.694060412320226,4.402783518209732,11.609172310913774
P05_L1_20b,0.0,1.4573125,corpus,-48.699924416738014,-47.178200006484985,4.4027793786673906,10.21698646229699
P04_L1_80b,0.0,2.17925,corpus,-47.47941603354358,-47.25312376022339,4.391930675172254,10.176916542576912
P02_L2_70b,0.0,2.1034375,corpus,-48.085960751488095,-47.432301712036136,4.359598853541847,2.6314144684899894
P01_L1_47b,0.0,1.918,corpus,-46.04747517903646,-46.136164815802324,4.330877456143628,8.641382877586544
P02_L1_22a,0.0,1.520625,corpus,-49.355378803453945,-49.390643400304455,4.3228160281230625,9.307461090819661
P04_L2_62a,0.0,1.921875,corpus,-46.64404805501302,-47.567222795988386,4.322815746221125,8.515524123048532
P04_L1_08b,0.0,1.7975625,corpus,-48.57947591145833,-48.67151217990451,4.322815746221125,7.635979523174825
P03_L1_89a,0.0,1.596,corpus,-46.42980041503906,-45.67740752480247,4.29736194706316,12.11894316051752
P04_L2_74a,0.0,1.9008125,corpus,-48.35208675986842,-48.5493295457628,4.281424306267146,10.49083663201586
P04_L1_33b,0.0,1.9885625,corpus,-47.946323413944725,-48.342037773132326,4.281423173819763,6.89871514728349
P01_L2_71b,0.0,2.667895833333333,corpus,-46.66357970505618,-49.36430213564918,4.271262364979393,12.96718085781669
P04_L1_63b,0.0,2.158625,corpus,-47.15540002893518,-48.3988527570452,4.232837335205152,12.692950739052637
P01_L1_88a,0.0,1.7080833333333334,corpus,-43.30029867964181,-44.733032628109584,4.180956358331313,11.221892056010361
P05_L2_11a,0.0,1.523625,corpus,-48.31339946546053,-49.310266394364206,4.177120903489499,9.963837378100507
P02_L1_18b,0.0,1.2443125,corpus,-48.377500472530244,-47.4802064334645,4.174156383289332,11.995908090416094
P05_L2_18b,0.0,1.45425,corpus,-47.51027411099138,-48.52311145558077,4.171898171287127,12.19933144042647
P04_L1_56a,0.0,1.952875,corpus,-46.89835236378205,-47.154033448961044,4.158838670516588,8.129304653486138
P05_L2_50a,0.0,1.5818125,corpus,-46.45089992088607,-46.9281982421875,4.158837531683529,12.791722940533148
P02_L2_69a,0.0,1.5138333333333334,corpus,-49.40909561258278,-47.77868576049805,4.1568319324327225,9.930060564008642
P04_L2_49b,0.0,2.1539375,corpus,-49.05139444040697,-50.72303136189779,4.155009627040819,10.251485426810838
P04_L2_10b,0.0,2.1810625,corpus,-47.18681013474771,-49.176243229916224,4.155009627040819,12.221794899997416
P01_L2_19b,0.0,1.831125,corpus,-46.65105233948088,-47.35102417889763,4.155009627040819,11.948978803936797
P04_L1_03a,0.0,1.821125,corpus,-47.11075935782967,-46.41339874267578,4.155008796114323,7.7310027157406935
P05_L2_64b,0.0,2.1294375,corpus,-43.9406405883216,-46.61482524871826,4.1550063033348374,14.076736618797408
P04_L1_19b,0.0,1.7995,corpus,-51.59313151041667,-52.74958464678596,4.1238404977191605,9.110918771959977
P04_L1_04b,0.0,1.9079375,corpus,-47.879611829188484,-48.33411668476305,4.116253380282539,10.809888163294975
P01_L2_65a,0.0,2.2285,corpus,-47.43131656390135,-48.143031244692594,4.058346801821006,12.841996328429676
P04_L2_06a,0.0,2.032875,corpus,-48.33037638546798,-49.83904025429174,4.039967375335854,12.802338284893363
P05_L2_66a,0.0,1.5455625,corpus,-47.98675655241936,-47.69576623704698,4.034296036494058,10.918173668952754
P03_L1_69b,0.0,1.289875,corpus,-47.836713450823645,-47.868689346313474,4.0137371398349995,9.671909163395103
P01_L2_49b,0.0,2.069729166666667,corpus,-45.414935273248794,-45.80143949720595,3.977435566437541,11.154247776037323
P04_L2_20b,0.0,1.868875,corpus,-47.749033882018715,-48.63574695587158,3.977435566437541,10.507508466402932
P04_L2_30b,0.0,2.288125,corpus,-49.970003752729255,-51.43893831426447,3.977435566437541,10.3185978578848
P01_L2_82a,0.0,2.2742708333333335,corpus,-47.05066079295154,-48.21972154316149,3.977435566437541,12.729493025270894
P01_L2_26b,0.0,1.7953125,corpus,-47.34319118923611,-47.15518333798363,3.977435566437541,13.273732148137302
P04_L2_40a,0.0,1.99925,corpus,-47.62125,-48.05552593030428,3.977435566437541,10.766180817572565
P01_L2_54b,0.0,2.2285,corpus,-44.82322904988789,-46.49738110994038,3.977435566437541,10.635661425366532
P04_L2_08b,0.0,2.20225,corpus,-48.323876953125,-50.060269037882485,3.9774337545217278,8.40386837388979
P04_L2_24a,0.0,1.7463125,corpus,-47.64762276785714,-49.38191102680407,3.9774337545217278,11.308762161871009
P04_L1_28a,0.0,2.729375,corpus,-48.77621694711539,-50.38776397705078,3.9774319426059144,11.047546513727259
P04_L1_66a,0.0,2.001875,corpus,-46.387099609375,-48.219961166381836,3.944452603948381,12.587312303024945
P04_L1_52b,0.0,1.777625,corpus,-49.02715172928371,-49.41384084601151,3.9444514763406318,9.057848489611722
P04_L2_33b,0.0,1.7198125,corpus,-49.50237895167151,-51.547257041931154,3.9444514763406318,9.875502713326558
P04_L2_53b,0.0,1.686625,corpus,-48.64679063424556,-49.77253066168891,3.939783986357466,11.45186531697393
P05_L2_45b,0.0,1.50525,corpus,-46.16560495136589,-46.35892185411955,3.939781226662572,12.515127154343006
P04_L2_23b,0.0,2.56225,corpus,-49.02814483642578,-50.087978016246446,3.939778466967677,8.572162278558633
P01_L1_70a,0.0,1.927125,corpus,-47.022966928432645,-49.424337005615236,3.934135428186769,10.299965882517753
P01_L1_55a,0.0,1.6824583333333334,corpus,-47.005990164620535,-46.871344884236656,3.9057277144891813,9.062339474740355
P04_L1_02a,0.0,1.927,corpus,-51.472605650906736,-50.930978012084964,3.9025781285765535,7.431003167990436
P04_L1_71a,0.0,2.1593125,corpus,-51.75654206452546,-52.94176555815197,3.9025781285765535,10.723520267867212
P04_L2_73a,0.0,1.9784375,corpus,-50.76217743844697,-52.27567691802979,3.876197227047628,8.898005642846194
P04_L1_19a,0.0,1.9106875,corpus,-51.170111052028794,-51.2532595466165,3.876197227047628,10.6889170616438
P04_L1_38a,0.0,2.0068125,corpus,-50.18008589863184,-49.45254116058349,3.876197227047628,9.579027230856948
P04_L1_10b,0.0,2.042625,corpus,-47.5130064721201,-48.26639597039474,3.876195980657885,11.735242281665336
P04_L1_01a,0.0,1.77875,corpus,-49.40360560042135,-49.141021516588,3.8761958767920732,14.369851774183061
P02_L1_27b,0.0,1.6557291666666667,corpus,-46.141766283885545,-48.106572832380024,3.846523003954238,9.44708556564106
P04_L2_45b,0.0,2.0473125,corpus,-46.082383765243904,-47.14624264365748,3.8346311869341565,10.6292462507136
P02_L2_37b,0.0,1.3863541666666668,corpus,-49.240150067446045,-47.85217018127442,3.8076836662125864,6.380801249074718
P02_L2_41a,0.0,1.4341666666666666,corpus,-48.32860986669581,-48.04832734002007,3.807373625091534,11.958478474199861
P05_L2_55a,0.0,1.6883125,corpus,-46.65123717178255,-51.083696365356445,3.7831324167023253,11.323770114553469
P05_L2_71b,0.0,1.8203125,corpus,-50.956757597870876,-50.8875857761928,3.783130068345706,13.02859690211952
P04_L2_25a,0.0,1.5400625,corpus,-46.33573774857955,-46.95397522870232,3.7359007873883963,11.801054349420696
P05_L1_64a,0.0,1.7626875,corpus,-47.78562233664773,-47.9520622253418,3.7040394675334354,9.19821513464169
P01_L2_86b,0.0,1.8806458333333333,corpus,-44.740431765292556,-45.28862099898489,3.6800906260741337,15.624535243830675
P01_L2_28b,0.0,1.7111458333333334,corpus,-46.91963061951754,-48.36768587897806,3.6734468266079356,12.750919254783252
P01_L2_65b,0.0,2.2285,corpus,-48.71125280269058,-50.23395853457244,3.6734450146921223,12.151342748400516
P04_L1_40b,0.0,1.9885625,corpus,-47.13051586055276,-47.76210925453588,3.6734450146921223,8.527818082390443
P04_L1_56b,0.0,1.7121875,corpus,-48.71668836805556,-49.24730830722385,3.6734450146921223,2.6389672030095106
P03_L2_86b,0.0,1.4400625,corpus,-44.46943155924479,-43.64783397473787,3.6590039250688133,11.830505993521445
P02_L2_88a,0.0,1.3483125,corpus,-44.52960069444445,-45.339126787687604,3.645753272275078,12.445390085473903
P04_L1_69a,0.0,1.88475,corpus,-50.065201130319146,-51.61253395080566,3.630000247366051,11.719345277146761
P04_L1_21a,0.0,1.632,corpus,-47.8819347919862,-48.99900881449381,3.603269254475491,11.633715652437381
P04_L1_49b,0.0,2.005375,corpus,-48.75807000155473,-49.89024861653646,3.5973848270544377,8.686631287271847
P04_L2_31a,0.0,1.9905,corpus,-50.599638819095475,-51.594113199334394,3.5973835806646943,10.035845272366927
P04_L1_38b,0.0,2.0615625,corpus,-48.960558252427184,-49.981147384643556,3.5660939721066347,9.289929243009091
P04_L1_11b,0.0,1.7975625,corpus,-48.30961371527778,-48.59094258358604,3.5660939721066347,12.943274491528209
P03_L1_62b,0.0,1.448625,corpus,-43.33271484375,-44.092673653050475,3.566091153087261,7.412776614374909
P05_L1_69a,0.0,1.631125,corpus,-48.55837507189417,-48.76677265167236,3.5660905892833865,13.602327468436474
P05_L2_21b,0.0,1.734875,corpus,-46.36906441925578,-46.51548088921441,3.5660905892833865,10.514985240425535
P01_L2_33a,0.0,1.9393958333333334,corpus,-51.17098904639175,-52.29930801391602,3.5660905892833865,13.175658246522897
P02_L1_36a,0.0,1.8458333333333334,corpus,-44.39450485641892,-46.131734657287595,3.5660905892833865,11.279885559394387
P04_L1_55b,0.0,1.87775,corpus,-47.473051030585104,-48.760213428073456,3.5660894616756367,7.295503070469714
P01_L1_71a,0.0,2.355375,corpus,-47.46646583686441,-49.09126136416481,3.5660894616756367,8.214116170473122
P02_L1_31b,0.0,1.5909166666666668,corpus,-47.0093356918239,-48.878439250745274,3.5660894616756367,12.462942053498754
P01_L1_32a,0.0,1.6470833333333332,corpus,-48.39260771780303,-48.177169398257604,3.5653164404862756,8.043518661929241
P04_L1_23b,0.0,1.9415,corpus,-50.28786948292526,-50.50385735251687,3.5653164404862756,11.312500721855365
P01_L2_53a,0.0,1.7256458333333333,corpus,-46.34516968479046,-46.176124784681534,3.5634770799401503,12.402986477032307
P05_L1_21a,0.0,1.7330625,corpus,-44.61750643515173,-45.158495055304634,3.5634770799401503,11.816755206118373
P04_L1_50b,0.0,2.0213125,corpus,-47.37215249845297,-48.97700672149658,3.5634770799401503,8.727741763461044
P04_L1_31a,0.0,1.73225,corpus,-48.953130644869944,-47.978505987870065,3.5454279094593657,4.117986968212296
P01_L2_34b,0.0,2.39575,corpus,-48.46263834635417,-50.52202425504986,3.5454253237549884,11.872277252034259
P01_L1_29a,0.0,1.6715208333333333,corpus,-55.5476644367515,-59.472564333961124,3.533891694616127,5.944710378842046
P01_L2_70b,0.0,1.7400625,corpus,-49.28146888469828,-48.6323429107666,3.508668832869679,8.891919026165066
P05_L1_70b,0.0,1.67575,corpus,-47.854163760230655,-48.36819343566894,3.5086681988772765,11.69403341383346
P02_L1_55a,0.0,1.4679791666666666,corpus,-51.89502617453231,-51.48915036519369,3.4919557448268996,5.570926583641199
P04_L1_45b,0.0,1.802625,corpus,-47.429866536458334,-47.000488682797084,3.476781694810305,7.588478636479163
P02_L2_79a,0.0,1.4060833333333334,corpus,-48.90968528368794,-47.61597938537598,3.4767789351154104,10.54169670309047
P02_L1_60b,0.0,1.2741041666666666,corpus,-55.237016332431104,-55.14836075726677,3.4767789351154104,10.544117698993357
P04_L1_79a,0.0,1.79625,corpus,-49.97196180555556,-49.844050598144534,3.4767789351154104,9.896308355813947
P02_L2_79b,0.0,1.3868125,corpus,-48.37108321155576,-49.29944190979004,3.4767789351154104,12.940041137251903
P04_L2_67a,0.0,2.0328125,corpus,-48.780283058805416,-51.32230091094971,3.4767789351154104,9.853101102092147
P02_L2_20a,0.0,1.4612916666666667,corpus,-45.60977298266267,-45.8811891078949,3.4767789351154104,11.317335154580558
P04_L2_37a,0.0,1.84875,corpus,-50.097513724662164,-50.52059421539307,3.464331020362343,8.380427896286403
P03_L1_65a,0.0,1.6271875,corpus,-44.95786102856595,-44.91120330147121,3.464089406866319,8.799312180967586
P02_L1_27a,0.0,1.7811666666666666,corpus,-44.85478844803371,-45.606263660249255,3.45231212792443,6.455945270653743
P02_L2_61a,0.0,1.1473125,corpus,-47.09621263586956,-47.66181564331055,3.4490181788985406,9.924181883913853
P04_L1_48a,0.0,2.12575,corpus,-47.88008912852113,-47.29326738630022,3.4472674792306774,10.544607617037435
P04_L1_30a,0.0,1.9785625,corpus,-49.65874072758838,-51.23109089244496,3.447265758850711,10.170268158955814
P01_L2_76b,0.0,1.7931875,corpus,-44.33684041113827,-44.35560085898951,3.447265758850711,12.467679015550164
P04_L2_88b,0.0,1.6909375,corpus,-48.0047990245932,-48.541215796219674,3.4461097744037787,10.17195230312165
P01_L1_27a,0.0,2.105354166666667,corpus,-53.618737966528435,-58.66620327177502,3.4373611965887725,2.5764257691723813
P04_L2_56a,0.0,1.96775,corpus,-46.978862626903556,-47.3597289191352,3.3945814707187476,11.666655977724165
P04_L1_26b,0.0,1.9696875,corpus,-47.24416541085025,-48.618043808710006,3.3945803318856886,11.192605205097326
P04_L1_13a,0.0,1.5861875,corpus,-47.54839204992138,-48.72622881437603,3.3945791930526297,8.423273509410656
P04_L2_50b,0.0,1.9406875,corpus,-46.1490012886598,-47.27994785308838,3.3945791930526297,12.931161908389765
P02_L1_11b,0.0,2.227520833333333,corpus,-46.61649558576233,-47.56492132889597,3.389146278271771,10.740746915097656
P04_L1_86b,0.0,1.874375,corpus,-47.61312458221925,-48.35429422478927,3.389141581558532,9.406445114775007
P04_L1_03b,0.0,1.736375,corpus,-48.686248428520116,-49.88253593444824,3.36945808677833,8.040472505767566
P01_L1_82a,0.0,1.6332916666666666,corpus,-49.36187332246933,-50.04448318481445,3.36945808677833,10.287633405625915
P01_L1_64a,0.0,2.580020833333333,corpus,-46.48113114704457,-48.13632946014404,3.36945808677833,8.576894562927398
P01_L2_34a,0.0,1.9964583333333332,corpus,-48.3857421875,-51.8452417474044,3.3694562748625168,10.641482339357022
P01_L2_79b,0.0,2.2742708333333335,corpus,-45.6581170842511,-45.708008766174316,3.3694562748625168,11.169827633868632
P01_L2_84a,0.0,2.2742708333333335,corpus,-45.631302484856825,-46.60156336697665,3.3694562748625168,10.648881718451157
P04_L1_55a,0.0,2.3534375,corpus,-48.27091921542553,-49.02010069953071,3.3694562748625168,4.613969754802238
P04_L2_44b,0.0,2.04225,corpus,-48.17745672487745,-49.15048940558182,3.3694562748625168,9.811454121820187
P04_L2_30a,0.0,1.9905,corpus,-50.568805943781406,-50.907113855535336,3.3694544629467034,8.350509902178942
P04_L1_36a,0.0,2.0433125,corpus,-46.60888193167892,-47.10003108978272,3.3694544629467034,11.841517676299059
P01_L1_44a,0.0,1.8598333333333332,corpus,-46.75831128192204,-48.170671563399466,3.3694544629467034,9.05282091810178
P04_L1_15a,0.0,1.9475,corpus,-52.67972756410256,-53.698583984375,3.3660261810540404,8.867885165542255
P04_L1_22a,0.0,1.8430625,corpus,-47.55092985733695,-47.691062927246094,3.3660250669849345,11.531328039907319
P04_L2_71b,0.0,2.2143125,corpus,-52.43597992081448,-53.127326057070775,3.3660239529158287,12.853839078337952
P02_L1_37b,0.0,1.66675,corpus,-42.408758654565865,-46.30533657073975,3.351509349309609,11.202991907466625
P02_L1_15a,0.0,1.8236875,corpus,-50.205802498282964,-52.37344589233398,3.3363060496610197,14.888186455978644
P03_L2_14a,0.0,1.311125,corpus,-52.388299141221374,-50.257975048489044,3.3363060496610197,5.835428021003565
P04_L2_15a,0.0,1.77875,corpus,-49.335619294241575,-49.06161689758301,3.3363060496610197,8.19703048512844
P04_L2_81b,0.0,1.648,corpus,-47.53461470170455,-47.688483810424806,3.3185724270612473,5.448054330531811
P04_L2_19a,0.0,1.821125,corpus,-47.33709113152472,-49.03537570728975,3.3185724270612473,8.198849836188948
P02_L1_49b,0.0,1.3243541666666667,corpus,-48.73300633285985,-49.46609730190701,3.3185724270612473,9.236454664378336
P04_L1_81a,0.0,1.9208125,corpus,-50.01329040527344,-49.682233810424805,3.318571180671504,8.624963196749228
P04_L1_71b,0.0,1.914875,corpus,-53.91919584424084,-54.99810863676525,3.318571180671504,14.094030368907742
P04_L1_04a,0.0,1.821125,corpus,-48.030858301854394,-49.503137287340664,3.318571180671504,6.26379909921809
P04_L2_06b,0.0,2.13875,corpus,-49.53407016647196,-50.29174322831003,3.3185709729398805,12.331788505596986
P04_L2_24b,0.0,2.2658125,corpus,-48.75166488849119,-51.31493879619398,3.3185707652082566,8.679276786542168
P04_L2_29b,0.0,2.1810625,corpus,-50.95727315080275,-51.90875807262602,3.3185707652082566,10.41149037508761
P04_L2_10a,0.0,2.0116875,corpus,-46.88420689521144,-47.186812149850944,3.3185707652082566,10.022105464491453
P04_L1_32a,0.0,1.7514375,corpus,-49.49674665178571,-49.49437954551295,3.3185705574766327,9.927026869774895
P04_L1_73a,0.0,2.31175,corpus,-48.26868574134199,-50.53239974975586,3.3185691033552653,10.283894606504205
P04_L1_88a,0.0,1.7035625,corpus,-47.60873736213235,-47.80592908357319,3.256222046280197,13.639503851152906
P01_L1_75a,0.0,2.256666666666667,corpus,-46.80475663716814,-47.344753689236114,3.2562211843787385,10.57872519295394
P04_L2_07b,0.0,2.13875,corpus,-49.68603515625,-49.98948745727539,3.2562211843787385,10.277325181794708
P04_L2_31b,0.0,2.032875,corpus,-48.282698006465516,-49.105840381823086,3.2562211843787385,10.635356240923919
P01_L2_81a,0.0,1.6182291666666666,corpus,-45.421061197916664,-46.695156288146975,3.2562211843787385,10.803581348571406
P04_L2_85b,0.0,1.756375,corpus,-48.63233531605113,-49.24745579769737,3.2562194605758203,12.381060147494406
P04_L2_51b,0.0,2.0239375,corpus,-47.919274056311885,-48.907282979864824,3.2562194605758203,11.202188863529251
P01_L2_81b,0.0,1.7494375,corpus,-44.720142299107145,-45.7791145324707,3.239953656240421,15.126956142258905
P04_L2_88a,0.0,1.607625,corpus,-48.458781177212735,-48.216201983000104,3.234697422248942,11.454308288708123
P03_L1_90a,0.0,1.312875,corpus,-45.65488579437023,-45.751168966293335,3.187729138422266,11.806743270319737
P04_L2_26a,0.0,2.0294375,corpus,-46.314549338054185,-46.980970110212056,3.1877285746183914,8.701390514453092
P01_L1_79b,0.0,2.1569166666666666,corpus,-49.6144703052662,-47.90507164001465,3.1877285746183914,8.522421562758119
P01_L2_62a,0.0,1.7095416666666667,corpus,-48.64011101973684,-51.27786274960167,3.1877285746183914,13.259764426802297
P02_L1_63a,0.0,1.862125,corpus,-48.652601016465056,-51.653718675885884,3.1877285746183914,7.919941057506996
P04_L2_33a,0.0,1.97775,corpus,-49.03274936868687,-52.046481132507324,3.1877285746183914,8.825420612372458
P02_L2_56b,0.0,1.258875,corpus,-46.171022445436506,-44.94061364067925,3.1877285746183914,15.830655837111685
P03_L2_56b,0.0,1.3540625,corpus,-45.23206741898148,-44.36417982313368,3.1877284336674228,10.114651154165973
P02_L1_51a,0.0,1.9022708333333334,corpus,-50.571828741776315,-50.86403314690841,3.187727447010642,4.886419674736352
P04_L1_59b,0.0,2.1298125,corpus,-49.17581792840375,-49.73262151082357,3.187727447010642,9.473700394997692
P02_L2_25a,0.0,1.289375,corpus,-45.881639110949614,-45.28211414112764,3.187727447010642,10.891859870897978
P04_L1_34a,0.0,2.0433125,corpus,-48.3766659007353,-49.75887659976357,3.187727447010642,9.116754265469744
P01_L1_85a,0.0,2.4436875,corpus,-44.89947809938525,-45.64982685289885,3.165205260655701,6.918878119532529
P01_L2_85b,0.0,1.8369166666666668,corpus,-46.47836171025815,-46.020398190147,3.1652030630981134,8.288493442048338
P04_L2_25b,0.0,1.84225,corpus,-47.36158818783967,-48.193209031048944,3.1652008655405264,8.536320956286492
P01_L1_76a,0.0,1.8202916666666666,corpus,-44.08351487379808,-46.596962778191816,3.1586341710729595,9.38928067822808
P04_L2_05b,0.0,1.8634375,corpus,-46.636099210349464,-46.83263927035861,3.1520028564192515,10.253812710174422
P04_L2_11a,0.0,1.6940625,corpus,-49.04363905325444,-49.147968894556946,3.1209783745120996,13.080042046644962
P03_L2_70b,0.0,1.5045625,corpus,-47.583447265625,-47.14188646015368,3.1204392602704676,12.617509862351326
P05_L1_06a,0.0,2.00875,corpus,-42.95245938277363,-45.86010481181898,3.1161878093200808,12.278424392282208
P03_L1_88a,0.0,1.3385625,corpus,-43.020125204057834,-43.693526017038444,3.1111149166382575,12.318139427068754
P02_L2_33b,0.0,1.5457083333333332,corpus,-47.91248424899194,-46.663919067382814,3.104013817082548,6.237589864319872
P05_L1_03b,0.0,1.3355,corpus,-49.41414266557836,-50.5089422861735,3.104013817082548,8.663520214677611
P01_L2_87a,0.0,1.968125,corpus,-46.090646811548226,-47.66629810333252,3.0928208064500757,13.581763777385799
P01_L2_70a,0.0,1.7400625,corpus,-48.38731927981322,-48.548164176940915,3.0832041395297964,10.982608764626452
P05_L2_70b,0.0,1.61425,corpus,-50.17956012228261,-51.68338279724121,3.083203505537394,10.8770361847947
P04_L2_70b,0.0,2.0328125,corpus,-50.02150361761084,-50.346310424804685,3.083203505537394,11.326684867084182
P01_L1_70b,0.0,1.8414583333333334,corpus,-48.08622940726902,-49.96020946502686,3.083203505537394,9.156409356378308
P05_L1_70a,0.0,2.071875,corpus,-47.68315028683575,-49.605790328979495,3.083203505537394,11.187611828811725
P02_L1_70b,0.0,1.4597708333333332,corpus,-51.08011825770548,-52.78086986541748,3.083203505537394,5.2533610747309325
P01_L2_21b,0.0,1.6923333333333332,corpus,-48.45636094674556,-46.49566756354438,3.068616206975184,11.592050822433098
P01_L2_09a,0.0,1.87525,corpus,-43.46500997340426,-45.52282947964139,3.068613257336554,12.317327623288552
P04_L2_52a,0.0,1.8341875,corpus,-48.59753351263661,-50.09992037321392,3.0686117825172388,11.752905989645605
P04_L2_90a,0.0,1.2365,corpus,-48.651638892389116,-50.04479265213013,3.0686110451075814,5.132056230092342
P05_L2_38b,0.0,1.9389375,corpus,-44.02075447003866,-47.01392574310303,3.068610307697924,11.556534623186312
P04_L2_82a,0.0,1.812625,corpus,-46.63336282803867,-47.56018849423057,3.068610307697924,10.958545180473841
P03_L2_65a,0.0,1.5905,corpus,-47.081592103970124,-47.598766990329906,3.068610307697924,10.645603640475755
P04_L2_57b,0.0,1.6994375,corpus,-48.7942325367647,-48.27392780079561,3.0654693469487246,11.77257001298879
P04_L1_82a,0.0,1.9056875,corpus,-46.425418234620416,-47.05972269961708,3.0654675350329113,11.909615015706507
P01_L1_56b,0.0,1.6200208333333332,corpus,-46.15719039351852,-46.69526947869195,3.0654675350329113,8.5126218247836
P01_L1_82b,0.0,1.6207916666666666,corpus,-48.503318504050924,-48.92966983192846,3.0654675350329113,7.842456294492621
P01_L2_30a,0.0,2.307916666666667,corpus,-47.36575013528139,-49.702204270796344,3.0654675350329113,11.513504960261987
P04_L2_14b,0.0,2.0751875,corpus,-49.62357271634615,-50.70034175448947,3.0654675350329113,7.525863178164837
P04_L1_14b,0.0,2.10925,corpus,-52.01749944460901,-51.977947023179794,3.065467082053958,13.507744227685992
P04_L1_84a,0.0,1.948625,corpus,-49.07920172275641,-50.0822134884921,3.065467082053958,3.7141539431438098
P01_L2_20b,0.0,2.474479166666667,corpus,-44.901481844635626,-48.49917817115784,3.065466629075005,12.979036712561719
P04_L1_50a,0.0,1.7825625,corpus,-47.644898832514045,-47.34952735900879,3.065465723117098,8.376352244521946
P04_L2_77b,0.0,2.035625,corpus,-49.08511891084559,-48.964750704558,3.065465723117098,10.046999742503242
P01_L2_38a,0.0,2.064208333333333,corpus,-47.84195805521845,-49.30112075805664,3.065465723117098,11.606052929349353
P01_L1_85b,0.0,2.0073125,corpus,-45.09753964552239,-45.196038697895254,3.065465723117098,7.624489820474647
P01_L1_05a,0.0,2.0463541666666667,corpus,-46.315234375,-47.08147282070584,3.065465723117098,8.925346660743372
P04_L2_75b,0.0,1.82325,corpus,-49.60784576751374,-49.951753828260635,3.065465723117098,11.363424038191976
P01_L1_39a,0.0,2.0417083333333332,corpus,-47.56399835324755,-49.523921272971414,3.065465723117098,8.325600110630784
P01_L2_82b,0.0,1.8369166666666668,corpus,-45.70108695652174,-46.88816994114926,3.065465723117098,14.088508778153269
P04_L1_74b,0.0,2.166875,corpus,-48.05852174539171,-49.76532565846163,3.0585772716026485,9.616399438279789
P04_L1_16b,0.0,1.67575,corpus,-49.44532412574405,-49.42634806913488,3.0585772716026485,8.941909116500014
P04_L1_76b,0.0,1.8519375,corpus,-46.85536845439189,-47.55775913439299,3.0585772716026485,3.504745451983503
P02_L2_81b,0.0,1.5216458333333334,corpus,-45.80810546875,-45.78393020629883,3.0585765308074153,14.152437872008488
P05_L1_72b,0.0,1.70625,corpus,-47.878052471673975,-48.252000617980954,3.050341947546078,9.883503029859437
P05_L2_19b,0.0,1.6073125,corpus,-44.75150427018634,-47.217231301700366,3.0397600270680565,11.057230152366543
P01_L1_49a,0.0,1.8170625,corpus,-49.82852742960165,-50.24027315775553,3.0397600270680565,9.603293520681966
P04_L2_64b,0.0,2.2803125,corpus,-49.4024079975329,-48.58964920043945,3.0397600270680565,8.73966131792023
P01_L1_19b,0.0,2.2118333333333333,corpus,-44.82636630373303,-48.786176569321576,3.0397600270680565,9.824464257789508
P04_L1_57b,0.0,1.7275625,corpus,-47.33904782333815,-48.32553908404182,3.0397585729466896,10.354568695965174
P04_L1_75b,0.0,1.8304375,corpus,-51.98837196892077,-51.77623049418131,3.0397583652150657,8.73846030300566
P04_L2_40b,0.0,2.17125,corpus,-45.83155421947004,-47.86742240504215,3.0397583652150657,11.00313181934024
P01_L2_41b,0.0,2.0980416666666666,corpus,-44.18542596726191,-46.08713128831651,3.0397583652150657,13.205312464003676
P04_L1_41a,0.0,1.842625,corpus,-50.07675038213315,-50.967344495985245,3.0397582613492538,9.398166659478068
P04_L1_35b,0.0,2.0980625,corpus,-47.95180431547619,-48.70264157381925,3.039757949751818,9.418951713136622
P02_L2_49b,0.0,1.3544791666666667,corpus,-47.87255497685185,-49.997754414876304,3.039756703362075,12.084501364873354
P03_L1_88b,0.0,1.235625,corpus,-45.030092300907256,-45.401097749408926,3.0315976465537733,11.936037979438712
P04_L2_60a,0.0,2.1815625,corpus,-47.22719412987385,-50.79105220121496,3.0302956729708845,8.63727176999084
P02_L1_22b,0.0,1.1962291666666667,corpus,-50.11383870442708,-50.015513251809516,3.0302937238381,9.343460241635945
P02_L2_66b,0.0,1.3544791666666667,corpus,-46.40737847222222,-46.05293528238932,3.023194247158439,9.36385866372838
P01_L2_20a,0.0,1.5696875,corpus,-47.36592481090764,-47.880115032196045,3.0137800931868677,12.435124087984079
P01_L1_79a,0.0,1.8327708333333332,corpus,-48.6356087773224,-47.842608261108396,3.013779403263144,10.744273574468757
P05_L2_79b,0.0,1.500125,corpus,-47.60002278645833,-47.424777603149415,3.013779403263144,13.376927425224263
P04_L2_15b,0.0,1.9481875,corpus,-51.26514423076923,-51.75378475189209,3.013779403263144,10.986008354848941
P02_L2_67a,0.0,1.3545,corpus,-49.86140407986111,-50.92092323303223,3.013779403263144,12.52935462095967
P01_L2_79a,0.0,1.9243958333333333,corpus,-47.773844401041664,-48.796264839172366,3.013779403263144,13.188585179293256
P04_L1_47b,0.0,2.144125,corpus,-48.13776832651869,-48.53327921817177,2.9972737987348075,11.68398067040659
P05_L2_55b,0.0,1.412,corpus,-47.888290946365245,-47.58369064331055,2.995153094771358,9.370011602354648
P05_L1_18b,0.0,1.8511875,corpus,-46.24110008445946,-49.32541207706227,2.995153094771358,9.877946676594373
P01_L1_71b,0.0,1.9188958333333332,corpus,-45.431365966796875,-47.517499106270925,2.995153094771358,10.10126703782759
P02_L1_28a,0.0,1.5302916666666666,corpus,-47.494845920138886,-50.0174098295324,2.9754076975401804,13.658099116969442
P04_L2_27b,0.0,1.8634375,corpus,-50.497973370295696,-51.69932301839193,2.972381628289487,12.041272644232528
P02_L2_85b,0.0,1.27125,corpus,-43.940125953494096,-44.475601597836146,2.967017045002488,6.843447298365749
P02_L1_85b,0.0,1.9249583333333333,corpus,-44.07908132286269,-48.56777090775339,2.9670135973966523,4.347205199994814
P01_L1_64b,0.0,2.4400208333333335,corpus,-45.50796458760246,-47.09042663574219,2.9670135973966523,7.184887244403463
P02_L1_04b,0.0,1.552375,corpus,-46.77882749495968,-47.9093670092131,2.9385719792655074,9.58399609568746
P02_L2_67b,0.0,1.4819791666666666,corpus,-48.347732131545605,-48.60702953338623,2.9329021314259838,13.29930086478862
P01_L2_37a,0.0,1.882375,corpus,-45.30586664727394,-47.50613250732422,2.926476853807882,12.94539790922169
P04_L2_61a,0.0,2.02575,corpus,-48.42339997690887,-49.357135997099036,2.926474320414375,9.650634519415366
P03_L1_65b,0.0,1.4684375,corpus,-46.18614144876701,-46.70349950375764,2.9218292753068376,-0.2862786934170458
P02_L2_88b,0.0,1.2905,corpus,-41.982262899709305,-42.50470151399311,2.8928611311740347,13.253415207872475
P01_L2_63b,0.0,2.1369166666666666,corpus,-49.38978077540888,-51.269335065569194,2.879326963293903,15.119653490090478
P03_L1_02b,0.0,1.3284791666666667,corpus,-45.13855806508459,-46.44741363525391,2.8764864460119033,10.769025900402806
P04_L2_05a,0.0,2.244625,corpus,-45.67106410435268,-48.43158637152778,2.8700060240551415,6.756718323892077
P05_L1_15b,0.0,1.8118125,corpus,-50.33540875345304,-51.16771984100342,2.8583993386101527,11.521160183439473
P05_L2_71a,0.0,1.751625,corpus,-49.339330357142856,-49.053059532528835,2.8583993386101527,11.519886751538202
P01_L2_71a,0.0,2.1867916666666667,corpus,-47.69146867865297,-48.97876376197452,2.8583993386101527,13.486580396592519
P01_L1_41a,0.0,1.8189791666666666,corpus,-45.537581559065934,-47.287003411187065,2.8583993386101527,9.843108990909489
P05_L1_78b,0.0,1.4858125,corpus,-47.358041238464764,-48.19583493187314,2.8583993386101527,11.668580991615304
P02_L2_89b,0.0,1.4446041666666667,corpus,-47.15961710611979,-48.031587080522016,2.8109646144307376,9.557516501243025
P04_L1_42b,0.0,3.01025,corpus,-49.25277395660299,-50.588347001509234,2.8093676875611457,10.473358117757495
P03_L1_51b,0.0,1.7264375,corpus,-44.824235684609825,-46.87709617614746,2.8093665599533963,8.955359968010132
P04_L1_59a,0.0,2.1673125,corpus,-50.110446068548384,-51.12702857123481,2.8093665599533963,11.341134502140939
P01_L2_05b,0.0,1.8862083333333333,corpus,-43.56677310681217,-43.493195639716255,2.8093665599533963,12.210404000351073
P01_L2_62b,0.0,1.95375,corpus,-47.152674278846156,-48.71113987972862,2.8093665599533963,14.932040879323116
P04_L1_51b,0.0,1.952875,corpus,-46.89304887820513,-46.985589479145254,2.809366278051459,11.139685264985268
P05_L1_84b,0.0,1.5283125,corpus,-47.45678870506536,-47.645186164162375,2.8093659961495216,4.859049673840431
P01_L1_50b,0.0,1.8843541666666668,corpus,-45.584207737699465,-46.93330879211426,2.8093659961495216,11.084644074448637
P05_L1_56b,0.0,1.456125,corpus,-48.12759190389555,-46.96603647867838,2.8093659961495216,13.807353345697106
P01_L2_29a,0.0,1.8233541666666666,corpus,-49.41386933379121,-49.0968024844215,2.8093659961495216,9.963460210831784
P02_L2_86a,0.0,1.252,corpus,-50.17644140625,-48.86320957384611,2.8093659961495216,7.443134471447085
P02_L1_59a,0.0,1.4701041666666668,corpus,-49.12553478422619,-49.26098526848687,2.8093657142475843,12.930481984622578
P04_L2_59a,0.0,1.912,corpus,-50.24953472676702,-50.6423528459337,2.8093657142475843,9.234010804533373
P01_L1_07b,0.0,1.896,corpus,-46.57295949835526,-48.48646717071533,2.8093657142475843,8.900607562396324
P03_L1_39a,0.0,1.7121875,corpus,-44.46421555190059,-46.94625455682928,2.809365432345647,10.339920995317257
P01_L2_33b,0.0,1.882375,corpus,-46.184372922207444,-50.07781219482422,2.809365432345647,14.658626906549578
P05_L2_77b,0.0,1.889,corpus,-46.83405154596561,-47.480833634086274,2.809365432345647,12.343536100646737
P05_L2_09b,0.0,1.5604375,corpus,-46.71372633713942,-48.3582034640842,2.809365432345647,12.795870423992703
P02_L2_05b,0.0,1.5155416666666666,corpus,-48.6908537212171,-48.31654188368056,2.809365432345647,12.568042451848328
P05_L2_01b,0.0,1.7544375,corpus,-48.05931361607143,-48.857056299845375,2.809365432345647,10.594176172254585
P04_L1_11a,0.0,2.2060625,corpus,-48.82993230345023,-51.229464079204355,2.809365432345647,10.815561370907167
P01_L2_43b,0.0,1.9965208333333333,corpus,-47.5276318359375,-48.00935535430908,2.809365432345647,14.473436235796655
P04_L2_11b,0.0,1.7999375,corpus,-50.077327473958334,-50.37941521092465,2.809365432345647,11.853306852428183
P02_L1_25b,0.0,1.4048541666666667,corpus,-46.97072056361607,-49.19453452615177,2.809363177130148,12.685203414444988
P04_L1_72a,0.0,1.833375,corpus,-50.62646217554645,-51.44432106018066,2.7996314380498633,14.965311661421401
P01_L2_02b,0.0,1.7737916666666667,corpus,-46.73690192443503,-46.574974632263185,2.7965166291376873,15.18821550794791
P01_L2_85a,0.0,1.4870416666666666,corpus,-47.77447304949664,-47.73239195974249,2.7965144315801003,14.196740479495922
P05_L1_71a,0.0,1.7824375,corpus,-50.64678612183989,-51.35333088466099,2.7965144315801003,11.418592386199347
P01_L1_21a,0.0,1.7538541666666667,corpus,-48.59290736607143,-48.78501086764865,2.7892722785090904,10.794732144535786
P04_L2_22b,0.0,1.8634375,corpus,-50.706663726478496,-51.145033443675324,2.761480607119119,10.543269104668706
P01_L2_53b,0.0,2.17975,corpus,-46.56472190366973,-47.47558911641439,2.761480607119119,14.799308094260976
P04_L2_82b,0.0,1.630625,corpus,-48.32675002396472,-48.63316284982782,2.761480607119119,9.937661490001684
P01_L2_07b,0.0,1.8542291666666666,corpus,-48.93426942567567,-48.53831100463867,2.761480607119119,8.405329095209826
P04_L1_28b,0.0,1.9415,corpus,-48.89238180573454,-49.39375552009134,2.761480607119119,8.816616686220133
P01_L1_09a,0.0,1.731125,corpus,-45.95798523302023,-47.70248222351074,2.761480607119119,9.809104880678433
P04_L1_42a,0.0,2.26225,corpus,-48.636338495575224,-49.50973406704989,2.761480607119119,12.671536071964798
P01_L2_04b,0.0,2.0140833333333332,corpus,-45.00842467350746,-45.44358825683594,2.761480607119119,11.982220739904612
P03_L1_17a,0.0,1.7121875,corpus,-45.04184941520468,-47.05847689979955,2.761480607119119,9.555377646751733
P01_L2_44a,0.0,2.2881666666666667,corpus,-48.13800235398472,-49.160241177207546,2.7614787952033057,13.454512688518811
P04_L1_08a,0.0,1.838375,corpus,-50.2532958984375,-50.60414123535156,2.7614787952033057,7.79541244455795
P04_L1_78a,0.0,1.9265625,corpus,-48.214737491904145,-48.61897041684105,2.7614787952033057,9.298336614901778
P04_L1_60a,0.0,2.0765,corpus,-46.73289137620192,-48.90688368853401,2.7614778892453993,11.749880805655433
P04_L2_54b,0.0,1.96075,corpus,-47.27652164381377,-47.456635324578535,2.7614769832874924,10.577268307139665
P04_L2_28b,0.0,1.927,corpus,-50.50724579015544,-50.61019717945772,2.7614769832874924,10.19853429521384
P04_L1_77b,0.0,1.9903125,corpus,-49.18389309830402,-49.126094320546024,2.7614769832874924,8.656296508868788
P04_L1_12a,0.0,2.008875,corpus,-49.754188044154226,-51.77483558654785,2.7614769832874924,12.363241520954134
P04_L1_54b,0.0,2.028,corpus,-49.425487800184726,-49.734913876182155,2.7614769832874924,13.18450739715211
P04_L2_77a,0.0,2.4224375,corpus,-46.912520983987605,-49.03433128025221,2.7614769832874924,10.832730326985832
P04_L1_74a,0.0,1.7933125,corpus,-51.10206987604749,-50.98307418823242,2.7614769832874924,10.262480511008288
P04_L1_16a,0.0,1.494625,corpus,-48.46733103502517,-48.702968148624194,2.7614769832874924,11.725154630614977
P04_L2_39b,0.0,2.2141875,corpus,-50.78635375424208,-51.9745589169589,2.7614769832874924,10.29585134615914
P01_L1_77a,0.0,1.6706666666666667,corpus,-47.2237906998503,-47.51637400751529,2.7614769832874924,8.375995712249974
P04_L2_72b,0.0,1.9239375,corpus,-49.49817911783854,-50.137177085876466,2.760947627074866,11.68447269046558
P04_L1_06a,0.0,2.042625,corpus,-47.415019914215684,-48.248133408395866,2.7609455497586275,14.96939626298736
P04_L2_04b,0.0,2.0116875,corpus,-48.41909592661692,-48.27408941168534,2.7609451342953797,10.794208613139787
P05_L1_19a,0.0,1.93,corpus,-44.25561649935233,-45.44470304601333,2.760944303368884,12.755363380532405
P01_L2_15b,0.0,1.6983541666666666,corpus,-50.07417279411764,-49.56814002990723,2.760944303368884,12.015173465619895
P04_L2_19b,0.0,1.948125,corpus,-48.44996995192308,-50.32691753611845,2.760944303368884,7.770057228936743
P02_L2_49a,0.0,1.227,corpus,-47.3848648691565,-47.40625148349338,2.760944303368884,10.88241023752014
P04_L1_68a,0.0,1.8284375,corpus,-48.23569309255465,-49.113489652934824,2.760944303368884,10.75950113485678
P05_L1_27a,0.0,1.6936875,corpus,-46.953382142196745,-46.76704297746931,2.7084459924411095,9.131938433793156
P05_L1_45b,0.0,1.6828125,corpus,-47.42591494605655,-49.47932072689659,2.693340241935659,10.526916889089641
P05_L1_45a,0.0,1.700875,corpus,-46.59268727022059,-46.64251769216437,2.693340241935659,11.745582461440954
P05_L2_90b,0.0,1.440375,corpus,-46.94111124674479,-47.610435009002686,2.6886539021783076,14.057573656794109
P01_L2_67b,0.0,1.8316666666666668,corpus,-46.28563119023224,-46.353837203979495,2.681839378383775,11.91009019182632
P02_L1_03b,0.0,1.5098541666666667,corpus,-46.29876991928808,-47.97059864468045,2.681839378383775,12.417010807738372
P04_L2_14a,0.0,2.244625,corpus,-46.718008858816965,-48.23374981350369,2.681839378383775,8.217727806818125
P02_L2_03a,0.0,1.2697708333333333,corpus,-50.91060992864173,-50.38016849093967,2.681839378383775,14.068176847382926
P04_L2_03a,0.0,1.736375,corpus,-47.7531597970546,-49.265218310885956,2.681839378383775,10.907336631828464
P01_L1_80b,0.0,2.4436666666666667,corpus,-44.677690349641395,-46.0571977297465,2.677809458020402,9.098807260045561
P05_L1_88a,0.0,1.5570625,corpus,-43.47634965945513,-43.989763360274466,2.677809458020402,13.762710404888615
P01_L2_05a,0.0,2.0140833333333332,corpus,-43.86679881840796,-45.02344301011827,2.677807734217484,12.152169842763325
P01_L2_59b,0.0,1.8316458333333334,corpus,-44.93593643271858,-46.267088148328995,2.677807734217484,13.415815379777403
P02_L2_51b,0.0,1.4341458333333332,corpus,-47.78506747159091,-47.889556884765625,2.677807734217484,11.739344760545954
P03_L1_55a,0.0,1.528,corpus,-45.7958984375,-45.894036610921226,2.677807734217484,6.328505737736528
P04_L2_41b,0.0,2.2786875,corpus,-50.3016935649671,-51.07522498236762,2.677807734217484,7.336190690697951
P02_L1_70a,0.0,2.367541666666667,corpus,-49.20248219936709,-52.25657787322998,2.657738812197511,7.038238586403885
P04_L1_70b,0.0,1.955625,corpus,-51.00342295121173,-51.966881561279294,2.6577375442127065,9.079386228565063
P05_L2_70a,0.0,1.5799375,corpus,-47.68703953223893,-49.170487022399904,2.6577375442127065,10.130890190468719
P05_L2_50b,0.0,1.55625,corpus,-47.92101111778846,-48.894797706604,2.6303197155886715,12.21453528122359
P04_L2_76b,0.0,2.120625,corpus,-45.47988834021226,-47.78669437609221,2.6183877730210456,13.142781992915719
P04_L2_47a,0.0,1.919375,corpus,-48.73556009928385,-48.18050665604441,2.61838665895194,10.117863487934585
P04_L2_76a,0.0,1.8570625,corpus,-46.104859711021504,-48.34035050241571,2.61838665895194,7.334715321041845
P02_L2_76a,0.0,1.3290416666666667,corpus,-46.12879244008459,-46.41929646542198,2.618386101917387,11.327224509295156
P04_L2_47b,0.0,2.1539375,corpus,-48.69557140261628,-49.07677540026213,2.618385544882834,9.862020513124403
P02_L2_69b,0.0,1.4978958333333334,corpus,-48.44982747395834,-46.954836463928224,2.618385544882834,12.848057226133694
P04_L1_69b,0.0,1.996375,corpus,-48.9189794921875,-48.4814266204834,2.618385544882834,6.799779144712595
P04_L1_53b,0.0,1.9028125,corpus,-48.72816611842105,-48.997999615139435,2.618385544882834,8.830250515005915
P04_L1_63a,0.0,2.336625,corpus,-50.396563668536324,-50.817359924316406,2.6086210164744914,10.745787929524454
P02_L1_67b,0.0,1.5184375,corpus,-48.892305072985195,-51.541727447509764,2.6086210164744914,10.754096509449056
P04_L2_55a,0.0,1.5974375,corpus,-47.26083068847656,-47.930996365017364,2.601166956340804,9.359235558955863
P02_L1_23b,0.0,1.4370833333333333,corpus,-49.289510091145836,-48.486967606977984,2.601165195073339,11.90026310019083
P01_L1_23a,0.0,2.02075,corpus,-47.26578937190594,-48.92790066112172,2.6011646079841846,9.751304219261936
P02_L2_11b,0.0,1.5565,corpus,-48.49328300280449,-48.14791930349249,2.6011646079841846,13.845125982217422
P01_L2_46a,0.0,1.8331875,corpus,-45.138917349726775,-46.63376757973119,2.6011646079841846,11.572176460092255
P03_L1_63a,0.0,1.36925,corpus,-47.22839088161496,-47.904575529552645,2.59895065450158,5.234584401448718
P01_L1_20a,0.0,1.6941666666666666,corpus,-48.86665010170118,-48.6603639125824,2.5841520303027026,11.2250668299063
P02_L2_36a,0.0,1.4978958333333334,corpus,-45.83782877604167,-45.45921440124512,2.58137443627739,12.92327606935325
P04_L2_09b,0.0,2.2658125,corpus,-45.50562706497797,-46.243576261732315,2.581372715897423,11.785407692580897
P04_L2_48b,0.0,2.09,corpus,-47.73447779605263,-48.36938803536551,2.581372715897423,11.124479595322782
P04_L1_49a,0.0,1.702375,corpus,-49.904331341911764,-51.137934578789604,2.581372715897423,8.920017159959908
P02_L2_36b,0.0,1.5297708333333333,corpus,-46.92312602124183,-47.111613273620605,2.5813709955174566,9.773733564604864
P04_L1_36b,0.0,1.879125,corpus,-47.276273686835104,-47.06325492858887,2.5813709955174566,12.031824133870817
P04_L2_80a,0.0,1.832,corpus,-48.19589950478142,-48.357139110565186,2.5813709955174566,8.918332002553264
P05_L2_76a,0.0,1.5556875,corpus,-44.12203901241987,-45.59975172344007,2.5813709955174566,11.724122713261519
P03_L2_21b,0.0,1.332625,corpus,-49.84525155662594,-47.33995543585883,2.573749434732958,13.580778000384814
P01_L1_72a,0.0,2.0988125,corpus,-43.61440197172619,-46.63282241821289,2.5737464850943277,9.572009321627345
P01_L2_50a,0.0,1.9218958333333334,corpus,-44.067047119140625,-44.17605848312378,2.573743535455698,13.96088189794607
P01_L2_45a,0.0,1.9514375,corpus,-45.08260717147436,-47.013383865356445,2.5722049224886483,12.625947497522745
P04_L2_45a,0.0,1.919375,corpus,-48.982218424479164,-49.455685464959394,2.5722049224886483,9.151420867227884
P02_L2_15a,0.0,1.4758541666666667,corpus,-52.2359619140625,-53.638692474365236,2.5722049224886483,12.262903335383847
P04_L2_32b,0.0,1.6553125,corpus,-50.66271531438253,-51.45761168630499,2.5680487467297155,9.099388328567152
P04_L1_32b,0.0,1.44125,corpus,-48.285190158420136,-47.88847571925113,2.56804736999764,10.877451933234362
P04_L2_32a,0.0,1.99925,corpus,-48.40076171875,-49.52551590768915,2.56804736999764,10.3207389951768
P01_L1_16a,0.0,1.8503958333333332,corpus,-46.6573902027027,-46.970429588766656,2.5614355171857466,8.155676189591084
P01_L2_76a,0.0,1.8806458333333333,corpus,-42.085592066988035,-42.554264871697676,2.5614355171857466,11.117175049221302
P04_L2_16b,0.0,1.9693125,corpus,-45.96441743337564,-46.5305373247932,2.5614355171857466,8.781224244389769
P04_L2_20a,0.0,1.5458125,corpus,-48.07855972782258,-48.16558480262756,2.550780561334601,11.26135416070186
P03_L1_79b,0.0,1.4673125,corpus,-45.111982488307824,-45.04218864440918,2.5507798714108776,10.768562519705497
P04_L2_65a,0.0,2.36525,corpus,-52.34763152689873,-52.3968678350034,2.5507798714108776,6.290211702162811
P01_L1_73b,0.0,1.978875,corpus,-48.04160748106061,-49.62550945281983,2.5507798714108776,8.901883492448594
P05_L1_67a,0.0,1.429125,corpus,-51.69366668487762,-51.269317626953125,2.5507798714108776,11.387707826863227
P01_L2_15a,0.0,1.7691041666666667,corpus,-48.05142677436441,-48.26023445129395,2.5507798714108776,10.290545176057275
P05_L1_23b,0.0,1.8511875,corpus,-47.558203125,-48.14932424371893,2.5507798714108776,10.003489993092725
P05_L1_67b,0.0,1.7243125,corpus,-51.01044694767442,-52.25903377532959,2.5507798714108776,9.305879305071368
P05_L1_38b,0.0,1.6465625,corpus,-48.423638731060606,-47.1645227432251,2.5507798714108776,10.55455086336308
P03_L2_79b,0.0,1.5690625,corpus,-45.50888858479299,-44.58524055480957,2.5507798714108776,10.092674781341888
P05_L1_26a,0.0,1.7724375,corpus,-47.097827286370055,-47.78354027157738,2.5507798714108776,12.798980805078337
P02_L2_42a,0.0,1.4660416666666667,corpus,-49.4649965454932,-48.51601722023704,2.5507798714108776,11.589725516164492
P04_L1_79b,0.0,1.739,corpus,-46.8797537266523,-46.07705116271973,2.5507798714108776,6.370273858674878
P02_L2_78b,0.0,1.4253333333333333,corpus,-48.0740548513986,-48.05486606416248,2.5428477561518745,12.706215833156811
P03_L1_26b,0.0,1.248,corpus,-47.3081015625,-46.91377984909784,2.5422204983538434,10.006061155201284
P03_L1_26a,0.0,1.4635625,corpus,-44.15390223672945,-45.129942848568874,2.5422204983538434,10.83073688440691
P03_L2_69b,0.0,1.5690625,corpus,-47.584192749800955,-47.204892539978026,2.538310194631128,11.430768841326891
P01_L2_87b,0.0,2.0118541666666667,corpus,-46.66316853233831,-47.208665657043454,2.517644482485172,13.222235774464998
P04_L2_72a,0.0,1.8513125,corpus,-47.720059121621624,-49.593017959594725,2.517644482485172,13.503247723143328
P04_L1_51a,0.0,1.8276875,corpus,-48.399702228483605,-48.694068908691406,2.517643729155478,9.093747952081983
P05_L1_66a,0.0,1.3986875,corpus,-45.599888392857146,-44.7729377746582,2.517643729155478,11.695973309826154
P02_L1_74a,0.0,1.6170416666666667,corpus,-45.99857735339506,-47.692583084106445,2.494836758926735,9.737395111054525
P02_L2_74b,0.0,1.4060833333333334,corpus,-46.53864001551418,-46.000777350531685,2.4948345539680314,11.61912915245778
P02_L1_88b,0.0,1.3001875,corpus,-46.18126502403846,-46.08546427676552,2.4948345539680314,9.836513873553798
P02_L2_64a,0.0,1.3704166666666666,corpus,-49.42209597399635,-49.93948516845703,2.4937482557822475,11.263635420099352
P03_L2_68b,0.0,1.4830625,corpus,-43.42953903610642,-44.15101041291889,2.482135227081675,13.041007835905948
P01_L2_19a,0.0,1.6331458333333333,corpus,-47.72222488496933,-48.31945351993336,2.482135227081675,11.140835679245622
P04_L1_87a,0.0,1.754625,corpus,-49.65852120535714,-49.69661312103271,2.4821335652286844,6.03547534517077
P04_L1_25a,0.0,1.98375,corpus,-45.52774325284091,-45.762915442971625,2.4821335652286844,9.672793836710547
P04_L1_10a,0.0,1.9609375,corpus,-48.877859933035715,-50.42051736932052,2.4821331497654366,11.988597110519864
P01_L2_04a,0.0,1.694375,corpus,-45.13860831176036,-45.9505749752647,2.4821329420338127,10.72260555905287
P04_L1_81b,0.0,1.6055625,corpus,-49.76794812694099,-49.40749969482422,2.482132838168001,10.081332296662303
P04_L2_36b,0.0,2.031125,corpus,-47.5123874307266,-48.09225845336914,2.482132786235095,12.442430146069661
P04_L1_58b,0.0,2.7021875,corpus,-48.98985460069444,-50.75044341314407,2.482132734302189,6.1799147302421815
P04_L2_01a,0.0,1.6765625,corpus,-47.44548107328869,-47.292093912760414,2.482132734302189,11.974133408125162
P04_L2_01b,0.0,1.8191875,corpus,-49.61508413461539,-49.40466329786513,2.482132734302189,8.889258777661649
P05_L1_19b,0.0,1.7330625,corpus,-43.506779488800575,-45.72035127527573,2.482132734302189,11.253491995270828
P04_L2_87a,0.0,1.6433125,corpus,-47.98900771722561,-48.94802112579346,2.4821319033756937,10.042294256386825
P04_L2_64a,0.0,1.9424375,corpus,-46.83902323614691,-46.947949981689455,2.4821319033756937,11.358909436622948
P02_L1_49a,0.0,1.3484375,corpus,-49.65838035300926,-49.08325216505263,2.4821319033756937,8.074391198423047
P01_L2_72b,0.0,1.7494375,corpus,-47.684363839285716,-47.58407287597656,2.4821319033756937,14.579205538112241
P01_L1_44b,0.0,1.6621041666666667,corpus,-46.33654638083584,-49.91404242264597,2.4821319033756937,7.956135200464125
P01_L2_32b,0.0,1.882375,corpus,-42.86110216505984,-44.66521574321546,2.4821319033756937,13.071581707608658
P01_L2_64b,0.0,1.8927083333333334,corpus,-45.62318638392857,-46.492006874084474,2.4821319033756937,12.30589286710942
P05_L2_49b,0.0,1.811375,corpus,-47.592406552140886,-49.916233486599396,2.4821319033756937,13.010594914534249
P04_L1_64b,0.0,2.269875,corpus,-45.65967011976872,-46.89586143493652,2.4821285796697117,9.48563180958515
P03_L2_04a,0.0,1.4185625,corpus,-44.51605826364437,-44.800555078606855,2.4791753661749407,3.4900658193062313
P02_L2_64b,0.0,1.4341666666666666,corpus,-49.20980386800699,-49.544149780273436,2.467397115038942,13.563154450943166
P01_L2_77b,0.0,2.1868125,corpus,-42.26222263841324,-44.79458634749703,2.4574918672895136,13.34234453174561
P01_L2_26a,0.0,1.7672291666666666,corpus,-47.54257150423729,-47.62138929821196,2.4574918672895136,11.494316164942386
P05_L1_77a,0.0,1.6300625,corpus,-47.075315136119634,-47.75516493424125,2.4574918672895136,11.994087641043691
P04_L2_16a,0.0,1.524625,corpus,-48.1567961040296,-49.18312252269072,2.4574918672895136,7.7941407107733305
P04_L2_35b,0.0,2.3861875,corpus,-48.50463765036611,-48.746277895840734,2.4574918672895136,9.769958332469901
P04_L2_52b,0.0,2.192625,corpus,-46.37015286101598,-47.96366480777138,2.4574918672895136,8.98054446941211
P04_L1_44a,0.0,2.025,corpus,-46.87744862222906,-47.46989541304739,2.4574918672895136,14.255183424030502
P04_L2_43a,0.0,1.89175,corpus,-48.749819155092595,-49.69892482757568,2.4574900553737002,9.716868932945964
P02_L1_21a,0.0,1.5814375,corpus,-44.58669773536393,-44.11909834543864,2.4574900553737002,9.70253378258304
P01_L2_18a,0.0,1.5960416666666666,corpus,-48.56511535644531,-50.135461021872125,2.4574891494157938,7.2887505643383825
P04_L1_62a,0.0,1.5128125,corpus,-51.733359633692054,-51.874189477217826,2.4574891494157938,4.491296726481167
P01_L1_56a,0.0,1.6043541666666667,corpus,-47.478399658203124,-46.84211285909017,2.4574891494157938,10.622337406663245
P04_L1_14a,0.0,1.7424375,corpus,-48.63082008800287,-49.07037586636014,2.4574891494157938,11.160433848975117
P04_L2_84b,0.0,2.0423125,corpus,-48.349815219056374,-50.17096987637606,2.4574891494157938,9.19864948401801
P01_L1_84a,0.0,1.6831458333333333,corpus,-48.6214105515253,-48.390892028808594,2.4574891494157938,7.483702963528252
P01_L2_08b,0.0,1.7691041666666667,corpus,-48.08282022422316,-49.082299126519096,2.4574882434578873,13.460283532176653
P03_L2_08b,0.0,1.9129375,corpus,-49.16848003926702,-48.27696842617459,2.4574882434578873,3.4634738052799108
P03_L1_82b,0.0,1.4415625,corpus,-45.152804904513886,-45.540890543084394,2.4574882434578873,9.902882757235208
P04_L2_17b,0.0,1.821125,corpus,-48.0778567135989,-48.16288958097759,2.4574882434578873,11.234799952113708
P04_L1_58a,0.0,1.9278125,corpus,-48.386688390544045,-48.501138051350914,2.4574882434578873,4.128978066416078
P03_L1_10b,0.0,1.7121875,corpus,-46.25491707785088,-44.79187614039371,2.4574882434578873,9.229025072547461
P01_L1_54a,0.0,1.7161041666666668,corpus,-47.99809229651163,-48.935157575105364,2.4574882434578873,9.17073237451039
P04_L2_63a,0.0,1.7660625,corpus,-49.48086047846045,-49.66498765491304,2.4574882434578873,11.213422460574563
P02_L1_33a,0.0,2.3993125,corpus,-42.54525553385417,-48.894323921203615,2.4574882434578873,13.041662925353261
P01_L2_66b,0.0,1.6179583333333334,corpus,-46.10480866608796,-47.22267108493381,2.4574882434578873,14.764027603634904
P03_L2_08a,0.0,1.5475625,corpus,-46.91648185483871,-48.398907873365616,2.4574882434578873,14.099620259025977
P04_L2_53a,0.0,2.066125,corpus,-47.487281099033815,-48.509871588812935,2.4574882434578873,8.921524330746731
P01_L1_90a,0.0,2.0040833333333334,corpus,-43.7933984375,-45.64652943611145,2.4574882434578873,9.659920636763463
P03_L1_35b,0.0,1.530875,corpus,-45.76284530739379,-46.041416515003554,2.4574882434578873,10.259777242081064
P01_L1_30a,0.0,1.9199375,corpus,-50.04991658528646,-50.828655589710586,2.4574882434578873,8.99730265366162
P01_L1_65a,0.0,2.54,corpus,-46.95414385457677,-48.79386271601138,2.4574882434578873,8.175875126561717
P01_L2_40b,0.0,1.8273125,corpus,-48.156575520833336,-48.338421871787624,2.4574882434578873,13.646243826638052
P05_L1_28a,0.0,1.5415,corpus,-47.11290711241883,-47.69828235401827,2.4574882434578873,10.388137062804553
P04_L1_18a,0.0,1.6455625,corpus,-50.55281723484848,-52.54919994578642,2.4574882434578873,9.634231262282853
P04_L1_61a,0.0,2.143125,corpus,-49.49182242990654,-49.03451291252585,2.4574882434578873,6.65150524239726
P01_L2_10b,0.0,2.3352083333333336,corpus,-48.14819127270299,-48.626953526547084,2.4574846196262605,12.583636905685156
P05_L1_37b,0.0,1.6285,corpus,-45.5841461368865,-48.72479076385498,2.4342730828116133,12.226157766466159
P03_L2_27a,0.0,1.3755625,corpus,-43.46550186820652,-42.618030457269576,2.434272059540013,15.12366635499022
P05_L2_37b,0.0,1.55625,corpus,-45.84645745693109,-47.182399368286134,2.434268989725212,9.77716818951546
P03_L1_09a,0.0,1.2891875,corpus,-45.04066360828488,-43.703293058607315,2.4318530695039544,6.751376051236058
P03_L1_29b,0.0,1.5510625,corpus,-45.669351688508065,-47.59470948718843,2.431851796648477,9.988461987235425
P02_L2_17a,0.0,1.2833541666666666,corpus,-49.34640121459961,-48.914290377968236,2.4310045452884013,10.29478776706377
P03_L2_54a,0.0,1.4400625,corpus,-44.90491400824653,-44.436457985325866,2.4310039814845266,10.293246355191684
P04_L2_07a,0.0,2.0751875,corpus,-50.0767587515024,-50.64203281402588,2.4310039814845266,10.370283129843461
P05_L1_12b,0.0,1.93,corpus,-47.145689969235754,-47.994717025756835,2.431003699582589,11.549751668351817
P05_L1_56a,0.0,1.5615,corpus,-46.52623885717147,-45.77575164371066,2.431003699582589,10.56868668062333
P04_L2_12b,0.0,2.0751875,corpus,-48.86215444711539,-49.082092094421384,2.431003699582589,12.98147500217597
P03_L2_20b,0.0,1.203625,corpus,-47.3078125,-45.97275114059448,2.431003699582589,11.381397176211278
P05_L1_17b,0.0,1.969375,corpus,-44.04589348032995,-45.310554905941615,2.431003699582589,12.694681101086935
P03_L2_62b,0.0,1.5045625,corpus,-46.033268229166666,-47.69986343383789,2.4310034881561364,9.986519825032445
P03_L2_90a,0.0,2.020375,corpus,-44.58677869740099,-47.38720369338989,2.431003417680652,1.139009073033332
P02_L1_71a,0.0,1.6805833333333333,corpus,-51.383126395089285,-51.402832212902254,2.431003417680652,6.484726188367741
P02_L2_31b,0.0,1.2907291666666667,corpus,-48.82105438468992,-48.282679106059824,2.431003417680652,10.29852402529825
P04_L1_87b,0.0,1.923125,corpus,-49.310384114583336,-49.292236709594725,2.431003417680652,9.095735511436754
P03_L2_51b,0.0,1.4830625,corpus,-46.67065099767736,-45.20236617640445,2.431003417680652,8.630626889522652
P05_L1_73b,0.0,1.569125,corpus,-48.35358404657644,-46.62643604278564,2.431003417680652,7.049206840311157
P01_L2_68b,0.0,2.2285208333333335,corpus,-47.050890730100896,-48.18487629137541,2.431003417680652,12.712180606867754
P02_L2_33a,0.0,1.4341666666666666,corpus,-49.73396525349651,-49.75326156616211,2.431003417680652,6.511235697612371
P02_L1_52a,0.0,1.517,corpus,-48.46275570518092,-49.897489848889805,2.431003417680652,11.491149654761902
P04_L2_66a,0.0,1.9965,corpus,-47.5236083984375,-47.96187316046821,2.431003417680652,7.889304570490012
P02_L1_90a,0.0,1.2363541666666666,corpus,-44.55757387222782,-44.92873787879944,2.431003417680652,7.302304444333288
P04_L1_61b,0.0,1.7304375,corpus,-49.957584447254334,-50.03887356028837,2.431003417680652,10.106891208856037
P05_L1_58a,0.0,1.6381875,corpus,-48.6917754382622,-48.99770246233259,2.431003417680652,11.471271060274884
P04_L2_43b,0.0,1.82725,corpus,-49.17625619023224,-49.79872913360596,2.431003417680652,10.990282904121216
P05_L1_39a,0.0,1.96325,corpus,-49.45901426977041,-49.015290000221945,2.431003417680652,14.088426958958138
P05_L2_16a,0.0,1.4569375,corpus,-44.166811590325345,-47.31016159057617,2.431003417680652,10.780019736541774
P01_L2_52a,0.0,2.2251666666666665,corpus,-45.9517455507287,-48.17881232813785,2.431003417680652,14.390345461763355
P01_L2_17a,0.0,1.4970625,corpus,-48.17788736979167,-48.22603406404194,2.431003417680652,10.23560674191873
P04_L2_34a,0.0,1.71975,corpus,-50.253730241642444,-50.44765010632967,2.431003417680652,4.222156933833613
P01_L1_52a,0.0,1.74975,corpus,-47.09579799107143,-48.58918641742907,2.431003417680652,10.854065613614463
P03_L2_60b,0.0,1.4185625,corpus,-49.10545155699824,-48.84482507144703,2.431003417680652,9.918756655364259
P04_L1_25b,0.0,1.8841875,corpus,-46.21882272273936,-46.28636371388155,2.431003417680652,8.92222592843449
P04_L1_41b,0.0,2.1163125,corpus,-47.684363023290096,-47.79863018459744,2.431001162465153,7.144450211464466
P01_L2_59a,0.0,1.7095416666666667,corpus,-45.9028777183845,-45.487778981526695,2.4278258000620867,13.501804618321987
P01_L1_40a,0.0,1.7447291666666667,corpus,-48.43208961925287,-49.03384218717876,2.427824701283293,5.680064260558925
P03_L2_71b,0.0,1.6765,corpus,-48.41442580450149,-48.73192124139695,2.4278236025044997,11.076381226102207
P01_L2_89a,0.0,2.405479166666667,corpus,-49.846756677904565,-49.41701993075284,2.4278236025044997,3.523948881151746
P04_L1_89a,0.0,2.099625,corpus,-48.07162853422619,-48.227758927778765,2.4278236025044997,10.177048407346462
P05_L2_78b,0.0,1.500125,corpus,-50.248203125,-51.029595329647975,2.392218409560536,11.547799801304762
P04_L1_90a,0.0,1.760875,corpus,-49.42304576526988,-50.38880753517151,2.388605318644152,10.851392476151226
P03_L2_59a,0.0,1.5045625,corpus,-45.239733072916664,-45.253499348958336,2.388605318644152,8.306904137410491
P05_L1_16b,0.0,1.7724375,corpus,-45.74331302966102,-50.28354510139017,2.388603594841234,11.517120490310074
P05_L2_31b,0.0,1.6838125,corpus,-44.096046084449405,-46.577898125899466,2.388603594841234,13.55457324317424
P03_L1_02a,0.0,1.5246458333333333,corpus,-50.27267937911184,-48.873383140563966,2.3886027329397748,9.940865471122578
P01_L2_60b,0.0,1.6484791666666667,corpus,-50.4316347064394,-49.72373962402344,2.3886018710383157,13.7020032035797
P04_L1_89b,0.0,2.098,corpus,-49.57391648065476,-48.624668468128554,2.3886018710383157,8.444651689216034
P04_L1_75a,0.0,1.8894375,corpus,-51.45585834160053,-51.37297058105469,2.3886018710383157,8.788362221774069
P03_L1_35a,0.0,1.631625,corpus,-46.461114239838956,-48.58427637273615,2.381774061411656,10.206179653523817
P05_L1_65a,0.0,1.82975,corpus,-47.472047899590166,-47.07307997993801,2.381372241599712,6.515408575988491
P01_L2_73a,0.0,1.968125,corpus,-47.58153057582487,-48.287912368774414,2.3804940518336313,11.04365682771898
P04_L1_15b,0.0,1.990375,corpus,-52.62856273555276,-53.75605926513672,2.3804926275592853,10.29964446311735
P05_L1_78a,0.0,1.599625,corpus,-45.89541320800781,-47.4937489827474,2.3804926275592853,11.28128757539389
P01_L2_51a,0.0,1.7444791666666666,corpus,-46.12835342582615,-46.81134133589895,2.3804926275592853,13.263701230813076
P05_L2_56b,0.0,1.7496875,corpus,-45.20919642857143,-46.872090869479706,2.3804926275592853,13.443901329680369
P05_L1_89a,0.0,1.6296875,corpus,-47.14217971146472,-47.210298711603336,2.3804926275592853,14.913196307853532
P01_L1_15b,0.0,2.0971041666666665,corpus,-49.446665736607144,-50.80380420684814,2.3804926275592853,6.971012497118892
P04_L1_78b,0.0,1.856,corpus,-49.160355762768816,-48.86111577351888,2.3804926275592853,4.8776688314113095
P03_L2_89b,0.0,1.5475625,corpus,-45.49512348790323,-45.49625205993652,2.3804926275592853,11.171076657957279
P01_L1_60a,0.0,1.7000208333333333,corpus,-49.37720588235294,-49.44494696224437,2.3804926275592853,8.861694773657348
P02_L2_15b,0.0,1.7612916666666667,corpus,-48.04474431818182,-50.794294929504396,2.3804926275592853,10.639051995667103
P01_L1_02b,0.0,1.582,corpus,-47.492246217365505,-46.88802299499512,2.3804926275592853,8.92010893704531
P05_L1_61b,0.0,1.862,corpus,-47.4397943968414,-47.56480026245117,2.3804926275592853,10.186736910966243
P02_L1_78b,0.0,1.6819583333333334,corpus,-47.238316127232146,-49.57269505092076,2.3804926275592853,8.268038469167454
P02_L2_78a,0.0,1.3675625,corpus,-49.80955962020985,-49.827744801839195,2.3804919154221125,13.362233613477382
P03_L1_62a,0.0,1.1708125,corpus,-45.18421975160256,-45.87950596056486,2.374930086243825,10.141732799009478
P02_L1_35a,0.0,1.66125,corpus,-45.86749341114458,-47.99052429199219,2.374930086243825,13.615015972480741
P03_L1_32a,0.0,1.349625,corpus,-43.870934606481484,-44.42477035522461,2.374930086243825,11.490012455651005
P05_L2_32a,0.0,1.58175,corpus,-46.27059434335443,-46.98392586959036,2.374930086243825,10.683000497755408
P03_L1_53b,0.0,1.3295625,corpus,-45.72627246828007,-46.35923279656304,2.37492861142451,11.20603109808751
P02_L1_53b,0.0,1.2762083333333334,corpus,-51.570457458496094,-52.16471036275228,2.37492861142451,9.83772934295466
P02_L2_53a,0.0,1.16325,corpus,-48.08490621632543,-47.67083401150174,2.37492861142451,13.48348303422415
P02_L1_42b,0.0,1.7488958333333333,corpus,-51.204296875,-49.23693223433061,2.37492861142451,6.0292073454091515
P02_L1_53a,0.0,1.1076666666666666,corpus,-52.88672754786036,-52.06314171685113,2.37492861142451,7.631855077386273
P03_L1_42b,0.0,1.6066875,corpus,-45.99270610927795,-45.34617536718195,2.37492861142451,10.361198350718912
P02_L2_53b,0.0,1.258875,corpus,-48.88206070188492,-48.460383309258354,2.3749278740148525,12.431841947391078
P02_L1_57a,0.0,1.6819791666666666,corpus,-44.32545107886905,-48.069907917695886,2.3749271366051947,11.573537262547937
P05_L2_62a,0.0,1.61425,corpus,-46.062851805124225,-48.41836929321289,2.3749271366051947,13.348067135333217
P02_L1_50a,0.0,1.5651458333333332,corpus,-46.188000721536625,-46.28662338256836,2.3749271366051947,8.360501298721179
P02_L2_84a,0.0,1.483125,corpus,-46.611374313766895,-46.94072671370073,2.374924186966565,8.10903460811107
P02_L2_70a,0.0,1.4819791666666666,corpus,-47.81351615287162,-47.833740615844725,2.36513300234485,7.471373030919668
P03_L1_84a,0.0,1.338625,corpus,-47.438203270755594,-46.506107330322266,2.36513300234485,8.26172811961986
P02_L1_71b,0.0,1.7296666666666667,corpus,-49.90823134934971,-50.85442170642671,2.36513300234485,5.898713780738419
P02_L2_71a,0.0,1.4182083333333333,corpus,-50.50872029049296,-50.666405087425595,2.36513300234485,10.447733595252462
P02_L2_71b,0.0,1.5935208333333333,corpus,-50.41687242040094,-50.124249594552175,2.36513300234485,7.326123435242241
P02_L2_19b,0.0,1.3154166666666667,corpus,-48.08810517282197,-48.32701851339901,2.354345379491634,12.390038205693262
P02_L1_12a,0.0,2.227520833333333,corpus,-45.49462671664798,-47.99557094573974,2.3379182966860483,12.281546039034406
P01_L1_78b,0.0,1.8452291666666667,corpus,-45.575607052364866,-46.3493784949893,2.3379182966860483,10.216584758960789
P05_L2_05b,0.0,1.6464375,corpus,-42.67456794507576,-44.742696126302086,2.3253855423408756,14.098268056743095
P05_L2_05a,0.0,1.6833125,corpus,-43.915960402715776,-47.118896908230255,2.3253855423408756,12.355368949687161
P02_L2_63b,0.0,1.4182291666666667,corpus,-46.72715050066021,-47.179493313743954,2.3253855423408756,10.677346571035958
P05_L1_05b,0.0,1.4966875,corpus,-43.663671875,-44.822998682657875,2.2927428484996386,10.40145758596283
P03_L1_76a,0.0,1.596,corpus,-44.9095458984375,-47.2052839178788,2.292739407739705,12.898658723998345
P01_L1_36a,0.0,1.8745208333333334,corpus,-45.35369840407754,-48.10568141937256,2.292739407739705,10.81434811663117
P01_L1_36b,0.0,1.5485208333333333,corpus,-46.318671244959674,-46.85214118957519,2.292739407739705,9.693898168066621
P05_L1_75a,0.0,1.569125,corpus,-48.85085340366242,-49.32404496934679,2.2662463150227605,10.536624982066648
P05_L1_42b,0.0,1.800375,corpus,-46.350634765625,-47.54400357333097,2.2662424964563277,8.681246042273184
P05_L2_75a,0.0,1.722375,corpus,-45.96600199854651,-50.6124390496148,2.2662412236008502,13.81189446630194
P05_L2_14a,0.0,1.4990625,corpus,-48.12682291666667,-48.65313190884061,2.2662412236008502,9.555506687807704
P05_L2_45a,0.0,1.55625,corpus,-46.44564741085737,-47.845635865864004,2.2662412236008502,10.80009906034121
P01_L1_45b,0.0,1.8268125,corpus,-45.156282018442624,-47.510248485364414,2.2596649396850017,7.881055292933478
P02_L1_03a,0.0,1.5098541666666667,corpus,-44.20553406974338,-46.01596556769477,2.2596649396850017,14.48200010483233
P02_L2_44a,0.0,1.3385416666666667,corpus,-47.941843516791046,-47.13851667705335,2.2596649396850017,11.706165148578656
P02_L2_03b,0.0,1.6384166666666666,corpus,-47.24547148913872,-49.253384060329864,2.2596649396850017,14.795086762278295
P02_L2_04a,0.0,1.6793541666666667,corpus,-49.84994652157738,-51.61928417808131,2.247147832402525,14.005758667473962
P02_L1_04a,0.0,1.5098541666666667,corpus,-47.50728864859271,-48.07304322092157,2.2471437111649637,14.18412808329932
P02_L2_04b,0.0,1.5155208333333334,corpus,-52.498117547286185,-51.61777536492599,2.2471437111649637,13.652747490797953
P04_L2_02a,0.0,1.71525,corpus,-48.25136832303779,-48.85314674377442,2.2445663408663368,7.326706525371854
P03_L1_70b,0.0,1.4158125,corpus,-47.78717814700704,-49.21615409851074,2.232273801861427,9.640511250615333
P03_L2_70a,0.0,1.5475625,corpus,-47.46781439012097,-47.54214591979981,2.232272850872824,10.400649472804595
P02_L2_23b,0.0,1.4183125,corpus,-51.22160747689261,-51.44343393499201,2.2210146121180294,8.88382257578116
P03_L2_02b,0.0,1.354125,corpus,-46.62921730324074,-47.5029317855835,2.2130488319657897,10.422201339180539
P01_L2_48a,0.0,1.7740416666666667,corpus,-46.684879281426554,-47.79243996029808,2.2106938395421807,13.159535828882053
P05_L1_48b,0.0,1.8999375,corpus,-49.66898643092105,-48.07310558500744,2.2106927621509582,8.787422062666963
P04_L1_48b,0.0,1.9499375,corpus,-48.54015925480769,-49.15024512154715,2.2106927621509582,10.236121802550851
P01_L1_45a,0.0,1.6621041666666667,corpus,-48.14519307699548,-48.96944226716694,2.2106927621509582,8.327035336898213
P01_L1_17a,0.0,1.5625416666666667,corpus,-50.47086275540865,-51.32261818333676,2.2106927621509582,11.60150080781186
P03_L2_55a,0.0,1.3970625,corpus,-48.39662039620536,-47.166006088256836,2.2071784695536305,11.503290948689031
P02_L2_23a,0.0,1.5042708333333332,corpus,-50.993167317708334,-51.01229580965909,2.2071767082861657,13.021733334338563
P01_L1_55b,0.0,1.918,corpus,-46.310892740885414,-46.72072007921007,2.2071761211970107,7.262070300738479
P02_L1_56b,0.0,1.5454375,corpus,-46.961369077620965,-47.50205400254991,2.2071761211970107,10.914230993915488
P01_L2_23b,0.0,2.060229166666667,corpus,-44.10805711468446,-45.60675551674583,2.2071761211970107,13.219577722685827
P02_L2_41b,0.0,1.3545,corpus,-48.49430700231481,-47.44843398200141,2.2071761211970107,8.81842364269977
P05_L1_28b,0.0,1.739125,corpus,-47.832805765086206,-51.427060295553765,2.2071761211970107,9.161963777302283
P01_L1_11b,0.0,1.3807708333333333,corpus,-47.70964603147645,-47.681490446391855,2.2071761211970107,6.6840276570370385
P02_L1_26b,0.0,1.8815,corpus,-45.80458880485372,-46.93749782017299,2.2071737728403913,12.305018773004694
P02_L2_55b,0.0,1.3863541666666668,corpus,-48.05260088803957,-47.35755941602919,2.2071737728403913,13.593249883336828
P01_L1_86b,0.0,1.7330208333333332,corpus,-44.72394892521676,-44.931703667891654,2.2071737728403913,8.700364436974294
P04_L1_24b,0.0,1.7305,corpus,-47.53073631683526,-47.59078417326275,2.203322827088485,10.756732314056574
P02_L1_58a,0.0,1.6349583333333333,corpus,-49.496933355564025,-49.71724319458008,2.2033203343089984,11.139340209058492
P04_L1_80a,0.0,2.160875,corpus,-48.38624403211806,-48.30644655227661,2.2033201265773745,8.884347902396524
P04_L1_06b,0.0,1.920125,corpus,-49.5322011311849,-50.14132630197626,2.2033199188457506,14.274867877838096
P04_L2_42b,0.0,2.02075,corpus,-49.95201790686881,-50.262393951416016,2.2033199188457506,11.870779014973845
P04_L2_59b,0.0,1.788875,corpus,-49.246862997555866,-50.20795589023166,2.2033199188457506,12.216593281990843
P03_L2_15a,0.0,1.5905,corpus,-48.39393548545598,-50.18754482269287,2.203319503382503,12.335640976932243
P04_L1_72b,0.0,1.85375,corpus,-47.54409311655405,-47.89971485137939,2.203319503382503,10.711060526398011
P03_L2_72a,0.0,1.4400625,corpus,-46.342139350043404,-44.856607627868655,2.203319503382503,13.962126319921612
P04_L1_17a,0.0,1.82675,corpus,-48.58907530737705,-48.499574159321035,2.203319503382503,2.743281126287613
P02_L1_01a,0.0,1.4673125,corpus,-45.40097191220238,-45.80944718254937,2.203319503382503,14.310327670528416
P01_L1_19a,0.0,1.8353333333333333,corpus,-45.83936077615489,-48.25721449010513,2.203319503382503,10.070958898852854
P03_L2_72b,0.0,1.5260625,corpus,-44.91265829248366,-43.24534378051758,2.203319503382503,15.221979862508881
P01_L1_49b,0.0,1.8507083333333334,corpus,-46.705152027027026,-49.59887356228299,2.203319503382503,9.127943529489475
P02_L1_15b,0.0,2.1586458333333334,corpus,-53.05754937065972,-51.01863384246826,2.2018706115281756,1.7444861558044167
P02_L1_63b,0.0,1.5010416666666666,corpus,-51.054423828125,-51.157979874383834,2.1739181589998533,6.778719003498907
P03_L1_81b,0.0,1.4415625,corpus,-45.16277737087674,-46.702768325805664,2.1739181589998533,10.92324628093315
P03_L2_81a,0.0,1.3540625,corpus,-45.006206597222224,-44.89287967681885,2.1739181589998533,10.373716106718192
P03_L2_03a,0.0,1.203625,corpus,-46.04781494140625,-45.32415411207411,2.1739181589998533,7.637548810233351
P01_L2_50b,0.0,1.7740416666666667,corpus,-46.09323137358757,-46.883109664916994,2.153503127459908,14.019590807700368
P05_L1_66b,0.0,1.484875,corpus,-48.1129051414696,-46.91923628913032,2.153503127459908,9.816265133599458
P04_L1_44b,0.0,1.667625,corpus,-48.00835048652694,-48.455147191097865,2.153503127459908,11.822624888244352
P03_L2_57a,0.0,1.5260625,corpus,-45.34209686478758,-44.79849198285271,2.153503127459908,11.587990673446456
P03_L2_12a,0.0,1.5045625,corpus,-45.881848958333336,-45.97581958770752,2.153503127459908,13.116877126992758
P01_L1_77b,0.0,1.9449791666666667,corpus,-47.05287960737179,-47.46717063240383,2.153503127459908,8.678424254752027
P01_L2_90a,0.0,2.0556041666666665,corpus,-46.73838554308252,-48.15816354751587,2.1535013155440947,5.114100969868456
P04_L1_83a,0.0,1.8720625,corpus,-47.821795621657756,-48.9975717332628,2.1535013155440947,11.107362787825853
P01_L2_78b,0.0,1.8369166666666668,corpus,-45.42505944293478,-46.68797792707171,2.1535013155440947,14.265576751070505
P01_L2_66a,0.0,1.6790208333333334,corpus,-46.36599876767113,-47.36634508768717,2.1535013155440947,12.903506521451348
P01_L1_20b,0.0,1.6471041666666666,corpus,-48.259647253787875,-48.880836486816406,2.1535006360756648,9.147867767279827
P04_L2_56b,0.0,1.8783125,corpus,-48.818935962433514,-50.7970937093099,2.1535004095861883,11.8708645865824
P03_L1_56a,0.0,1.4883125,corpus,-41.21282180683725,-43.06718529595269,2.1535004095861883,11.21221198934197
P04_L1_66b,0.0,1.7475,corpus,-44.779757254464286,-45.96242586771647,2.1535004095861883,11.819033785509653
P01_L2_49a,0.0,1.6262291666666666,corpus,-48.137111172354295,-48.72105492485894,2.153499956607235,9.787302174885316
P03_L1_75b,0.0,1.4930625,corpus,-47.26455667994966,-47.70675426059299,2.153499503628282,5.900045930753031
P01_L1_63a,0.0,1.62,corpus,-47.32080379533179,-48.29087811424618,2.153499503628282,9.833933225352872
P04_L1_77a,0.0,1.9318125,corpus,-48.40060314119171,-48.511109891145125,2.153499503628282,12.144381460653875
P03_L1_80b,0.0,1.5703125,corpus,-45.10278475816083,-46.20010248819987,2.153499503628282,10.958143266539306
P01_L2_28a,0.0,1.5989375,corpus,-48.21190490722656,-49.38783196841969,2.153499503628282,12.672421390944152
P01_L2_77a,0.0,1.7494375,corpus,-46.658306361607146,-46.09899388188901,2.153499503628282,13.970934641018484
P01_L2_17b,0.0,1.5712916666666668,corpus,-47.20373457404459,-46.59485545911287,2.153499503628282,11.080072506653387
P01_L2_54a,0.0,1.6485,corpus,-44.37428977272727,-44.9624675951506,2.153499503628282,14.434844061794138
P02_L1_26a,0.0,1.6055416666666666,corpus,-47.71826171875,-48.04610406784784,2.153499503628282,8.364588878520461
P03_L2_77a,0.0,1.4400625,corpus,-48.420491536458336,-48.03553490016771,2.153499503628282,9.50845068626089
P01_L2_48b,0.0,1.86275,corpus,-44.980043472782256,-46.85178738548642,2.153499503628282,13.477974285318254
P04_L2_08a,0.0,2.032875,corpus,-47.525275169334975,-49.032482359144424,2.153499503628282,12.262341982609314
P03_L2_74a,0.0,1.5045625,corpus,-44.221728515625,-44.319466484917534,2.153499503628282,10.403040875544427
P01_L2_14b,0.0,2.016770833333333,corpus,-49.08838857518565,-49.52080641852485,2.153499503628282,12.696499812046785
P03_L1_17b,0.0,1.6115,corpus,-43.120335549301245,-44.640490481728,2.153499503628282,8.932210943830125
P04_L2_09a,0.0,1.9058125,corpus,-45.272333115183244,-46.28471268547906,2.153499503628282,11.9464657719397
P01_L2_36a,0.0,2.0535,corpus,-47.32852515243903,-48.414453125,2.153499503628282,12.95863983648124
P03_L1_42a,0.0,1.546375,corpus,-47.945977192540326,-46.67157554626465,2.153499503628282,10.827315975792924
P04_L1_82b,0.0,1.8456875,corpus,-47.41030933277027,-48.81250903480932,2.153499503628282,9.625843390531372
P03_L1_20b,0.0,1.3093125,corpus,-42.846687142175576,-43.91365718841553,2.153499503628282,8.47584274906146
P03_L1_20a,0.0,1.389875,corpus,-44.99170624437949,-44.74161720275879,2.153499503628282,10.268482548698081
P01_L2_55b,0.0,1.8621666666666667,corpus,-47.15225449428763,-47.291570875379776,2.153499503628282,12.726217268009961
P03_L1_82a,0.0,1.57025,corpus,-45.49966100218949,-45.53030194734272,2.153499503628282,12.629439955487314
P04_L1_84b,0.0,1.9570625,corpus,-50.612424266581634,-51.50925775007768,2.153499503628282,8.748672076311166
P01_L2_74b,0.0,1.7494583333333333,corpus,-48.63475446428571,-48.848729875352646,2.153499503628282,15.8143839550318
P03_L2_14b,0.0,1.4185625,corpus,-47.707773987676056,-47.478348626030815,2.153499503628282,11.920105863451806
P03_L2_74b,0.0,1.4615625,corpus,-43.19709506100171,-43.06460507710775,2.124906427265632,12.29777296552778
P02_L1_74b,0.0,1.6843541666666666,corpus,-44.710928780691965,-46.715754403008354,2.124906427265632,9.08334444805729
P02_L1_89b,0.0,1.6269166666666666,corpus,-49.177761335314415,-48.73297830061479,2.124906427265632,7.586945746401554
P05_L2_30b,0.0,1.709375,corpus,-47.82677722953216,-49.434653368863195,2.121346227036125,14.016894499644941
P03_L1_21a,0.0,1.51075,corpus,-45.11737828538907,-45.582770665486656,2.1210883437807952,0.5759205893824699
P05_L2_61a,0.0,1.4425625,corpus,-45.35369533962674,-46.3664119944853,2.1093449163528635,7.3101301943844454
P02_L2_55a,0.0,1.4182291666666667,corpus,-50.372548277948944,-49.928801430596245,2.106093870949048,10.126404299006296
P02_L2_39a,0.0,1.6413125,corpus,-52.685862471417686,-51.46465457569469,2.1060931825830105,9.315178537728876
P05_L1_62a,0.0,1.2261875,corpus,-47.814639704014226,-47.93830670808491,2.102346477817821,12.946693551477086
P03_L1_59b,0.0,1.349375,corpus,-44.52135416666667,-44.76589817470975,2.099399455464984,11.000963468653886
P04_L1_86a,0.0,1.73525,corpus,-50.291644216954026,-50.13302552072626,2.099397731662066,10.16529860262349
P05_L1_01b,0.0,1.53375,corpus,-49.49951171875,-48.86768404642741,2.099397731662066,7.163433640825641
P05_L2_24a,0.0,1.836875,corpus,-42.00196639351223,-45.51605224609375,2.0993968697606067,11.438559870971801
P01_L1_31b,0.0,1.5979166666666667,corpus,-44.76241760253906,-45.138883891858555,2.0993968697606067,8.02402656557068
P01_L2_27b,0.0,1.8794583333333332,corpus,-45.682076961436174,-46.5993906656901,2.0993960078591476,13.62499432967922
P03_L1_55b,0.0,1.42875,corpus,-46.90478174169581,-46.26429642571343,2.0993960078591476,8.588688582503899
P01_L1_72b,0.0,2.0988125,corpus,-44.03132905505952,-45.0571382522583,2.0993960078591476,8.120845526078824
P04_L2_28a,0.0,1.821125,corpus,-48.66905799278846,-50.26893660601448,2.0993960078591476,10.941529043008984
P04_L2_55b,0.0,1.9968125,corpus,-47.5670556640625,-48.792309019300674,2.0993960078591476,11.255832299665276
P04_L1_07a,0.0,2.124375,corpus,-49.045447007665096,-49.58426361083984,2.0993960078591476,7.906454867672078
P05_L1_31a,0.0,1.8971875,corpus,-46.48043791118421,-49.18991209331312,2.0993960078591476,11.735109820415158
P03_L1_60b,0.0,1.42875,corpus,-44.85288393247377,-46.71000738704906,2.0993960078591476,11.130830788981996
P03_L1_84b,0.0,1.3643125,corpus,-47.228813620174634,-47.966543197631836,2.0993960078591476,10.055180774537636
P04_L1_85b,0.0,1.6315625,corpus,-48.49094732553681,-47.58765812924034,2.0993960078591476,8.6297404978711
P05_L2_11b,0.0,1.65875,corpus,-46.015274967055724,-46.425146404065586,2.09092043696137,14.093340406999918
P03_L2_11a,0.0,1.3970625,corpus,-48.738375418526786,-47.654196889776934,2.09092043696137,-0.45053791340067306
P05_L2_37a,0.0,1.785875,corpus,-44.522905573498605,-46.15783767700195,2.0909163438749685,10.63517754311636
P02_L2_11a,0.0,1.6384166666666666,corpus,-48.04142054115854,-48.72530083907278,2.0909163438749685,13.934198369847412
P03_L2_46b,0.0,1.289625,corpus,-48.33852652616279,-47.268104553222656,2.08855328750416,9.67241847910386
P02_L1_14b,0.0,1.6541875,corpus,-48.360774739583334,-50.066008461846245,2.0877830992535054,6.235735510741293
P05_L1_23a,0.0,2.048125,corpus,-46.29782774390244,-48.25220801613548,2.087780339558611,12.338193241616281
P05_L2_67a,0.0,1.4425,corpus,-48.58544582790799,-48.501257705688474,2.087780339558611,13.289334298606974
P04_L2_54a,0.0,1.935375,corpus,-46.38720703125,-47.78617858886719,2.087780339558611,10.097968050243221
P05_L1_49b,0.0,1.9270625,corpus,-45.53918899773316,-44.90611245897081,2.087780339558611,10.434375259684334
P05_L1_15a,0.0,1.8511875,corpus,-48.329935599662164,-48.84700317382813,2.087780339558611,10.450732440628457
P01_L1_23b,0.0,1.9444791666666668,corpus,-46.812781894329895,-47.970426906238906,2.087780339558611,7.847936120980318
P05_L1_73a,0.0,1.7976875,corpus,-49.87606879340278,-49.983158111572266,2.087780339558611,9.88154755000518
P02_L2_84b,0.0,1.5216458333333334,corpus,-46.4313322368421,-46.43513037941673,2.087780339558611,8.167385434933053
P05_L1_50b,0.0,1.5018125,corpus,-47.470380859375,-47.476969146728514,2.087780339558611,12.394623257678177
P05_L2_15b,0.0,1.5973125,corpus,-50.404965209960935,-51.82957134246826,2.087780339558611,8.959702942510106
P02_L2_20b,0.0,1.3753333333333333,corpus,-46.73887567934783,-44.98851656913757,2.087780339558611,11.169547784373766
P02_L1_73b,0.0,1.6430416666666667,corpus,-49.94649747522866,-49.05434379577637,2.087780339558611,6.631281424039308
P01_L2_42a,0.0,1.9626875,corpus,-46.39394830197704,-46.03565164045854,2.087780339558611,11.567742348756056
P05_L2_20b,0.0,1.45425,corpus,-43.85406788793104,-45.828126668930054,2.087780339558611,14.677501134193818
P05_L1_12a,0.0,1.8511875,corpus,-47.52046558277027,-47.333551216125485,2.087780339558611,12.421201281875078
P01_L2_42b,0.0,2.1657291666666665,corpus,-45.71038396457373,-46.31063582680442,2.087780339558611,13.848844030680201
P02_L2_73b,0.0,1.4341666666666666,corpus,-50.17103160511363,-49.29140224456787,2.087780339558611,8.998675083988125
P04_L2_79b,0.0,1.74525,corpus,-50.70324776785714,-52.69780788421631,2.087780339558611,9.954234427897081
P02_L1_42a,0.0,1.5272083333333333,corpus,-49.987266390931374,-49.38850957697088,2.087780339558611,11.736135710192702
P05_L1_30a,0.0,2.4308125,corpus,-47.83555169753087,-49.02659173445268,2.087780339558611,13.981550111650645
P01_L1_73a,0.0,1.9189166666666666,corpus,-47.61140441894531,-47.85575428009033,2.087780339558611,9.013001682369307
P05_L1_16a,0.0,2.442,corpus,-40.931364465932376,-46.78961181640625,2.087780339558611,12.29907545236098
P05_L1_79b,0.0,1.4980625,corpus,-47.699169921875,-48.01077442169189,2.087780339558611,10.68349053682709
P04_L2_79a,0.0,1.6394375,corpus,-50.64566858803354,-50.373153114318846,2.087780339558611,8.737780503832298
P01_L2_23a,0.0,1.8394791666666668,corpus,-49.20845894191576,-51.41440183466131,2.087780339558611,9.767545249834164
P02_L1_79a,0.0,1.6018541666666666,corpus,-46.29884338378906,-48.10818576812744,2.087780339558611,7.918865696166726
P05_L2_16b,0.0,1.925375,corpus,-44.95706666936528,-48.10020491656135,2.087780339558611,13.04185491247388
P02_L2_05a,0.0,1.3926666666666667,corpus,-46.444385116906474,-46.29317156473795,2.0877789597111636,10.868797744211346
P05_L1_79a,0.0,1.710875,corpus,-45.258272226790936,-46.954756355285646,2.0877748201688218,12.98028160596347
P05_L2_89b,0.0,1.5795625,corpus,-49.327503832080694,-48.16333788091486,2.0867467420459684,12.744524909928614
P03_L2_84a,0.0,1.5260625,corpus,-48.07839945874183,-47.54761851917613,2.0788782380327864,6.581999275605828
P04_L1_35a,0.0,2.1770625,corpus,-48.135554042431195,-48.322701540860265,2.0788767632134713,12.35923103542315
P05_L1_82b,0.0,1.380125,corpus,-45.73244664288949,-45.65475142629523,2.0788767632134713,4.672513196337974
P01_L1_65b,0.0,1.9600208333333333,corpus,-47.671595982142854,-48.617308077604875,2.0788767632134713,9.95542973396594
P01_L2_57a,0.0,1.6179583333333334,corpus,-47.09766830632716,-46.225910411161536,2.0788767632134713,9.542308294636008
P03_L2_53a,0.0,1.397125,corpus,-46.77530691964286,-46.42292128668891,2.0788767632134713,9.782993727148611
P03_L2_68a,0.0,1.5045625,corpus,-44.735569661458335,-44.90546999479595,2.0788767632134713,10.529861758299635
P04_L2_90b,0.0,1.3780625,corpus,-52.16224736752717,-52.550260066986084,2.0788767632134713,6.28156032951156
P03_L2_21a,0.0,1.311125,corpus,-44.67291492724237,-45.653824700249565,2.0788767632134713,9.252643622097121
P03_L2_63a,0.0,1.311125,corpus,-48.516627653864504,-48.6772335597447,2.0788767632134713,11.74308921969881
P04_L2_35a,0.0,2.2786875,corpus,-46.038428591008774,-47.62995980002663,2.0788767632134713,9.698049102750257
P03_L2_90b,0.0,1.612,corpus,-44.12365343555901,-45.45374870300293,2.0788767632134713,6.049571771725564
P05_L1_24a,0.0,1.7724375,corpus,-45.64014499470339,-45.95090062994706,2.0788767632134713,13.604675094631961
P03_L2_89a,0.0,1.741,corpus,-46.23848610362787,-46.30774636702104,2.078876025803814,8.758512255684401
P04_L1_07b,0.0,1.7566875,corpus,-50.45221502130682,-49.54785690307617,2.0764118628044286,3.6507979061201397
P04_L2_61b,0.0,1.6275625,corpus,-49.83635388707822,-50.159586289349726,2.076409329410921,12.732346615580205
P04_L2_63b,0.0,2.0430625,corpus,-48.157523360906865,-49.27626128423782,2.067215576897605,11.78101234867755
P02_L1_19b,0.0,1.3525208333333334,corpus,-47.46912254050926,-47.398869907154754,2.0669602249314734,8.560996190996928
P03_L2_04b,0.0,1.311125,corpus,-48.2381172471374,-48.46545811703331,2.0669602249314734,13.180718424381197
P03_L1_04b,0.0,1.184,corpus,-44.007895259533896,-43.579540051912005,2.0669602249314734,3.090215293609056
P04_L1_76a,0.0,1.774625,corpus,-50.191224179025426,-51.561190153423105,2.0642996891307077,9.957005068190064
P02_L2_46a,0.0,1.258875,corpus,-46.74813600570437,-46.64484726755243,2.0642996891307077,12.926045546702312
P05_L1_02b,0.0,1.805,corpus,-46.5462815089779,-48.81900424957276,2.0642996891307077,10.49530792684213
P01_L2_25b,0.0,1.6830833333333333,corpus,-46.76074509393601,-46.193920359892005,2.0591393661016606,8.91768306091565
P01_L1_12b,0.0,1.6485625,corpus,-50.63893229166667,-50.46071147918701,2.0591393661016606,1.1434534354480412
P01_L2_02a,0.0,1.5145416666666667,corpus,-47.62711480753311,-47.12365188598633,2.0591393661016606,12.508074989158892
P01_L2_58a,0.0,1.8621875,corpus,-46.094117523521504,-45.663783845447355,2.059137168544073,12.048444367217769
P01_L1_14a,0.0,2.1382291666666666,corpus,-49.3946316442757,-52.16855663723416,2.059137168544073,8.350283913066594
P05_L1_10a,0.0,2.2845,corpus,-43.4108244243421,-46.59463701750103,2.059137168544073,10.122586705976726
P01_L2_40a,0.0,1.9626666666666666,corpus,-47.44276646205357,-47.831838507401315,2.059134970986486,13.196280555898145
P03_L1_71a,0.0,1.4930625,corpus,-49.4406099255453,-49.34386353265671,2.059134970986486,9.235635755727316
P01_L2_60a,0.0,1.9232291666666668,corpus,-46.203877766927086,-49.30312055699966,2.059134970986486,12.677006525351853
P05_L2_29b,0.0,1.8879375,corpus,-48.04328393683863,-49.230585007440474,2.059134970986486,12.465982351211718
P03_L2_81b,0.0,1.4185625,corpus,-43.912394778829224,-43.85988922119141,2.057824776685717,11.243026487851711
P01_L1_04a,0.0,1.642375,corpus,-47.87152546208079,-47.89319329512747,2.0551813595482926,5.994132272314612
P01_L2_64a,0.0,2.075875,corpus,-44.03571965144231,-46.444993591308595,2.0551813595482926,12.22275088395244
P01_L2_74a,0.0,1.8806458333333333,corpus,-47.309835231050535,-47.66438992818197,2.052643658231156,11.996416638366036
P03_L2_48a,0.0,1.8269375,corpus,-43.029753137807376,-44.61919275919596,2.052641966819532,10.754450319896907
P01_L1_02a,0.0,1.6303125,corpus,-49.44118158071319,-48.26736316680908,2.052641966819532,6.005012768341992
P03_L2_76b,0.0,1.3970625,corpus,-46.097952706473215,-44.74104168540553,2.052641543966626,13.600739909569386
P03_L2_30b,0.0,1.4818125,corpus,-50.186434359163854,-49.6363020810214,2.052641543966626,13.234932701296394
P02_L1_76a,0.0,1.5159166666666666,corpus,-46.93920577199835,-48.15692781147204,2.0526414734911413,10.078393910137368
P03_L1_16b,0.0,1.490625,corpus,-43.51275429949664,-44.411698060877185,2.0526414030156572,9.393276605622859
P02_L2_07b,0.0,1.5564791666666666,corpus,-50.401417267628204,-49.85973148345947,2.0526414030156572,13.220379992686947
P01_L1_59b,0.0,1.8,corpus,-46.219059244791666,-46.84803602430556,2.0526414030156572,9.555924794003953
P05_L1_11b,0.0,1.7330625,corpus,-49.203373374277454,-52.606726596229954,2.0526414030156572,12.874487156991808
P04_L2_29a,0.0,2.1810625,corpus,-49.97269656680046,-51.588912600562686,2.0526414030156572,9.215448532751534
P05_L1_43a,0.0,1.8275625,corpus,-48.07126238046448,-49.96836833953857,2.0526414030156572,15.094380620476231
P02_L2_19a,0.0,1.3475208333333333,corpus,-49.494958043981484,-48.772128610049975,2.0526414030156572,10.46511990841461
P02_L1_33b,0.0,1.7994791666666667,corpus,-47.560611979166666,-49.94155750274658,2.0526414030156572,11.98888702200675
P02_L1_05a,0.0,1.3397291666666666,corpus,-47.72135538129664,-46.750419192843964,2.0526414030156572,13.004165575631262
P04_L1_34b,0.0,2.0068125,corpus,-47.840358753109456,-49.34032560649671,2.0526414030156572,10.630491646033377
P05_L1_13a,0.0,1.890625,corpus,-46.84049995866402,-46.17918737311112,2.0526414030156572,12.331994003537776
P01_L1_67a,0.0,2.04,corpus,-47.10475068933823,-49.39438247680664,2.0526414030156572,9.313815024649976
P01_L1_31a,0.0,1.6944791666666668,corpus,-44.16832412629438,-44.99983837730006,2.0526414030156572,9.969664214661673
P05_L1_52a,0.0,1.5923125,corpus,-46.286258721501575,-48.67976078234221,2.0526414030156572,9.114222069039116
P02_L1_52b,0.0,1.3484375,corpus,-50.80621021412037,-50.68935374209755,2.0526414030156572,5.740301831127944
P03_L1_12b,0.0,1.4503125,corpus,-45.94904364224138,-46.35274429321289,2.0526412620646886,10.604029872606235
P03_L2_49a,0.0,1.354125,corpus,-47.56508969907407,-46.73453034294976,2.05264112111372,5.702176311123758
P05_L1_65b,0.0,1.724375,corpus,-49.49017759811046,-48.339936795442,2.05264112111372,9.017760906910183
P02_L2_50b,0.0,1.3385625,corpus,-46.498884969682834,-45.478594589233396,2.05264112111372,7.0796450537435724
P01_L2_16a,0.0,1.6455416666666667,corpus,-46.826979758522725,-47.38015388039982,2.05264112111372,10.550521528717201
P04_L1_68b,0.0,1.611625,corpus,-49.848281007375775,-49.232755962171055,2.05264112111372,1.8649387765078629
P02_L1_72b,0.0,1.3462291666666666,corpus,-49.86078920717593,-48.546676063537596,2.05264112111372,9.845877702562994
P01_L1_60b,0.0,1.62,corpus,-47.411422164351855,-47.878297693589154,2.05264112111372,10.862252414866248
P03_L1_69a,0.0,1.3295,corpus,-48.28479646381579,-47.4039342880249,2.05264112111372,8.55896521419525
P05_L1_74b,0.0,1.432,corpus,-46.10345757757867,-46.49083709716797,2.0526408392117825,10.13819197770032
P05_L1_07b,0.0,1.7330625,corpus,-49.48108968569364,-49.06368751525879,2.0526408392117825,9.440811574702614
P02_L2_08b,0.0,1.5974583333333334,corpus,-50.04173278808594,-51.43622928195529,2.0526408392117825,13.21192198370641
P01_L1_66b,0.0,1.66,corpus,-49.11678157944277,-48.58683501349555,2.0526408392117825,9.500274002389112
P03_L2_22a,0.0,1.311125,corpus,-49.1877981870229,-48.82299176384421,2.0526408392117825,12.458249182514848
P03_L1_79a,0.0,1.5188125,corpus,-46.38979620682566,-46.45279865264892,2.0526408392117825,12.448307288047086
P03_L2_80a,0.0,1.655,corpus,-45.390548522213855,-44.2716113726298,2.0526408392117825,6.4512666488924
P05_L1_07a,0.0,1.8511875,corpus,-47.097719594594594,-46.54116153717041,2.052640275407908,10.123428459317267
P02_L1_56a,0.0,1.7171666666666667,corpus,-43.72158316678779,-44.33750428093804,2.052640275407908,10.341325384083031
P04_L2_34b,0.0,1.78425,corpus,-51.93991946102528,-52.184772290681536,2.0526391478001584,10.005304981245356
P01_L2_43a,0.0,1.8273125,corpus,-48.386793459699454,-49.39535617828369,2.0526368925846596,13.664803580161152
P03_L1_12a,0.0,2.0949375,corpus,-47.02498878588517,-46.17131156921387,2.0515013878090333,-5.939189758991326
P05_L1_90a,0.0,1.3483125,corpus,-46.56860532407408,-45.230000495910645,2.050591699641277,12.481029819221355
P04_L2_62b,0.0,1.714125,corpus,-47.24375513980263,-47.799966510973476,2.0272423228496206,9.805418586714037
P04_L2_87b,0.0,1.65525,corpus,-47.981704160391565,-48.649330139160156,2.0120924578228214,12.31090628779091
P02_L2_66a,0.0,1.258875,corpus,-47.54932028149802,-47.82135306464301,2.0120924578228214,7.8821390134800495
P05_L1_68a,0.0,1.47575,corpus,-47.56643264358108,-47.887837058619446,2.0120924578228214,11.923087068729483
P01_L1_87a,0.0,1.6457291666666667,corpus,-49.98861268939394,-49.83393802642822,2.0120909511634326,8.712343573111486
P03_L2_39a,0.0,1.4185625,corpus,-48.594145439040496,-48.487984917380594,2.004754051169146,12.677436962714157
P02_L1_06b,0.0,1.212125,corpus,-47.25583516270661,-47.26539250424034,2.004754051169146,12.836888367539508
P03_L1_39b,0.0,1.4704375,corpus,-47.82631470556973,-48.504987543279476,2.004754051169146,11.451568277797143
P03_L2_29b,0.0,1.354125,corpus,-46.54586226851852,-46.815794081914994,2.004751505458191,9.807819177756649
P03_L2_24a,0.0,1.182125,corpus,-47.113401251324156,-46.24655332063374,2.004751505458191,9.322702908782489
P03_L2_24b,0.0,1.289625,corpus,-46.46607391593992,-48.81729186208624,2.004751505458191,16.011244114851134
P03_L1_54b,0.0,1.3096875,corpus,-46.711697876908396,-46.54047373721474,2.004751505458191,10.613935601527512
P02_L1_77a,0.0,1.5720625,corpus,-47.77019991540605,-49.933537192966625,2.004748959747236,6.322775354118171
P01_L1_63b,0.0,1.8000208333333334,corpus,-45.64276258680555,-45.42094021751767,2.004748959747236,9.83793994658022
P04_L2_36a,0.0,1.78425,corpus,-46.914863500702246,-47.812033081054686,2.004111260721887,11.348293023431431
P05_L1_09b,0.0,2.048125,corpus,-45.893235518292684,-49.6736806233724,2.004108680151937,11.606778597284222
P01_L1_09b,0.0,1.7105208333333333,corpus,-43.88412600511696,-47.3930778503418,2.0041078199619533,9.274220988476348
P05_L1_05a,0.0,1.7330625,corpus,-46.655231100975435,-46.71341196695963,2.0041078199619533,11.249033801848014
P01_L1_76b,0.0,1.7953541666666666,corpus,-44.306529405381944,-45.027383503160976,2.0041078199619533,10.14815452034026
P03_L2_80b,0.0,1.4400625,corpus,-46.61249457465278,-45.15024964014689,1.9964443708268362,9.466871539459955
P03_L1_80a,0.0,1.57025,corpus,-44.09741677448248,-44.75481621424357,1.9964443708268362,12.780432985492478
P02_L1_77b,0.0,1.6819375,corpus,-48.040492466517854,-48.989254661228344,1.9964443708268362,7.547611016761824
P02_L1_80b,0.0,1.8421458333333334,corpus,-45.37019149116848,-47.72736215591431,1.9964443708268362,8.348072162976287
P05_L1_80a,0.0,1.8975,corpus,-42.98402292351974,-44.397477308909096,1.9964443708268362,12.17191323326741
P02_L2_77b,0.0,1.4446041666666667,corpus,-47.45063273111979,-46.866435175356656,1.9964443708268362,10.921938865671574
P03_L1_54a,0.0,1.408875,corpus,-46.097538508421984,-47.11576943648489,1.9964443708268362,12.894280206994488
P03_L1_31a,0.0,1.4301875,corpus,-43.2718121722028,-43.58946529187654,1.9964443708268362,11.685919283740375
P03_L1_70a,0.0,1.9446875,corpus,-43.37119946037371,-48.53810291290283,1.996442173269249,8.660699145622122
P03_L1_38a,0.0,1.490625,corpus,-45.47940042994966,-48.14299259185791,1.996442173269249,9.523221718237139
P05_L2_81a,0.0,1.5556875,corpus,-46.07922989282853,-48.00111637115479,1.9746788667330193,12.4103175113069
P03_L2_35a,0.0,1.612,corpus,-45.75283870341615,-45.289245952259414,1.9639191753850287,13.006295669033015
P03_L2_35b,0.0,1.5045625,corpus,-46.379619140625,-46.798545837402344,1.9639191753850287,13.146835990067435
P05_L1_08a,0.0,1.65425,corpus,-46.65168974905303,-47.60356330871582,1.9620844800190185,9.980336610147681
P03_L1_08a,0.0,1.3093125,corpus,-44.3099244095897,-44.368403328789604,1.9620844800190185,9.299762363446927
P05_L2_54a,0.0,1.504125,corpus,-45.73270182291667,-45.637374476382604,1.9620844800190185,13.63125750723113
P05_L1_54b,0.0,1.529125,corpus,-48.52458958843954,-49.72475071957237,1.9620844800190185,16.527766919432626
P01_L2_11a,0.0,1.7691041666666667,corpus,-48.94439662782486,-51.26286014757658,1.9620844800190185,13.300307754749792
P05_L1_30b,0.0,1.8971875,corpus,-47.93695004111842,-49.72650701349432,1.9620844800190185,11.663558474498643
P03_L1_30b,0.0,1.389875,corpus,-46.59943724707734,-47.418777986006305,1.9620844800190185,8.669424227988927
P05_L1_54a,0.0,1.4665,corpus,-48.54667902317177,-48.291848032098066,1.9620844800190185,13.058791392247539
P03_L2_75b,0.0,1.4185625,corpus,-46.76397103323063,-48.91769472757975,1.9620844800190185,12.700067551856488
P03_L1_19a,0.0,1.1481875,corpus,-49.96883491847826,-49.272694756002984,1.962083221839946,9.451219410731515
P03_L1_19b,0.0,1.4705,corpus,-46.73914487670068,-46.62756257898667,1.962083221839946,9.21021584687671
P03_L2_15b,0.0,1.4830625,corpus,-48.9985450538429,-50.81805076599121,1.9620819636608735,10.721241277845792
P05_L1_60b,0.0,1.4465625,corpus,-48.769359509698276,-48.92461260627298,1.9620819636608735,11.253760244942615
P03_L1_15a,0.0,1.631625,corpus,-49.19893416890337,-51.80340785980225,1.9620819636608735,9.185103126335282
P05_L2_30a,0.0,1.6328125,corpus,-51.06517206671779,-50.06649953668768,1.9620819636608735,11.038499562862466
P02_L2_26a,0.0,1.3323541666666667,corpus,-49.73945239074248,-50.19359752110073,1.9620794473027285,8.651790713204893
P05_L1_76a,0.0,1.5386875,corpus,-47.695835658482146,-48.00318386680201,1.9504467950189617,13.810030860480722
P02_L2_32b,0.0,1.3704166666666666,corpus,-47.21557795392336,-46.525104121157995,1.9361234557958664,13.406343540039245
P03_L2_52a,0.0,1.4400625,corpus,-46.780131022135414,-47.965715508711966,1.924510427095294,9.624822571764586
P04_L2_13a,0.0,1.7575625,corpus,-47.47124134410512,-48.537804653770046,1.924510427095294,10.37841552544635
P04_L1_57a,0.0,1.7525625,corpus,-51.35709821428571,-50.223176170797906,1.9245079343158076,11.620658003582292
P04_L2_03b,0.0,1.7673125,corpus,-48.14006775247175,-48.480984157986114,1.92450751885256,10.383046591165176
P05_L1_04a,0.0,1.60675,corpus,-51.50202591226708,-50.4972451862536,1.92450751885256,10.184573292100367
P03_L2_64a,0.0,1.612,corpus,-47.692246336374225,-49.22796688079834,1.924507311120936,10.044215912505873
P03_L1_15b,0.0,1.51075,corpus,-49.24704120964404,-49.13286190032959,1.9245071033893122,7.192460298197243
P02_L1_32a,0.0,1.7328333333333332,corpus,-43.957254222362714,-47.56743521439402,1.9245071033893122,13.107384814711786
P03_L2_01a,0.0,1.342875,corpus,-46.55627259211754,-45.362795723809135,1.9245071033893122,6.692812813238575
P05_L1_68b,0.0,1.4291875,corpus,-46.32561871722028,-45.86819056460732,1.9245071033893122,11.197453372925885
P03_L2_79a,0.0,1.655,corpus,-46.25873611634036,-45.529608154296874,1.9245071033893122,10.373965632286389
P02_L1_17a,0.0,1.3620833333333333,corpus,-44.61965403837316,-44.42804858559057,1.9245071033893122,12.851898341579258
P04_L2_41a,0.0,1.69825,corpus,-49.532680376838236,-49.737148920694985,1.9245071033893122,9.89551253070529
P04_L1_13b,0.0,1.497875,corpus,-46.46484375,-46.50578006945158,1.9245071033893122,11.388100985182515
P02_L2_01a,0.0,1.5155416666666666,corpus,-46.40834768194901,-47.28533575269911,1.9245071033893122,8.194270599130894
P05_L2_19a,0.0,1.6838125,corpus,-46.467017764136905,-49.1823631735409,1.9245071033893122,10.217244051285832
P04_L1_47a,0.0,1.9535,corpus,-49.006991185897434,-48.994742142526725,1.9245071033893122,7.568766522623207
P04_L1_90b,0.0,1.3861875,corpus,-50.79754243480216,-52.90914487838745,1.9245071033893122,7.9002681187738375
P02_L1_29a,0.0,1.7811666666666666,corpus,-48.4183473051264,-49.321094876243954,1.920673468995902,8.39584317855358
P02_L2_06a,0.0,1.3516875,corpus,-47.70556640625,-47.98378211573551,1.920673468995902,15.536771510836768
P03_L1_23a,0.0,1.3539375,corpus,-46.58811487268518,-46.310349377718836,1.920673468995902,1.864926149358439
P05_L2_26a,0.0,1.9389375,corpus,-46.909708239368555,-47.66327558244978,1.920673468995902,10.521278905807112
P03_L1_06b,0.0,1.1683125,corpus,-43.20653879540598,-42.9469706886693,1.920673468995902,7.874382391163579
P02_L1_75b,0.0,1.5720625,corpus,-49.230064440684714,-48.77241961161295,1.920673468995902,7.053758803118274
P02_L2_21b,0.0,1.2034166666666666,corpus,-47.3118896484375,-47.23422813415527,1.920673468995902,6.0347120002563415
P02_L2_06b,0.0,1.5155416666666666,corpus,-45.402497944078945,-45.443680010343854,1.920673468995902,11.077992681455783
P02_L1_65b,0.0,1.7182291666666667,corpus,-48.574712708938954,-48.20294919221298,1.920673468995902,10.929979027521423
P05_L2_12a,0.0,1.7079375,corpus,-44.14404296875,-44.578868293762206,1.920673468995902,11.525404235747914
P02_L1_30b,0.0,1.6284791666666667,corpus,-48.219618721242334,-49.8761588009921,1.920673468995902,11.989633822732621
P02_L1_06a,0.0,1.2971875,corpus,-46.66568134014423,-45.814278050472865,1.920673468995902,16.532703153740467
P02_L1_30a,0.0,1.8278958333333333,corpus,-47.442793715846996,-50.25710487365723,1.920673468995902,12.746943330711915
P02_L2_30a,0.0,1.3544791666666667,corpus,-51.40970052083333,-51.642795909534804,1.920673468995902,13.494702459961307
P03_L1_61a,0.0,1.349375,corpus,-44.60774016203704,-44.89150193158318,1.9206720447215562,8.83618309300688
P03_L1_21b,0.0,1.3294375,corpus,-43.122356672932334,-45.71704122755263,1.9206720447215562,9.909539211576949
P05_L2_75b,0.0,1.6668125,corpus,-48.93168740643713,-50.385972340901695,1.9206706204472106,11.909946203060162
P02_L1_51b,0.0,1.324375,corpus,-49.183101769649625,-49.55723109998201,1.9206706204472106,8.628781278140657
P03_L1_51a,0.0,1.3890625,corpus,-43.4896442221223,-44.13343218753212,1.9206706204472106,9.669487962224647
P05_L2_12b,0.0,1.5850625,corpus,-46.3645127014544,-47.30836734771729,1.9206677718985192,11.857715290650255
P04_L1_23a,0.0,2.068125,corpus,-48.19937443387681,-48.519060828469016,1.9120768853016874,10.237075162525457
P01_L1_05b,0.0,1.6695625,corpus,-46.2433073306512,-45.6295100318061,1.9120768853016874,8.691538707075257
P02_L2_81a,0.0,1.5409166666666667,corpus,-45.9387016791802,-46.29717254638672,1.9120768853016874,7.182080551287015
P04_L1_65a,0.0,2.3869375,corpus,-50.31432237186193,-49.94549145905868,1.9120719582738515,9.416905352968637
P02_L2_22a,0.0,1.3753333333333333,corpus,-50.492371490036234,-48.81255475212546,1.904119268362638,7.1997107119906865
P02_L1_80a,0.0,1.9222291666666667,corpus,-43.869547526041664,-47.8758929570516,1.904119268362638,6.8900095957947585
P04_L1_22b,0.0,1.4209375,corpus,-50.420035348811616,-49.85323266422047,1.904119268362638,2.7368147525764535
P05_L2_80a,0.0,1.944625,corpus,-44.889713877255154,-47.326915899912514,1.9041186406998656,12.343303988803672
P02_L2_80b,0.0,1.502375,corpus,-46.87633463541667,-46.64156198501587,1.9041184314789414,9.480444599514716
P01_L1_80a,0.0,1.7205416666666666,corpus,-46.76147744821947,-47.85136318206787,1.9041184314789414,9.530426369980017
P04_L2_80b,0.0,1.768,corpus,-49.11210054731639,-49.305894215901695,1.9041184314789414,4.888954496850953
P02_L2_80a,0.0,1.7527708333333334,corpus,-44.82691685267857,-44.93903716405233,1.904118013037093,10.907822199494944
P01_L2_80b,0.0,1.968125,corpus,-45.951657677664976,-46.96548891067505,1.9041175945952447,14.45368841428991
P04_L2_17a,0.0,1.6940625,corpus,-49.44567076553255,-50.23512890464381,1.9025859165084182,10.864874027440429
P05_L1_89b,0.0,1.7174375,corpus,-46.25106456667878,-45.980759533968836,1.9025859165084182,12.77205962100322
P05_L2_56a,0.0,1.8724375,corpus,-43.7578621114639,-47.11914613511827,1.9025859165084182,13.163751544106923
P05_L2_47a,0.0,1.3521875,corpus,-49.29900173611111,-48.269066057707136,1.9025859165084182,9.70067689158293
P05_L2_89a,0.0,1.336,corpus,-49.09769268889925,-49.480606599287555,1.9025859165084182,9.813475978996607
P01_L1_30b,0.0,1.9314791666666666,corpus,-48.6393043636658,-49.29019979997115,1.9025859165084182,8.00152802074135
P01_L1_78a,0.0,1.882625,corpus,-46.28142661236702,-49.21195893060593,1.9025859165084182,10.708837500168737
P02_L2_56a,0.0,1.3863541666666668,corpus,-45.13547170076439,-43.835514068603516,1.9025859165084182,12.397342574969588
P01_L1_86a,0.0,1.6582083333333333,corpus,-47.95215726185994,-48.37650821083471,1.9025859165084182,7.12739159767974
P05_L1_01a,0.0,1.7330625,corpus,-47.692755373916185,-46.181183920966255,1.9025859165084182,6.025877744591419
P02_L2_86b,0.0,1.502375,corpus,-47.644462890625,-48.13617425215872,1.9025859165084182,9.409563926306404
P02_L1_41b,0.0,1.650375,corpus,-46.4046904592803,-46.28919219970703,1.9025859165084182,4.466559555530058
P02_L2_16a,0.0,1.4598125,corpus,-46.58337569563356,-47.91915355009191,1.9025859165084182,11.502026542283698
P03_L2_56a,0.0,1.5260625,corpus,-43.90977966707516,-43.540686501397026,1.9025859165084182,10.68556463306977
P05_L2_74a,0.0,1.2708125,corpus,-47.95163324311024,-46.33717918395996,1.9025852043712455,15.268784815709857
P03_L2_26a,0.0,1.3970625,corpus,-46.76796177455357,-45.70624351501465,1.9025844922340724,6.814187992103395
P02_L2_02a,0.0,1.6793541666666667,corpus,-46.05439685639881,-48.03990077972412,1.9025844922340724,11.852992314543517
P03_L2_60a,0.0,1.4615625,corpus,-49.73148210081336,-49.635633805218866,1.9025830679597269,9.12767114392199
P02_L2_37a,0.0,1.258875,corpus,-46.62358165922619,-45.69152946472168,1.8800633140015985,11.716973300071515
P03_L2_02a,0.0,1.182125,corpus,-48.710453356726696,-47.64433994293213,1.8800633140015985,7.283376599941004
P05_L2_84a,0.0,1.382125,corpus,-50.72509411798007,-51.76184758273038,1.8800633140015985,10.736852965738805
P02_L1_62a,0.0,1.2741041666666666,corpus,-52.37010180856299,-53.20626891286749,1.8800633140015985,11.870846512814772
P05_L1_32a,0.0,1.7193125,corpus,-47.61212584029796,-46.634580511795846,1.8800633140015985,13.362580100484138
P03_L2_32a,0.0,1.354125,corpus,-47.56520182291667,-46.210860804507604,1.8800633140015985,11.137567467966488
P03_L1_47a,0.0,1.4485625,corpus,-44.997824622844824,-45.87021938123201,1.8800633140015985,7.82039945861132
P02_L1_57b,0.0,1.3455833333333334,corpus,-46.3544017650463,-46.51867765538833,1.8800633140015985,9.426409766883495
P02_L2_57b,0.0,1.195125,corpus,-48.52017822265625,-48.18309783935547,1.8800618391822836,8.648176222345914
P05_L2_53a,0.0,1.5348125,corpus,-46.353604983660134,-48.75442992316352,1.8800618391822836,11.827585835314647
P03_L1_53a,0.0,1.349375,corpus,-45.94332682291667,-47.61281522115072,1.8800618391822836,11.314859745193889
P02_L2_42b,0.0,1.5616458333333334,corpus,-51.978343474559296,-51.1097715551203,1.8800618391822836,12.75634840851962
P02_L1_47a,0.0,1.3501041666666667,corpus,-46.53641493055556,-45.96858667072497,1.8800603643629685,14.920402304984194
P05_L1_32b,0.0,1.6600625,corpus,-45.86144578313253,-47.18717655382658,1.8800603643629685,11.502347187929264
P03_L2_17b,0.0,1.5475625,corpus,-49.38449470766129,-48.04094675967568,1.8800603643629685,8.885368377560795
P03_L1_77a,0.0,1.3385625,corpus,-49.4202097423041,-48.86160294905953,1.8800603643629685,8.694150168142766
P03_L2_19a,0.0,1.182125,corpus,-47.5146484375,-48.13142754049862,1.8800603643629685,12.431347871130708
P02_L2_76b,0.0,1.2327291666666667,corpus,-47.33414316565041,-46.813317349082546,1.870747693884392,15.043623209586894
P01_L2_69b,0.0,1.8621875,corpus,-46.36546013944893,-47.50792045593262,1.8707471368498394,13.886207196177502
P01_L2_22b,0.0,1.8149583333333332,corpus,-44.14467612465659,-45.96481390560375,1.8707471368498394,12.810886465628744
P05_L1_22a,0.0,1.969375,corpus,-45.15311706852792,-47.21569577385397,1.8707471368498394,13.403027499856972
P05_L1_34a,0.0,2.0553125,corpus,-47.132049264259706,-48.62900503058182,1.866067071123066,12.490796197316385
P02_L2_13b,0.0,1.4745625,corpus,-45.989536830357146,-46.4330526653089,1.8660647934569483,13.618787330253692
P02_L1_13b,0.0,1.5022916666666666,corpus,-46.85462890625,-48.03130701968544,1.8660636546238896,6.78400518364408
P05_L1_41b,0.0,1.8818125,corpus,-49.197042262300535,-51.92028405931261,1.8660625157908306,11.816406061400446
P04_L2_50a,0.0,1.6775625,corpus,-47.38430640811012,-47.832211303710935,1.8495143876303028,11.163916664623741
P04_L2_58b,0.0,2.415,corpus,-47.52494673295455,-48.46323540097191,1.8495125757144895,7.520496355270911
P04_L2_18b,0.0,1.7999375,corpus,-46.510660807291664,-47.41723430857939,1.8495125757144895,9.554008326279007
P04_L1_20b,0.0,1.4631875,corpus,-46.77589228381849,-46.51828336715698,1.8495116697565828,11.486376354124165
P04_L1_20a,0.0,1.47725,corpus,-48.16681733002534,-48.69261145591736,1.8495116697565828,14.287871053324558
P04_L2_84a,0.0,1.579375,corpus,-49.04783302017405,-50.662376230413265,1.8495112167776295,10.081524911179095
P01_L2_12b,0.0,1.7691041666666667,corpus,-49.44527387888418,-49.03030242919922,1.8495112167776295,11.745525120333348
P01_L2_61b,0.0,1.4958541666666667,corpus,-47.26016276041667,-46.625294853659234,1.8495112167776295,9.090064424583126
P01_L1_50a,0.0,1.5815208333333333,corpus,-47.73875407931171,-48.62351398468017,1.8495107637986763,10.973320020349718
P05_L2_44a,0.0,1.4031875,corpus,-46.27464076450893,-46.82591548718904,1.8495107637986763,10.821287434267596
P04_L2_74b,0.0,1.7701875,corpus,-47.907474841101696,-48.01116816202799,1.8495107637986763,10.767745446135855
P04_L2_58a,0.0,2.087,corpus,-47.94886363636363,-48.68057468959263,1.8495107637986763,9.968495710607922
P03_L2_75a,0.0,1.3755625,corpus,-50.218930451766305,-49.827042473687065,1.8495107637986763,10.438142433006188
P01_L2_52b,0.0,1.7444791666666666,corpus,-46.138655037715516,-46.60680369326943,1.8495107637986763,12.038131799165601
P03_L1_50a,0.0,1.2501875,corpus,-43.1509453125,-43.43784236907959,1.8495107637986763,11.809736422358682
P04_L2_44a,0.0,1.7380625,corpus,-46.3237164376796,-47.00657874659488,1.8495107637986763,9.559549774512561
P04_L2_38a,0.0,2.06375,corpus,-49.37581064168689,-50.20197868347168,1.8495107637986763,10.535893061349483
P01_L1_08a,0.0,1.7517291666666666,corpus,-48.17748325892857,-47.82609409756131,1.8495107637986763,8.720132293017326
P01_L2_30b,0.0,1.900625,corpus,-47.215696957236844,-49.24736855246804,1.8495107637986763,12.735025710201576
P05_L2_52b,0.0,1.626875,corpus,-46.87368194018405,-48.8517931887978,1.8495107637986763,14.872089708932016
P03_L1_40a,0.0,1.5510625,corpus,-45.229007056451614,-46.10853958129883,1.8495107637986763,11.790722709969483
P04_L1_18b,0.0,1.6781875,corpus,-48.664390927269345,-49.59264014748966,1.8495107637986763,9.311722745480843
P02_L1_54a,0.0,1.6611458333333333,corpus,-47.75734480892319,-47.72891616821289,1.8495107637986763,9.66903883301515
P03_L2_36b,0.0,1.3970625,corpus,-47.22388392857143,-46.77319488525391,1.8495107637986763,14.16562977560493
P01_L2_61a,0.0,1.801125,corpus,-46.001399739583334,-46.69947500789867,1.8495107637986763,13.70387864103062
P01_L2_80a,0.0,1.7494375,corpus,-45.17334263392857,-45.24076223373413,1.8495107637986763,14.154597634656696
P03_L1_36b,0.0,1.5913125,corpus,-41.769970396029876,-43.8213472366333,1.8495107637986763,13.868606922202009
P01_L1_40b,0.0,1.9117916666666666,corpus,-48.08044625327225,-50.62865026373612,1.8495107637986763,9.086696526966353
P01_L1_15a,0.0,2.5494166666666667,corpus,-49.91106387867647,-53.00561237335205,1.849182756595713,9.205871869479477
P02_L2_46b,0.0,1.4022916666666667,corpus,-46.55869489397321,-45.759587940416836,1.8491795244220457,13.064333718184933
P05_L2_15a,0.0,1.5605,corpus,-50.220762595152245,-51.86940422058105,1.8491784470308232,10.102550905342149
P02_L1_86a,0.0,1.5478541666666668,corpus,-46.45619329637097,-47.79039242393092,1.8491762922483783,6.990093676325706
P02_L2_90b,0.0,1.27125,corpus,-44.89650744340551,-45.403462409973145,1.8463417394788346,7.161498934635635
P05_L2_14b,0.0,1.781625,corpus,-46.39927690484551,-47.954087575276695,1.8391422052660418,11.208309970985173
P01_L2_45b,0.0,2.1451458333333333,corpus,-47.53270348837209,-47.9487314726177,1.8391422052660418,12.320144581923444
P04_L2_75a,0.0,1.8103125,corpus,-48.51848994302486,-49.69340409172906,1.8391422052660418,11.008286343662206
P04_L2_60b,0.0,1.5829375,corpus,-48.43251211431962,-49.28208743824678,1.837491130075765,8.943049182231913
P02_L2_14a,0.0,1.5564791666666666,corpus,-49.19287109375,-50.19668091668023,1.8374905009862288,7.507270778448277
P02_L2_47a,0.0,1.3863541666666668,corpus,-45.70304420526079,-45.1883823997096,1.822858203346495,12.527046196263164
P03_L2_40a,0.0,1.3970625,corpus,-49.968212890625,-48.222029435007194,1.813187634409837,5.3854182629081855
P02_L1_55b,0.0,1.5066041666666667,corpus,-48.66607706436258,-50.829559326171875,1.813187634409837,7.394981800710294
P01_L2_11b,0.0,1.9106458333333334,corpus,-45.96543684554974,-47.826903092233756,1.813187634409837,11.349094224688738
P02_L2_77a,0.0,1.5601666666666667,corpus,-47.95209209735577,-48.286257536514945,1.813187634409837,11.18496148151479
P05_L1_18a,0.0,1.7724375,corpus,-44.7573793917726,-44.83679760203642,1.813187634409837,11.621243840293054
P02_L1_40a,0.0,1.5000833333333334,corpus,-47.015325520833336,-47.253627375552526,1.813187634409837,5.620891712246149
P04_L2_86a,0.0,1.77,corpus,-46.87199858757062,-47.78250684236225,1.813187634409837,8.25433056984949
P05_L2_33a,0.0,1.734875,corpus,-44.54763987987717,-46.29082889556885,1.813187634409837,10.624320465314746
P05_L1_86b,0.0,1.4449375,corpus,-45.96124267578125,-45.53083580418637,1.813187634409837,10.32061100055493
P05_L1_63b,0.0,1.64775,corpus,-47.42008759469697,-48.82354136875698,1.813187634409837,9.684579688475228
P01_L1_08b,0.0,1.6280833333333333,corpus,-48.43823691526074,-49.74292119344076,1.813187634409837,7.1488232163029615
P02_L1_40b,0.0,1.72425,corpus,-51.63008153161337,-53.31533492238898,1.813187634409837,3.562670378157595
P05_L2_26b,0.0,1.8879375,corpus,-48.59250475363756,-51.415466490246004,1.8131852860532174,6.155421931096619
P05_L1_10b,0.0,2.1663125,corpus,-43.049480666762676,-46.86878023649517,1.8131852860532174,10.051132911449209
P03_L2_55b,0.0,1.375625,corpus,-46.23087211277174,-45.519865883721245,1.8131852860532174,7.147476736866068
P02_L2_52a,0.0,1.2429375,corpus,-50.42739966607863,-49.6050362837942,1.8131852860532174,9.336062972025445
P03_L1_78a,0.0,1.3900625,corpus,-48.25251517535971,-47.69536536080496,1.8119966901381714,14.357119038742912
P01_L2_25a,0.0,1.6830833333333333,corpus,-46.13606189546131,-46.24428962258732,1.8101918684828977,12.963785060946734
P02_L2_24b,0.0,1.3323541666666667,corpus,-47.658320606203006,-46.579381440815176,1.8101910065814386,14.339690921104783
P04_L2_86b,0.0,1.8380625,corpus,-50.56957477072011,-52.712085924650495,1.8101910065814386,11.596203004104357
P02_L2_31a,0.0,1.2429375,corpus,-47.01114777595766,-47.58715097527755,1.810190575630709,7.404245099786369
P01_L2_75a,0.0,2.0555833333333333,corpus,-46.823190040958735,-49.75458229912652,1.8101901446799795,7.63912077573195
P03_L1_60a,0.0,1.42875,corpus,-46.81277316433567,-47.97422094906078,1.8101901446799795,9.827020211657839
P03_L2_16b,0.0,1.6765,corpus,-45.724190848214285,-44.56098556518555,1.8101901446799795,6.980058034375311
P05_L2_25b,0.0,1.6583125,corpus,-43.466755694653614,-46.29398301068474,1.8101901446799795,13.231294751144496
P05_L2_51b,0.0,1.657625,corpus,-46.80556699454066,-48.12830252396433,1.8101901446799795,11.554906242380213
P02_L2_40b,0.0,1.5297708333333333,corpus,-48.72973792381536,-49.54177073428505,1.8101901446799795,11.977129148936875
P01_L2_31a,0.0,1.71125,corpus,-45.154356839364034,-45.87425392552426,1.8101901446799795,11.268336774213275
P02_L2_51a,0.0,1.3863541666666668,corpus,-50.34377810251799,-49.5897993790476,1.8101901446799795,11.530415028078838
P01_L1_25a,0.0,1.5056458333333333,corpus,-45.17114096129967,-45.11782657398897,1.8101901446799795,9.510120062496679
P01_L1_51b,0.0,1.74975,corpus,-44.886520647321426,-46.972559677927116,1.8101901446799795,9.834769563482254
P01_L1_16b,0.0,1.8915,corpus,-46.23971767526455,-46.75426617790671,1.8101901446799795,9.90898037294653
P03_L1_43a,0.0,1.6468125,corpus,-45.463674834280305,-44.2907434463501,1.8101901446799795,2.5357927353426746
P02_L1_07a,0.0,1.4247916666666667,corpus,-48.397629428917256,-48.58281784057617,1.8101901446799795,10.774418207337845
P03_L1_25a,0.0,1.5711875,corpus,-43.659412942874205,-46.83864817899816,1.8101901446799795,9.441866101875608
P03_L2_46a,0.0,1.311125,corpus,-45.457303345658396,-44.75331015335886,1.8101901446799795,8.950504218913526
P05_L1_83b,0.0,1.4983125,corpus,-43.035048828125,-45.36609798007541,1.761385836462109,10.065107548759048
P03_L2_88a,0.0,1.311125,corpus,-47.664345777671755,-45.33910891884252,1.7549760956045284,7.678717326336923
P02_L1_46b,0.0,1.5261875,corpus,-46.25470728656046,-47.28654700831363,1.7549760956045284,8.828959659045392
P02_L1_89a,0.0,1.852875,corpus,-45.97920713682432,-49.384559631347656,1.7549760956045284,6.845455380828369
P01_L2_46b,0.0,1.6262083333333333,corpus,-44.99711524635736,-45.3849828619706,1.7549760956045284,12.636020401346908
P03_L2_88b,0.0,1.5475625,corpus,-44.7220703125,-45.553361189992806,1.7549760956045284,10.601456296455993
P02_L2_74a,0.0,1.3290208333333333,corpus,-49.69767680921053,-48.82052485148112,1.7549738906458245,10.938531578968025
P03_L2_07b,0.0,1.3970625,corpus,-47.855071149553574,-46.41690731048584,1.7488856634981265,11.285028672623604
P03_L2_03b,0.0,1.268125,corpus,-45.19769623523622,-44.66383171081543,1.7488856634981265,11.111746350380818
P03_L1_63b,0.0,1.36925,corpus,-45.96151488366788,-47.07218551635742,1.7488856634981265,8.377229409979677
P03_L1_07a,0.0,1.36975,corpus,-46.419169850593065,-45.11536712646485,1.7488856634981265,7.338429475447594
P05_L2_63a,0.0,1.648625,corpus,-46.99470880681818,-48.99580001831055,1.7488856634981265,10.501738917073997
P03_L1_37b,0.0,1.5510625,corpus,-45.05719506048387,-46.0913387298584,1.7488856634981265,10.273822939229582
P03_L1_37a,0.0,1.5510625,corpus,-43.38821824596774,-46.2833330154419,1.7488856634981265,10.926943660693588
P02_L1_81b,0.0,1.5617916666666667,corpus,-44.165596203926285,-45.47608528137207,1.7488843968013728,8.435436719896241
P03_L1_18a,0.0,1.2690625,corpus,-45.951902374507874,-45.65291842292337,1.7488843968013728,11.581347951784057
P03_L2_18b,0.0,1.4185625,corpus,-48.71030479753521,-49.18739139332491,1.7488843968013728,12.803398347659485
P03_L1_81a,0.0,1.5188125,corpus,-44.06106085526316,-46.82160987854004,1.7488843968013728,12.590941716143082
P02_L1_61a,0.0,1.2986041666666666,corpus,-49.93811598557692,-49.44626550113453,1.748883130104619,11.506968704429259
P02_L1_61b,0.0,1.2250833333333333,corpus,-49.66656742251016,-49.94262829948874,1.748883130104619,12.472686595475668
P02_L1_81a,0.0,1.5617916666666667,corpus,-43.11706855969551,-44.814351844787595,1.748883130104619,9.222641075902988
P05_L1_37a,0.0,1.9089375,corpus,-46.391581110929316,-45.84315814971924,1.7475677911111265,10.660226791836944
P03_L2_27b,0.0,1.5260625,corpus,-43.800816355187905,-43.94905090332031,1.747565744567926,12.507525499310852
P02_L2_35a,0.0,1.752875,corpus,-44.967533482142855,-46.201980937610976,1.746431856613498,4.123478010077417
P01_L1_62a,0.0,1.4800208333333333,corpus,-47.39131453230574,-48.00278412668329,1.7464310197298014,9.870128390378316
P05_L1_60a,0.0,1.7435,corpus,-48.014485677083336,-49.28875754861271,1.7222482544477664,11.820657527911354
P04_L2_42a,0.0,2.10675,corpus,-48.02185000740521,-49.36613221602006,1.7154796729441355,8.17964169947307
P02_L2_82b,0.0,1.4060833333333334,corpus,-45.694114306294324,-44.55483386391088,1.715476232184202,10.6995901756706
P01_L1_48b,0.0,1.74975,corpus,-47.98344866071429,-49.06113016037714,1.715476232184202,9.3452649682228
P02_L1_36b,0.0,1.7501041666666666,corpus,-42.752502790178575,-45.882005310058595,1.715476232184202,12.06032255299895
P02_L2_82a,0.0,1.3482916666666667,corpus,-46.80902416087963,-47.3674037331029,1.715476232184202,11.946035556248049
P01_L1_48a,0.0,1.7161041666666668,corpus,-47.919882131177324,-49.3617669968378,1.715476232184202,8.10964838888669
P01_L2_55a,0.0,1.6790208333333334,corpus,-47.081612723214285,-48.456210666232636,1.6904485370260598,13.555877847697008
P01_L2_10a,0.0,1.9106458333333334,corpus,-46.4385276914267,-48.58734050549959,1.6904474382472663,10.470088924939688
P03_L1_71b,0.0,1.67325,corpus,-47.01579165886976,-49.21469007219587,1.6904463394684726,6.886455091223304
P02_L2_10b,0.0,1.4745625,corpus,-50.224396789965986,-49.703005138196446,1.6904463394684726,9.581075945723967
P01_L1_89a,0.0,1.9770208333333332,corpus,-45.343868371212125,-46.36215643449263,1.6904463394684726,6.2418319036438135
P01_L1_58b,0.0,1.74,corpus,-47.68715764188219,-48.080566951206755,1.6904463394684726,9.345223405782384
P01_L1_43b,0.0,1.7905,corpus,-48.576461024790504,-49.04444198608398,1.6904463394684726,9.859552257372876
P03_L1_52a,0.0,1.448625,corpus,-46.87238011853448,-48.542645504600124,1.6742793883506621,8.425355045774666
P01_L1_74b,0.0,1.978875,corpus,-45.82717309816919,-47.8675791422526,1.6742793883506621,9.457795996184903
P02_L1_34b,0.0,1.4766666666666666,corpus,-48.11385201119088,-50.23786344026264,1.6742793883506621,11.154418866293046
P05_L1_61a,0.0,1.8911875,corpus,-44.228980654761905,-46.85213290943819,1.6742793883506621,12.282158009782105
P01_L1_46b,0.0,1.7161041666666668,corpus,-45.47196641079215,-46.38027733250668,1.6742793883506621,8.61945315266123
P03_L2_50a,0.0,1.569,corpus,-46.529212903065286,-45.78085308074951,1.6742793883506621,10.098395447079842
P05_L1_33a,0.0,1.6484375,corpus,-49.26784150094697,-49.473386192321776,1.6742793883506621,13.003171030884488
P01_L1_58a,0.0,1.7200208333333333,corpus,-48.44523301235465,-48.62505940028599,1.6742793883506621,9.163515619613996
P04_L1_29b,0.0,1.8435,corpus,-50.184262483016305,-50.33357820056734,1.6742793883506621,9.484184248981844
P01_L1_29b,0.0,1.7748333333333333,corpus,-46.613948843573446,-46.232362293061755,1.6742793883506621,6.7209978933375325
P05_L2_88b,0.0,1.414125,corpus,-47.63640015514184,-49.62073356226871,1.6742793883506621,12.48940272920873
P01_L2_44b,0.0,1.859125,corpus,-46.46466523857527,-47.44470395539936,1.6742793883506621,13.690352941301601
P02_L1_59b,0.0,1.3475833333333334,corpus,-50.29730541087963,-49.76507314046224,1.6742793883506621,11.857572209307936
P01_L1_69b,0.0,1.7986458333333333,corpus,-46.944851345486114,-47.76861839294433,1.6742793883506621,9.778246758615207
P03_L2_12b,0.0,1.5905,corpus,-49.815297636595915,-47.907213020324704,1.6742793883506621,10.63578980627846
P05_L2_28a,0.0,1.4286875,corpus,-46.04577892810315,-46.84096010993509,1.6742793883506621,11.169380197557565
P03_L1_33a,0.0,1.4100625,corpus,-44.70478377105496,-45.679961395263675,1.6742793883506621,11.437553133677437
P02_L2_34a,0.0,1.3544791666666667,corpus,-51.09363787615741,-50.270212273848685,1.6742793883506621,11.103529585296293
P05_L1_14b,0.0,1.93,corpus,-46.84653801003886,-49.97700670030382,1.6742793883506621,10.69510439700315
P01_L1_42a,0.0,1.9238333333333333,corpus,-46.464080810546875,-47.78809200633656,1.6742793883506621,6.790882546422356
P05_L2_60a,0.0,1.5348125,corpus,-48.60669104881536,-48.83891251507927,1.6742791064487248,10.995420110977197
P03_L1_86a,0.0,1.209875,corpus,-47.20987619447314,-45.93945332577354,1.6742791064487248,13.914017686706128
P03_L2_43b,0.0,1.4830625,corpus,-48.024080843538854,-46.479845237731936,1.6742791064487248,12.43940664473314
P03_L1_18b,0.0,1.36975,corpus,-43.96956974224452,-46.38295252182905,1.6742789654977561,10.595078727888353
P02_L2_08a,0.0,1.433625,corpus,-51.41467029064685,-50.90059365166558,1.6742789654977561,11.737939556916068
P05_L2_85a,0.0,1.6195625,corpus,-47.10332272376543,-49.82922202662418,1.6742788950222718,11.52521050069447
P03_L2_26b,0.0,1.3970625,corpus,-46.57002650669643,-45.552164168584916,1.6742788950222718,15.112996006639044
P03_L2_85b,0.0,1.354125,corpus,-45.48342013888889,-45.068343112343236,1.6742788950222718,7.31506455554339
P01_L2_47a,0.0,1.5670625,corpus,-45.93936293292197,-44.8653160898309,1.6742788950222718,8.762449977259191
P05_L1_43b,0.0,1.5741875,corpus,-47.58913465366242,-48.742981910705566,1.6742788245467874,13.157295483043292
P05_L1_44a,0.0,1.5923125,corpus,-45.97607728970126,-44.865162096525495,1.6742788245467874,9.82215708187304
P05_L2_39a,0.0,1.7093125,corpus,-47.62074824104532,-48.65236282348633,1.6742788245467874,10.895248882968229
P05_L2_07b,0.0,1.695625,corpus,-48.33745404411765,-48.840072059631346,1.6742788245467874,10.435009956776469
P03_L2_47b,0.0,1.354125,corpus,-47.453830295138886,-45.138689743845084,1.6742788245467874,11.629025040040478
P02_L2_18b,0.0,1.2833333333333334,corpus,-48.921142578125,-48.63689086016487,1.6742788245467874,13.288577138196626
P02_L1_09a,0.0,1.3822708333333333,corpus,-45.592217929121375,-44.376586490207245,1.6742788245467874,8.801307906463883
P05_L1_87a,0.0,1.7314375,corpus,-48.21501309609827,-48.04273662567139,1.6742788245467874,15.594883812268371
P03_L1_59a,0.0,1.3096875,corpus,-46.116617217318705,-46.49142434861925,1.6742788245467874,10.214340458326788
P03_L2_39b,0.0,1.4615625,corpus,-49.6508220515839,-48.606071125377305,1.6742788245467874,14.337614060911587
P05_L1_85a,0.0,1.395125,corpus,-47.06892438616072,-47.882814507735404,1.6742788245467874,12.606906854606017
P03_L2_16a,0.0,1.5905625,corpus,-45.019205729166664,-46.894523844999426,1.6742788245467874,7.359082600490199
P01_L1_54b,0.0,1.74975,corpus,-45.337960379464285,-46.80196199919048,1.6742788245467874,8.174087492199043
P02_L2_90a,0.0,1.3675625,corpus,-46.3691869582573,-48.844619035720825,1.6742788245467874,3.223726042951121
P02_L1_08a,0.0,1.4673125,corpus,-50.781658561862244,-51.378095626831055,1.6742788245467874,11.904455442541106
P04_L2_85a,0.0,1.44325,corpus,-48.125878228081596,-48.74427213166889,1.6742788245467874,11.190843750442763
P03_L2_67a,0.0,1.375625,corpus,-48.3442772022192,-48.43690128326416,1.6742788245467874,10.843907069262379
P05_L2_08a,0.0,1.40075,corpus,-47.303620256696426,-47.39926550123427,1.6742788245467874,11.412494733590474
P04_L1_43b,0.0,1.9455625,corpus,-47.27250100160256,-48.39081363677978,1.6742788245467874,7.050716931938705
P03_L2_85a,0.0,1.397125,corpus,-45.65666155133928,-45.13743370457699,1.6742788245467874,7.543239562708369
P03_L2_61a,0.0,1.569,corpus,-45.60336634156051,-45.30795265646542,1.6742788245467874,9.435408759766393
P03_L2_84b,0.0,1.5905,corpus,-48.822741622444966,-48.3579909584739,1.6742788245467874,9.603781959521058
P05_L2_49a,0.0,1.55625,corpus,-49.11918757512019,-50.63687218560113,1.6742788245467874,10.177871343054935
P03_L2_61b,0.0,1.375625,corpus,-46.41279933763587,-44.482096054974726,1.6742788245467874,12.521584332843073
P05_L1_39b,0.0,1.6646875,corpus,-48.40809429122741,-48.12587616660378,1.6742788245467874,13.180914427920285
P01_L1_26a,0.0,1.7736041666666666,corpus,-47.200051862641246,-47.5260256812686,1.6742788245467874,9.599498287988652
P03_L1_25b,0.0,1.4226875,corpus,-41.90603680677817,-45.36370064230526,1.6742786835958188,9.605633261244247
P01_L2_08a,0.0,1.7337083333333334,corpus,-46.70730220375722,-49.15994517008463,1.6742786835958188,9.408428201191121
P03_L1_73a,0.0,1.3643125,corpus,-46.12536262063419,-45.653371047973636,1.67427854264485,9.801706345556976
P03_L1_13a,0.0,1.2934375,corpus,-45.462565104166664,-45.08086395263672,1.67427854264485,15.341849535565157
P05_L1_09a,0.0,1.7330625,corpus,-47.79652501806358,-48.62956852383084,1.6742782607429127,12.789557704441467
P05_L2_33b,0.0,1.6328125,corpus,-47.62848686733129,-48.258893203735354,1.6742782607429127,12.679793382333756
P01_L1_39b,0.0,2.0231458333333334,corpus,-49.26741375309406,-50.07068027149547,1.6742782607429127,6.761565123600839
P01_L2_58b,0.0,1.9842916666666666,corpus,-46.22023950441919,-46.60210890997024,1.6742782607429127,14.549234746003226
P02_L1_02b,0.0,1.4885833333333334,corpus,-48.73452902160235,-46.899861335754395,1.6742782607429127,11.219173727927526
P05_L1_14a,0.0,1.969375,corpus,-47.46555262531726,-48.79983690049913,1.6742782607429127,10.971722346052807
P01_L2_68a,0.0,1.8316458333333334,corpus,-46.37565637807377,-48.07740362066971,1.6742782607429127,10.709524440727861
P02_L1_12b,0.0,1.6577083333333333,corpus,-46.41391836878765,-48.07103633880615,1.6742782607429127,11.848803858890747
P02_L1_39a,0.0,2.0834375,corpus,-45.79311899038461,-50.693485953591086,1.6742771331351634,11.313899957029644
P02_L2_14b,0.0,1.679375,corpus,-49.156499953497026,-50.32502640618218,1.6742771331351634,10.726658624050476
P05_L1_04b,0.0,1.55125,corpus,-49.83705267137097,-50.14967747738487,1.6742771331351634,3.692813428655601
P01_L1_42b,0.0,2.0571875,corpus,-46.76349647299757,-47.960608048872515,1.6713924779401346,6.235714445728963
P02_L2_35b,0.0,1.4978958333333334,corpus,-48.852688802083335,-48.63895450938832,1.6713924779401346,13.69225581726814
P03_L2_42a,0.0,1.698,corpus,-45.342038143382354,-44.55765446749601,1.6713924779401346,12.642889619304494
P01_L1_35b,0.0,2.2753958333333335,corpus,-44.495909573739034,-46.483276713978164,1.6713924779401346,8.731970857892112
P02_L1_35b,0.0,2.1226875,corpus,-42.605431898584904,-45.77830574729226,1.6713924779401346,12.313261774440285
P01_L2_35a,0.0,2.1105416666666668,corpus,-45.4709299096564,-46.2349159934304,1.6713924779401346,13.155926446567468
P03_L1_34a,0.0,1.6920625,corpus,-45.351016433986686,-47.695131402266654,1.6547463121823696,11.200427162303374
P02_L1_79b,0.0,1.4416666666666667,corpus,-47.79266018337674,-47.82376136779785,1.6547463121823696,7.2748221518935345
P01_L2_22a,0.0,1.8394791666666668,corpus,-44.57778532608695,-46.09428024291992,1.6513793673027017,10.90520200256034
P01_L2_07a,0.0,1.6629583333333333,corpus,-48.68768825301205,-49.329990768432616,1.6513793673027017,10.22348804800335
P01_L1_07a,0.0,1.7591666666666668,corpus,-49.47453169389205,-48.28445835113526,1.6513768339091945,6.02663491204229
P02_L2_52b,0.0,1.227,corpus,-50.285029217479675,-50.27196181447882,1.6456963652491123,10.10189557337642
P04_L2_81a,0.0,1.9206875,corpus,-48.628743489583336,-50.05972328186035,1.6456951188593691,11.610040522282027
P01_L2_06b,0.0,1.7263541666666666,corpus,-45.90519723175578,-46.769712950053965,1.6456951188593691,12.479393396063161
P05_L1_25b,0.0,1.7724375,corpus,-45.67950267037429,-47.51159982120289,1.6456951188593691,12.614543379419917
P03_L2_38a,0.0,1.4400625,corpus,-47.94396633572049,-46.43648147583008,1.6456949111277455,7.414550595602446
P04_L2_57a,0.0,1.788875,corpus,-47.52182808135475,-47.98676726397346,1.6456949111277455,10.542988196859291
P02_L1_19a,0.0,1.5689166666666667,corpus,-44.704773337977706,-45.20737053366268,1.6456947033961216,11.546288744687029
P01_L2_47b,0.0,1.8331875,corpus,-45.76224705430328,-45.58067462318822,1.6456947033961216,13.578704123509674
P04_L2_13b,0.0,1.609375,corpus,-47.487080260093165,-48.760432594700866,1.6456947033961216,10.853951340241842
P01_L2_01a,0.0,1.569125,corpus,-44.964346138535035,-44.65913751390245,1.6456947033961216,13.232623838048912
P01_L2_24b,0.0,1.6923125,corpus,-46.115927792159766,-45.768190484297904,1.6456947033961216,12.196688684482332
P01_L2_14a,0.0,1.839875,corpus,-48.66440748131794,-52.17835087246365,1.6456947033961216,7.187765557725172
P03_L2_32b,0.0,1.3755625,corpus,-46.628467504528984,-46.504661760832136,1.6456947033961216,14.49244479702405
P04_L2_68b,0.0,1.6698125,corpus,-47.037185394835326,-48.217695336592826,1.6456947033961216,10.059296703789304
P02_L1_68a,0.0,1.7581875,corpus,-46.89150168678977,-49.57219475194027,1.6456947033961216,10.516551339092537
P02_L2_72b,0.0,1.5457083333333332,corpus,-47.87659085181452,-46.46176986694336,1.6456947033961216,13.240016680139515
P04_L2_49a,0.0,1.81275,corpus,-48.676800975483424,-51.01340760125054,1.6456947033961216,8.626471260308108
P01_L2_01b,0.0,1.7055833333333332,corpus,-44.68042706048977,-45.89816517300076,1.6456947033961216,13.65960243051825
P01_L1_24a,0.0,1.5822708333333333,corpus,-45.85667709157437,-46.419705842670645,1.6456947033961216,9.248126016662834
P05_L1_59a,0.0,1.4656875,corpus,-46.6720277954932,-45.5849486456977,1.6456947033961216,12.903343618152267
P01_L1_04b,0.0,1.736125,corpus,-46.54647932381466,-47.22369786312706,1.6456947033961216,8.668221900943422
P04_L2_12a,0.0,1.8634375,corpus,-51.48158182123656,-51.82038173675537,1.6441403719004557,9.449545060837131
P02_L2_28b,0.0,1.4020833333333333,corpus,-49.29853864397322,-48.77338544060202,1.644138306802343,11.16792339441086
P05_L1_64b,0.0,1.4159375,corpus,-50.993765817561616,-50.97951793670654,1.6429674467991888,11.290727562369831
P02_L1_87a,0.0,1.6407083333333334,corpus,-47.69747999237805,-47.3160343170166,1.6429674467991888,5.8791058070222135
P03_L1_22b,0.0,1.3453125,corpus,-45.26524522569444,-46.04626891192268,1.6368653053800746,-2.191348884313717
P02_L2_12b,0.0,1.5155416666666666,corpus,-50.15532162314967,-50.14454021453857,1.6298966771621082,14.813063584807995
P05_L2_46a,0.0,1.5818125,corpus,-42.77589744857595,-45.146393625359785,1.627755739308823,12.240606493774344
P03_L2_31b,0.0,1.4185625,corpus,-44.50840393926056,-44.39916480214972,1.627755739308823,12.71567048911321
P02_L1_65a,0.0,1.6383125,corpus,-49.48684915682165,-49.94172303572945,1.627755739308823,9.048114684453552
P03_L1_85b,0.0,1.261375,corpus,-45.42949761284722,-45.63884554411236,1.6277546405300292,9.199492680229973
P03_L1_73b,0.0,1.3643125,corpus,-47.44437184053309,-48.63685779571533,1.6277546405300292,11.214658823472558
P02_L2_65b,0.0,1.4501041666666667,corpus,-47.297932381465515,-46.37132777338443,1.6277535417512357,10.40773559658933
P03_L2_13b,0.0,1.311125,corpus,-49.58091677600191,-48.946715907046666,1.6277535417512357,11.613507270704794
P03_L1_58a,0.0,1.508125,corpus,-45.72630380794702,-45.779778798421226,1.6277535417512357,10.535631014861679
P02_L2_65a,0.0,1.4341666666666666,corpus,-48.86724554742133,-48.034203736678414,1.6277535417512357,7.760362924290625
P03_L2_28b,0.0,1.182125,corpus,-48.94858150158898,-48.424544614904065,1.6277535417512357,10.70971468511678
P03_L1_38b,0.0,1.4704375,corpus,-45.083034385629254,-47.164713859558105,1.6277535417512357,11.060183024998054
P02_L2_29b,0.0,1.386375,corpus,-49.712707958633096,-49.3819214957101,1.6277535417512357,11.66321677836914
P02_L1_43b,0.0,1.650375,corpus,-46.81002900094697,-47.77451000213623,1.6277535417512357,7.18180610763071
P02_L1_31a,0.0,1.4623125,corpus,-46.16201238762842,-48.61288010446649,1.6277535417512357,13.582899980288694
P05_L2_58a,0.0,1.780375,corpus,-45.38546512903792,-47.518222990490145,1.6277535417512357,12.412935209735156
P05_L2_48a,0.0,1.6583125,corpus,-45.16070336031626,-47.88572311401367,1.6277513441936484,10.331448409545501
P04_L2_23a,0.0,2.308125,corpus,-47.336140422077925,-49.17252107100053,1.6247808077063444,9.908645448599636
P02_L1_64b,0.0,1.3985625,corpus,-48.647879464285715,-49.21906433105469,1.6247808077063444,13.520947400558835
P05_L2_79a,0.0,1.6668125,corpus,-47.19159045190868,-48.67326431274414,1.6247808077063444,10.425799872939916
P03_L2_73b,0.0,1.5260625,corpus,-45.848007301879086,-45.12253131866455,1.6247808077063444,9.002514219310648
P02_L1_66b,0.0,1.6782708333333334,corpus,-45.698067801339285,-45.53903728061252,1.6247808077063444,10.42401256461904
P05_L2_73b,0.0,1.4081875,corpus,-49.634762162012414,-48.5307957649231,1.6247808077063444,7.595275541378701
P01_L2_16b,0.0,1.6275625,corpus,-47.763462183665645,-49.17579650878906,1.6247808077063444,11.894664899680002
P05_L2_20a,0.0,1.4541875,corpus,-45.61407933728448,-44.529263973236084,1.6247808077063444,8.887479022035013
P05_L2_23a,0.0,1.811375,corpus,-46.20553133632597,-47.93104431845925,1.6247808077063444,10.927664209442124
P05_L2_67b,0.0,1.5455625,corpus,-49.80316280241936,-50.70493717193604,1.6247808077063444,10.69708525138224
P01_L2_29b,0.0,1.8514166666666667,corpus,-47.273094383445944,-48.04268755231585,1.6247808077063444,11.037380100127244
P02_L2_30b,0.0,1.3704166666666666,corpus,-51.456585737910586,-51.50389567288485,1.6247808077063444,12.839810370859638
P05_L1_20a,0.0,2.1663125,corpus,-42.926622803859445,-43.410030364990234,1.6247808077063444,13.114796830281016
P01_L1_53a,0.0,1.8170416666666667,corpus,-45.23087117960165,-47.4497922261556,1.6247808077063444,10.427170378776676
P03_L2_53b,0.0,1.332625,corpus,-46.57022806038534,-46.82180256313748,1.6247808077063444,12.065511319253012
P01_L1_53b,0.0,1.7834166666666667,corpus,-46.754756627457866,-48.124586741129555,1.6247808077063444,8.958109535487392
P05_L2_65a,0.0,1.6829375,corpus,-49.10814267113095,-49.11975877181344,1.6247808077063444,9.4468616118224
P02_L1_20b,0.0,1.1759583333333334,corpus,-45.718745862023304,-45.36814093589783,1.6247801177826209,10.49094835130246
P02_L1_05b,0.0,1.6799791666666666,corpus,-44.936349051339285,-44.73717392815484,1.6247794278588972,12.624360996401755
P02_L2_21a,0.0,1.1604375,corpus,-49.61962048760776,-49.71829520331489,1.6247794278588972,11.693941857996371
P05_L1_49a,0.0,1.5741875,corpus,-45.10188283738057,-45.82152790493436,1.6247794278588972,7.913298700762951
P02_L2_73a,0.0,1.3704166666666666,corpus,-51.14987026687956,-50.82288227081299,1.6247752883165554,10.22419346415839
P02_L1_16a,0.0,1.4142916666666667,corpus,-46.837575493129435,-46.366510054644415,1.6247752883165554,13.547435468883407
P05_L1_80b,0.0,1.788625,corpus,-44.41889621159218,-46.1410710811615,1.623307128359122,11.90096513486668
P02_L2_26b,0.0,1.3323541666666667,corpus,-48.20920098096804,-48.302019936697825,1.6162214346493105,7.147401812158098
P03_L2_29a,0.0,1.3755625,corpus,-47.876875283061594,-49.004659925188335,1.6162186749544158,10.117814466054163
P03_L1_27a,0.0,1.20925,corpus,-46.21461373321281,-46.08272516159784,1.5895444469302535,12.716441576664547
P03_L1_87a,0.0,1.4415625,corpus,-44.72688462999132,-44.31829013824463,1.5895444469302535,10.904382606280212
P04_L2_21a,0.0,1.3764375,corpus,-49.035234091938406,-49.641335593329536,1.5840099909712453,9.453153043019192
P01_L1_68a,0.0,1.5600208333333334,corpus,-47.862617688301285,-48.129900079024466,1.5840099909712453,10.544764929487453
P03_L2_83a,0.0,1.311125,corpus,-45.490737565601144,-45.452582677205406,1.5840099909712453,6.993210172185766
P01_L1_21b,0.0,1.7729166666666667,corpus,-46.45973472810734,-48.514929665459526,1.5840099909712453,10.74233784362881
P01_L2_90b,0.0,1.7931666666666666,corpus,-44.185814202164806,-45.89940047264099,1.5840099909712453,14.812200371245016
P03_L2_42b,0.0,1.5260625,corpus,-46.81112132352941,-46.3029091574929,1.5840099909712453,9.268695671067839
P02_L1_90b,0.0,1.6896875,corpus,-45.75244429548817,-48.748188972473145,1.5840099909712453,4.6690479908320235
P05_L2_35b,0.0,1.8879375,corpus,-45.10278707837302,-46.65981587496671,1.5840099909712453,12.208706259819397
P03_L1_90b,0.0,1.2835625,corpus,-45.0199089050293,-46.162346601486206,1.5840092535615877,8.232883770741918
P01_L1_38a,0.0,1.8745208333333334,corpus,-47.905931442179146,-50.23735389709473,1.584007041332615,6.977579710496968
P04_L2_21b,0.0,1.9058125,corpus,-48.16898110274869,-50.72929424709744,1.584004091693985,11.140895550810594
P03_L2_09b,0.0,1.246625,corpus,-49.67152734375,-48.03367953830295,1.5776524871233824,10.623721564404079
P02_L1_29b,0.0,1.5287916666666668,corpus,-49.79405381944444,-50.58961159842355,1.5776524871233824,11.544055333722273
P03_L1_43b,0.0,1.3455625,corpus,-44.692730034722224,-46.15337219238281,1.5776524871233824,11.48818592936022
P03_L1_77b,0.0,1.5188125,corpus,-46.83667313425165,-48.46600963758386,1.5776524871233824,10.156157859185448
P03_L1_24a,0.0,1.5711875,corpus,-42.9365514281449,-45.793988478811166,1.5776524871233824,11.573977311852605
P05_L2_54b,0.0,1.84175,corpus,-44.83350670855978,-46.51971776861893,1.5776499414124274,13.575766238593122
P02_L1_75a,0.0,1.3474791666666666,corpus,-47.322102864583336,-48.527527279324005,1.5709985417348549,9.353693613496112
P04_L2_39a,0.0,1.82725,corpus,-48.6604337431694,-49.04218812422319,1.5671586755090385,9.150653960055507
P05_L2_46b,0.0,1.47975,corpus,-44.82630714210304,-45.32098569368061,1.5671579347138056,10.913698795699666
P05_L2_74b,0.0,1.5111875,corpus,-43.094817104718544,-45.65477307637533,1.5480207421676133,10.886709343349299
P03_L2_28a,0.0,1.246625,corpus,-46.84630859375,-46.86300636740292,1.5455256478006973,10.737300113507658
P01_L1_66a,0.0,1.5400208333333334,corpus,-47.685477120535715,-47.319575203789604,1.545523835884884,9.56508535820717
P01_L2_12a,0.0,1.6983541666666666,corpus,-47.89121668198529,-48.845236206054686,1.545522476948024,10.587070506890498
P01_L1_62b,0.0,1.5800208333333334,corpus,-45.58101451246044,-46.5505495573345,1.5455222504585475,7.661271794388291
P01_L1_61b,0.0,1.4800208333333333,corpus,-46.73534826330236,-46.041039410759424,1.5455220239690708,9.708079524682084
P04_L2_37b,0.0,1.89175,corpus,-48.53425202546296,-49.15649681091308,1.5455220239690708,11.836029397079585
P01_L2_72a,0.0,2.1430625,corpus,-45.79322429906542,-47.449199485778806,1.5455220239690708,11.928792588513907
P05_L2_28b,0.0,1.734875,corpus,-44.53401880870665,-48.804099812227136,1.5455220239690708,11.631294301958519
P03_L1_09b,0.0,1.65175,corpus,-42.40936316287879,-44.25941011640761,1.5455220239690708,1.0897616597671131
P02_L1_20a,0.0,1.1361041666666667,corpus,-45.32358055783991,-44.0514497756958,1.5455220239690708,4.34155700544877
P04_L2_51a,0.0,2.6565,corpus,-43.497422756109025,-48.494869232177734,1.5455220239690708,7.940008727039427
P05_L1_47a,0.0,1.58325,corpus,-45.14215474189082,-43.85934488396896,1.5455220239690708,11.793789710161704
P01_L2_51b,0.0,1.5966458333333333,corpus,-48.438839721679685,-48.43114250584652,1.5455220239690708,13.974351793074792
P03_L1_10a,0.0,1.389875,corpus,-43.31644489096223,-43.51266519646896,1.5455220239690708,5.898069925769811
P01_L1_14b,0.0,1.932625,corpus,-48.867541693652846,-51.01246897379557,1.5455220239690708,7.925133350760056
P05_L1_51a,0.0,1.5741875,corpus,-47.57891184812898,-48.106704912687604,1.5455220239690708,15.153792890976746
P05_L2_08b,0.0,1.8308125,corpus,-44.88289788251366,-47.587074279785156,1.5455220239690708,10.503726436503662
P01_L1_61a,0.0,1.6,corpus,-45.448385620117186,-45.75026725320255,1.5455220239690708,10.892640798279661
P04_L1_01b,0.0,1.5685,corpus,-49.60712641819268,-49.97670703464084,1.5455220239690708,10.785530856414475
P01_L1_90b,0.0,1.8957708333333334,corpus,-45.1982421875,-46.837451696395874,1.5455220239690708,7.042457362005695
P01_L1_84b,0.0,1.6956041666666666,corpus,-48.82887752757353,-48.94079537825151,1.5455220239690708,9.27438679042029
P01_L2_03a,0.0,1.4736041666666666,corpus,-47.94521949404762,-48.59815343221029,1.5455220239690708,11.910369212613691
P04_L1_17b,0.0,1.6003125,corpus,-48.657867431640625,-49.03346834684673,1.5455220239690708,12.086729340765839
P05_L2_63b,0.0,1.5111875,corpus,-48.06601821192053,-49.19585128057571,1.5455220239690708,13.361824087507074
P01_L2_63a,0.0,1.801125,corpus,-49.50119900173611,-50.048623402913414,1.5455220239690708,13.445493888807945
P03_L1_36a,0.0,1.4100625,corpus,-46.6980898160461,-45.6358757019043,1.5455220239690708,14.311957157422684
P03_L2_50b,0.0,1.4615625,corpus,-45.565456442636986,-45.696306228637695,1.5455220239690708,10.545865920682573
P03_L1_40b,0.0,1.52425,corpus,-45.06970857319079,-46.37354178177683,1.5455220239690708,11.10200292772592
P05_L1_74a,0.0,1.569125,corpus,-47.23466423666401,-46.4280751546224,1.5455220239690708,11.305675480154335
P01_L1_28b,0.0,1.646,corpus,-51.21807528409091,-51.56746561387006,1.5455220239690708,5.632069903168485
P03_L1_56b,0.0,1.5050625,corpus,-44.467540614652314,-43.66965548197428,1.5455220239690708,11.211183214985766
P04_L2_89a,0.0,1.608,corpus,-49.70274589965062,-49.727128288962625,1.5455220239690708,4.1802879307066725
P03_L1_28a,0.0,1.2891875,corpus,-47.32343522892442,-47.823821123908544,1.5455220239690708,12.025499152074108
P01_L1_51a,0.0,1.6824583333333334,corpus,-49.72011021205357,-50.635842172723066,1.5455220239690708,9.893274837226414
P03_L1_50b,0.0,1.27,corpus,-43.03328770915354,-43.60493812561035,1.5455220239690708,10.395154249850862
P05_L1_75b,0.0,1.6498125,corpus,-47.58183001893939,-50.00151104397244,1.5399100413202456,10.166439222403973
P03_L1_08b,0.0,1.51075,corpus,-44.53476497826987,-44.45270601908366,1.5399100413202456,7.1941234033308845
P05_L2_42a,0.0,1.53075,corpus,-47.81797640931372,-48.22051256353205,1.5399100413202456,11.319164633921307
P04_L1_67b,0.0,1.9404375,corpus,-49.49307848743557,-50.75371417999268,1.5399100413202456,14.10652163276347
P03_L1_11b,0.0,1.4301875,corpus,-47.28558989838287,-47.60129567196495,1.539908783141173,9.761342529036177
P03_L2_19b,0.0,1.3540625,corpus,-50.881430844907406,-50.3119571910185,1.539908783141173,7.7805508949427775
P05_L1_33b,0.0,1.6205625,corpus,-48.380238474151234,-49.86020221710205,1.539908783141173,11.887537097392904
P03_L2_30a,0.0,1.4185625,corpus,-49.71067272777289,-50.0704122023149,1.5399075249621006,9.80477056240274
P01_L1_11a,0.0,1.6074583333333334,corpus,-47.742023728649066,-46.70409553929379,1.5399075249621006,11.138651838944359
P03_L2_11b,0.0,1.5475625,corpus,-49.618324722782255,-51.17534637451172,1.5399075249621006,7.16599790867577
P01_L1_24b,0.0,1.6204791666666667,corpus,-47.15934847608025,-47.03590955232319,1.5399050086039556,7.246504643602869
P03_L2_58b,0.0,1.6335,corpus,-46.84155722776074,-46.4724131992885,1.5267656881760776,10.040597903065496
P05_L1_72a,0.0,1.355875,corpus,-48.468329934512866,-46.93954868316651,1.5267626748572998,11.38956449186794
P02_L2_75a,0.0,1.4060833333333334,corpus,-47.39393215314716,-47.83759880065918,1.525810137320718,11.377424900752484
P03_L2_25a,0.0,1.268125,corpus,-47.97246016855315,-45.66135002585018,1.5209842815008114,9.42962633454594
P05_L1_86a,0.0,1.4200625,corpus,-45.11845978213028,-44.542457379792864,1.5209842815008114,11.848669675952639
P02_L2_40a,0.0,1.4182291666666667,corpus,-49.02650473151409,-49.59940940455387,1.5209842815008114,10.917389320035234
P03_L2_34a,0.0,1.311125,corpus,-46.66653745229008,-47.3518056367573,1.5209842815008114,11.115663195389498
P03_L1_03a,0.0,1.08,corpus,-45.71949598524306,-44.532441563076446,1.5209842815008114,4.260355798998322
P03_L2_59b,0.0,1.5260625,corpus,-45.457835477941174,-45.130049811469185,1.5209842815008114,10.171631344768745
P04_L1_39b,0.0,1.933875,corpus,-48.83209196891192,-49.28669825467196,1.5209842815008114,7.545728953022294
P04_L1_43a,0.0,1.824375,corpus,-47.95829219608517,-48.8015193939209,1.5209842815008114,10.371716377994431
P05_L2_25a,0.0,1.6073125,corpus,-41.77431398000776,-44.005187539493335,1.5209842815008114,11.566810200696935
P03_L2_76a,0.0,1.3970625,corpus,-45.219081333705354,-45.23355122616417,1.5209842815008114,10.603317239988101
P01_L1_25b,0.0,1.6077291666666667,corpus,-45.31276082104037,-45.62498249727137,1.5209842815008114,7.257595008224953
P05_L2_31a,0.0,1.58175,corpus,-45.543324144580694,-46.02791213989258,1.5209842815008114,10.71789252137333
P02_L1_24a,0.0,1.6337291666666667,corpus,-45.061870925996935,-46.44193398325067,1.5209842815008114,9.18243754288181
P01_L2_03b,0.0,1.5691458333333332,corpus,-46.78608927149681,-47.23584111531576,1.5209834195993523,12.26628670670297
P05_L2_10a,0.0,1.9905,corpus,-43.96952536118091,-47.54278383756939,1.5209825576978935,11.666666716067343
P05_L2_87b,0.0,1.845375,corpus,-45.72621410472973,-48.965088272094725,1.5065434464792486,13.03277355160094
P04_L2_66b,0.0,1.5971875,corpus,-47.38662109375,-47.98232756720649,1.5065419398198596,11.263515757646271
P05_L2_87a,0.0,1.674875,corpus,-45.920854579902695,-49.16219692230224,1.5065419398198596,12.24359320578133
P05_L1_87b,0.0,1.6719375,corpus,-49.76245555763473,-50.082702827453616,1.5065419398198596,12.964821648574308
P02_L1_66a,0.0,1.4385208333333332,corpus,-45.769432915581596,-46.62392361958822,1.5065411864901652,12.55529930773308
P03_L2_73a,0.0,1.5260625,corpus,-48.47517105800654,-47.23151426315307,1.5065404331604708,9.403478678183507
P03_L2_87a,0.0,1.6765,corpus,-44.77757626488095,-43.9520824432373,1.5065404331604708,8.646048740080602
P01_L1_32b,0.0,1.6716666666666666,corpus,-45.34259800711078,-47.154119190416836,1.4987682282624992,10.024491078358405
P04_L1_62b,0.0,2.0829375,corpus,-43.46605036808894,-47.61477460359272,1.4987682282624992,10.466107856969973
P02_L1_69a,0.0,1.5983541666666667,corpus,-46.88084106445312,-45.96873226165771,1.496927932833342,11.66548383931605
P04_L2_69b,0.0,1.887625,corpus,-50.090179604828045,-50.26753730773926,1.496927932833342,10.571737502794122
P02_L2_47b,0.0,1.3863541666666668,corpus,-45.3278334363759,-43.84127747385126,1.496927932833342,15.748805695971523
P05_L2_69a,0.0,1.7173125,corpus,-44.604086232739824,-47.92371006011963,1.496927932833342,12.261725027351684
P05_L1_02a,0.0,1.6485,corpus,-50.746774384469695,-49.708417129516604,1.496927932833342,9.760865831597215
P01_L1_22a,0.0,1.7347916666666667,corpus,-47.369230942919074,-49.74615478515625,1.496927932833342,9.029569290987716
P05_L2_22b,0.0,1.50525,corpus,-46.64997995136589,-47.596519470214844,1.4969268187642362,11.56342170039035
P02_L2_22b,0.0,1.3323541666666667,corpus,-48.50277182213346,-49.091100804946,1.4969268187642362,13.42796285634531
P05_L1_36a,0.0,2.1985,corpus,-46.26114612926136,-47.36281108856201,1.4943689981586104,11.275039558876333
P02_L1_73a,0.0,1.5517708333333333,corpus,-48.125504032258064,-49.155971145629884,1.4943689981586104,8.549205203792383
P05_L1_29a,0.0,1.9565,corpus,-47.85560327646684,-49.92540468488421,1.4943689981586104,12.016702744166345
P02_L1_38a,0.0,1.7500833333333334,corpus,-47.45148995535714,-50.47509899139404,1.4943689981586104,10.736347684943855
P03_L1_46a,0.0,1.4684375,corpus,-44.8293839019983,-44.993881024812396,1.4943689981586104,9.349214159231991
P02_L2_59a,0.0,1.258875,corpus,-49.566041976686506,-48.36863602532281,1.4943689981586104,8.47017162747041
P02_L2_63a,0.0,1.3704166666666666,corpus,-49.457555172217155,-50.04390189761207,1.4943689981586104,6.527511976735735
P05_L2_86a,0.0,1.374,corpus,-47.745227674498175,-47.753468563682155,1.4943689981586104,12.864153216232435
P02_L2_12a,0.0,1.5155208333333334,corpus,-49.27834601151316,-49.84123229980469,1.4943689981586104,13.004025710758626
P05_L2_52a,0.0,1.28925,corpus,-47.194002846414726,-48.885454880563834,1.4943689981586104,10.60217751065101
P02_L1_67a,0.0,1.3186458333333333,corpus,-49.39893317945076,-48.99086647033691,1.4943689981586104,7.895018631074048
P02_L1_02a,0.0,1.38225,corpus,-48.82479548799819,-47.50909080505371,1.4943689981586104,20.246015609606552
P02_L1_46a,0.0,1.7609791666666668,corpus,-44.75584827769887,-47.32954266196803,1.4943689981586104,8.773719938019639
P02_L2_72a,0.0,1.4182291666666667,corpus,-50.121901821082744,-49.12608013153076,1.4943689981586104,9.457223693217433
P02_L1_44b,0.0,1.4286666666666668,corpus,-50.31703452797203,-50.90909616570724,1.4943689981586104,8.838054507611723
P05_L1_81a,0.0,1.6019375,corpus,-46.06306457519531,-46.86589374542236,1.4943689981586104,13.182070445080523
P05_L2_04a,0.0,1.48675,corpus,-49.13916671036074,-49.7022715116802,1.4943689981586104,10.433606556737118
P05_L2_18a,0.0,1.6328125,corpus,-45.11391631518405,-47.30320807064281,1.4943689981586104,11.436997352503205
P05_L2_72a,0.0,1.5455625,corpus,-47.67742880544355,-47.29531478881836,1.4943689981586104,7.790680578974175
P03_L2_05a,0.0,1.4400625,corpus,-44.877583821614586,-44.99468591478136,1.4943689981586104,6.076118419747306
P03_L2_62a,0.0,1.655,corpus,-45.51565147307982,-46.64798455489309,1.4943689981586104,6.450983403261674
P01_L2_78a,0.0,1.7057083333333334,corpus,-46.88713850054825,-48.89106732323056,1.4943689981586104,11.275214937091437
P05_L1_63a,0.0,1.456125,corpus,-46.804262762200345,-46.546630677722746,1.4943689981586104,10.705435524016103
P02_L1_78a,0.0,1.52175,corpus,-50.12842439350329,-50.34009206862677,1.4943689981586104,8.75299272147085
P02_L1_82a,0.0,1.6018541666666666,corpus,-44.181585693359374,-45.678522411145664,1.4943689981586104,8.1495319567261
P02_L2_57a,0.0,1.1951458333333334,corpus,-46.314274088541666,-46.751455419203815,1.4943689981586104,9.044978727856567
P02_L2_60a,0.0,1.1632708333333333,corpus,-49.58636264143319,-49.92686282887178,1.4943689981586104,12.098502654435833
P05_L2_27a,0.0,1.4541875,corpus,-45.21004849137931,-44.70292663574219,1.4943689981586104,11.662998407476259
P05_L2_36a,0.0,1.6073125,corpus,-42.29885542022515,-43.31276607513428,1.4943689981586104,10.749358655290632
P05_L2_22a,0.0,1.5818125,corpus,-45.37822636471519,-47.42424302942612,1.4943689981586104,11.384373386764786
P05_L2_17a,0.0,1.53075,corpus,-45.2650696997549,-46.87369115729081,1.4943689981586104,11.53662160873252
P01_L1_13a,0.0,1.332875,corpus,-48.617642739661655,-49.31819735075298,1.4943689981586104,6.541508804024563
P02_L2_45a,0.0,1.227,corpus,-49.63550400152439,-49.67216632240697,1.4943689981586104,10.5140821414575
P03_L1_64a,0.0,1.666875,corpus,-44.93170494947605,-45.619326972961424,1.4943689981586104,0.044401069437324026
P02_L2_16b,0.0,1.5720833333333333,corpus,-45.639732409434714,-44.86461504767923,1.4943689981586104,7.316725658247382
P02_L2_39b,0.0,1.625375,corpus,-50.26579275306749,-48.87674782492898,1.4943689981586104,11.99364640933888
P02_L1_83a,0.0,1.401625,corpus,-46.36970563616072,-46.95502620273166,1.4943689981586104,4.231919007452088
P05_L2_83a,0.0,1.500125,corpus,-46.531764322916665,-49.43998824225532,1.4943689981586104,11.380528134101816
P02_L2_61b,0.0,1.258875,corpus,-47.910772414434526,-47.781854292925665,1.4943689981586104,9.61554550241063
P02_L1_43a,0.0,1.5764791666666667,corpus,-47.238738627373415,-48.29042854309082,1.4943689981586104,6.996862670810621
P01_L2_09b,0.0,1.7337083333333334,corpus,-46.54697096278902,-49.15660582648383,1.4943689981586104,12.407055722178011
P05_L1_17a,0.0,1.7330625,corpus,-42.418928377890175,-43.73474101016396,1.4943689981586104,13.328669280030098
P02_L2_59b,0.0,1.4182291666666667,corpus,-46.24143444652289,-46.246164321899414,1.4943689981586104,9.94032395661824
P05_L2_43a,0.0,1.50525,corpus,-47.344341758071195,-47.5892822265625,1.4943689981586104,10.821170446061391
P02_L1_34a,0.0,1.66125,corpus,-46.363963667168676,-50.05410445363898,1.4943689981586104,11.895320407961574
P02_L2_58a,0.0,1.258875,corpus,-49.97421022445437,-49.271579924083895,1.4943689981586104,6.264266673035344
P02_L1_09b,0.0,1.4035208333333333,corpus,-47.61704450334821,-47.5635494656033,1.4943689981586104,12.457500097010012
P02_L1_37a,0.0,1.5000833333333334,corpus,-46.384150390625,-46.52618827819824,1.4943689981586104,11.874119990820091
P02_L1_07b,0.0,1.4673333333333334,corpus,-46.48585645195578,-47.437649726867676,1.4943689981586104,9.250291354678428
P03_L1_14a,0.0,1.5510625,corpus,-50.80842678931452,-50.86123127407498,1.4943689981586104,-1.903879566051426
P02_L2_29a,0.0,1.3704375,corpus,-49.65468179744526,-48.9958499726795,1.4943689981586104,9.5341377058242
P03_L1_49a,0.0,1.2898125,corpus,-45.63840691618217,-47.80173937479655,1.4943689981586104,8.599354268035139
P02_L1_08b,0.0,1.1908541666666668,corpus,-53.227407759978995,-52.43770302666558,1.4943689981586104,9.259555383556236
P03_L1_41a,0.0,1.3656875,corpus,-48.01914989165146,-51.48998048570421,1.4943689981586104,12.058015625161211
P05_L1_84a,0.0,1.585,corpus,-47.440788988797166,-47.28793785788796,1.4943689981586104,8.96281358915455
P03_L1_29a,0.0,1.3093125,corpus,-45.52705674499046,-46.20287831624349,1.4943689981586104,10.747939134481722
P03_L1_67a,0.0,1.647,corpus,-44.1518584280303,-45.54291915893555,1.4943689981586104,7.745925918568261
P03_L1_04a,0.0,1.3764166666666666,corpus,-44.673290307971016,-44.76179424085115,1.4943689981586104,10.48065845983757
P03_L1_61b,0.0,1.3890625,corpus,-45.189087792266186,-45.65895125445198,1.4943680922007037,8.991838835045257
P02_L2_07a,0.0,1.5565,corpus,-50.36678685897436,-51.115414428710935,1.4943680922007037,12.65451815513692
P05_L2_34a,0.0,1.45425,corpus,-47.126751077586206,-48.30859214381168,1.4943680922007037,10.176545037112945
P02_L2_50a,0.0,1.3385416666666667,corpus,-48.25619461287314,-48.56860542297363,1.4943680922007037,10.518830426602399
P03_L2_66a,0.0,1.332625,corpus,-44.4465350387688,-44.09881994459364,1.4943680922007037,7.9400467992282024
P02_L2_18a,0.0,1.2833541666666666,corpus,-48.63011169433594,-47.980104334214154,1.4943680922007037,14.012475432492561
P03_L1_74b,0.0,1.5703125,corpus,-44.65988256369427,-44.90120188395182,1.4943680922007037,4.589179686479984
P02_L1_76b,0.0,1.5159375,corpus,-46.184968647203945,-47.91083606920744,1.4943676392217504,9.783414291950312
P02_L2_13a,0.0,1.5974583333333334,corpus,-46.715762329101565,-47.882794430381374,1.494367186242797,5.012679312788354
P02_L2_83a,0.0,1.3868125,corpus,-46.11729991007194,-48.09942160712348,1.494367186242797,11.28417733022739
P02_L1_13a,0.0,1.5540833333333333,corpus,-46.10288873487903,-46.75686304192794,1.494367186242797,10.394463976322449
P02_L2_48a,0.0,1.29075,corpus,-48.402445948401166,-48.54193932669504,1.494367186242797,14.710247306912983
P05_L2_77a,0.0,2.0556875,corpus,-45.56160402760922,-49.19878984534222,1.494367186242797,12.032136548677737
P02_L1_60a,0.0,1.2985833333333334,corpus,-52.88994891826923,-53.9220531688017,1.494367186242797,11.336057823722978
P02_L1_84b,0.0,1.52175,corpus,-48.95546039782072,-49.31382647427645,1.494367186242797,0.47385500006065584
P03_L1_45a,0.0,1.528,corpus,-42.56815193525327,-46.047081997520046,1.494367186242797,11.77607777758417
P03_L1_72a,0.0,1.62175,corpus,-47.66113884066358,-47.213554573059085,1.494367186242797,10.853633945109138
P02_L1_28b,0.0,1.4801041666666668,corpus,-48.310814110008444,-51.743934855741614,1.494367186242797,5.522078657855133
P03_L2_33a,0.0,1.4830625,corpus,-45.649503140836146,-47.32114086151123,1.494367186242797,11.729348570147177
P02_L1_85a,0.0,1.7620416666666667,corpus,-45.0177001953125,-49.0836709675036,1.494367186242797,5.844701497834439
P03_L2_45a,0.0,1.375625,corpus,-47.21768144248188,-47.266754953484785,1.494367186242797,8.977855242518615
P02_L2_68a,0.0,1.2429375,corpus,-49.313815209173384,-49.33338627062346,1.494367186242797,11.601208606177597
P02_L1_72a,0.0,1.4452083333333334,corpus,-47.95310479525862,-47.81811389923096,1.494367186242797,8.441080284362464
P02_L1_25a,0.0,1.5052083333333333,corpus,-45.93877082471027,-49.20104958029354,1.494367186242797,11.893660899706472
P02_L1_39b,0.0,1.9167708333333333,corpus,-45.56396993001302,-49.76553639498624,1.494367186242797,10.18677476558397
P04_L2_83a,0.0,1.6379375,corpus,-47.76018840510671,-49.5419127146403,1.494367186242797,7.9060712850892045
P05_L2_02a,0.0,1.499,corpus,-48.27996744791667,-49.13782176971436,1.494367186242797,9.775429988735862
P02_L2_89a,0.0,1.4446041666666667,corpus,-47.78343031141493,-48.639344302090734,1.494367186242797,8.336074279812507
P03_L2_78a,0.0,1.4400625,corpus,-47.34459431966146,-47.372389112200054,1.494367186242797,13.614839427954315
P02_L2_27a,0.0,1.3323541666666667,corpus,-48.67493685385338,-48.09668949672154,1.494367186242797,14.011262169890784
P03_L1_05a,0.0,1.389875,corpus,-44.00096953687051,-46.41165203518338,1.494367186242797,9.210784063471486
P05_L2_13a,0.0,1.3393125,corpus,-46.83023481226679,-47.49649027774208,1.494367186242797,11.571807022051946
P02_L2_43a,0.0,1.29075,corpus,-50.24721414728682,-50.20060348510742,1.494367186242797,12.551678326932958
P02_L2_38a,0.0,1.258875,corpus,-51.90687003968254,-51.697167015075685,1.494367186242797,9.674269410694336
P05_L2_80b,0.0,1.6668125,corpus,-47.2195832943488,-48.77613226572672,1.494367186242797,12.46815525217788
P02_L1_84a,0.0,1.4817083333333334,corpus,-47.90280233847128,-48.42877752130682,1.494367186242797,7.181317806522294
P05_L2_78a,0.0,1.8334375,corpus,-45.21715441427595,-48.468954358782085,1.494367186242797,8.625328733722334
P02_L2_85a,0.0,1.2134583333333333,corpus,-46.18120076833678,-45.19542975174753,1.494367186242797,12.10544684862628
P05_L2_88a,0.0,1.634,corpus,-43.37360405483129,-47.17750609548468,1.494367186242797,13.203165868684003
P01_L1_33a,0.0,1.7945833333333334,corpus,-48.50872905027933,-50.03217887878418,1.4943653743269838,9.422414043905949
P05_L1_53a,0.0,1.6583125,corpus,-49.47795674887048,-49.71758800082736,1.4943653743269838,14.910711791202125
P05_L2_29a,0.0,1.6073125,corpus,-46.902540882181675,-49.34649258568173,1.4943653743269838,11.734202620531672
P05_L1_31b,0.0,2.549375,corpus,-42.59368106617647,-51.754007038317226,1.4943653743269838,11.945053526824484
P05_L2_61b,0.0,1.476875,corpus,-45.104036898226354,-47.1730759564568,1.4943653743269838,14.738410214958883
P05_L1_35a,0.0,2.0553125,corpus,-47.02611119538835,-47.991609226573594,1.4943653743269838,14.736180046573441
P05_L1_08b,0.0,1.7724375,corpus,-45.729293564618644,-47.472006691826714,1.4943653743269838,10.320692097032783
P05_L1_22b,0.0,1.969375,corpus,-44.30040946224619,-48.31210506663603,1.49363015557506,11.451579100843176
P04_L2_69a,0.0,1.887625,corpus,-47.218052455357146,-48.87091979980469,1.49363015557506,10.374910493578255
P05_L2_82a,0.0,1.722375,corpus,-43.17886139625727,-48.16124825728567,1.49363015557506,12.742538291886934
P02_L1_82b,0.0,1.722,corpus,-46.17863428869913,-47.92586155941612,1.49363015557506,6.309787454922951
P05_L2_41b,0.0,1.53075,corpus,-47.22141480290033,-48.378913243611656,1.49363015557506,11.28914518046675
P05_L2_82b,0.0,1.3334375,corpus,-45.75251483200188,-48.11441060116417,1.4936290415059543,13.000441689609563
P03_L2_22b,0.0,1.182125,corpus,-48.49190611758475,-47.681720958036536,1.4936279274368485,8.376486956055631
P05_L1_46a,0.0,1.6465625,corpus,-45.74839015151515,-46.77015103791889,1.487668441475578,11.471348995035285
P05_L2_48b,0.0,1.811375,corpus,-44.051385531767956,-45.69044440133231,1.487668441475578,12.527281584284975
P05_L1_48a,0.0,1.8546875,corpus,-49.64597233952703,-46.531580788748606,1.487668441475578,10.30282798656982
P02_L2_01b,0.0,1.4336041666666666,corpus,-47.78748497596154,-46.90776613023546,1.4673712300580835,7.431010028499635
P01_L1_22b,0.0,1.5822708333333333,corpus,-45.285060447982595,-47.627434225643384,1.465619716609982,8.691708798623498
P03_L2_49b,0.0,1.698,corpus,-47.115380859375,-48.80597135755751,1.4594746741309976,9.731656354722173
P03_L1_31b,0.0,1.248875,corpus,-43.542875,-43.90923168784693,1.4594738139410142,11.587464583970306
P03_L1_03b,0.0,1.3340625,corpus,-44.21703183740601,-44.20693556467692,1.4594738139410142,9.938976139004428
P05_L1_34b,0.0,1.5415,corpus,-50.97983778916396,-52.45191192626953,1.459472953751031,11.341912782969096
P03_L1_83a,0.0,1.72475,corpus,-46.49923918968023,-46.9665470123291,1.459472953751031,7.512654126539278
P03_L1_34b,0.0,1.3093125,corpus,-45.26263940243321,-45.98071811073705,1.459472953751031,9.667238669212562
P05_L2_65b,0.0,1.889,corpus,-47.100084738756614,-49.8355712890625,1.4427667579450347,13.247175181425089
P03_L2_54b,0.0,1.5045625,corpus,-47.68908854166666,-48.076528448807565,1.4427667579450347,9.724990375700449
P03_L2_66b,0.0,1.289625,corpus,-44.24796360222868,-43.62644407484267,1.4427667579450347,10.31632735764255
P05_L1_51b,0.0,1.4086875,corpus,-45.451296542553195,-47.27414241589998,1.4427639093963434,13.360825646923615
P02_L1_21b,0.0,1.3381458333333334,corpus,-44.58121866254664,-43.974475118849014,1.4427639093963434,7.777833801229626
P05_L2_51a,0.0,1.933875,corpus,-46.01769450291451,-49.47671548943771,1.4427639093963434,5.324748027912825
P01_L2_06a,0.0,1.6624166666666667,corpus,-49.44457713667169,-50.41140566374126,1.442761060847652,12.921701351376825
P03_L1_22a,0.0,0.992,corpus,-45.95658735795455,-45.4711124195772,1.4335701630432014,15.163516459210758
P05_L2_36b,0.0,1.785875,corpus,-44.091360422486034,-45.48107395172119,1.4268446444064506,13.01127702088564
P02_L2_48b,0.0,1.4978958333333334,corpus,-46.725849609375,-46.28759238833473,1.4268446444064506,12.093754213706099
P03_L2_82a,0.0,1.5045625,corpus,-45.092294921875,-44.4047283373381,1.4268446444064506,8.459977842229879
P03_L1_89b,0.0,1.5188125,corpus,-46.867463764391445,-46.39362855391069,1.424679205457551,11.61212327074389
P05_L2_90a,0.0,1.169,corpus,-49.458404280181625,-48.3006808757782,1.4246777811832054,11.484164655040495
P05_L2_02b,0.0,1.2655625,corpus,-49.99543630044291,-49.14173526763916,1.4246777811832054,2.1114486670318406
P02_L1_16b,0.0,1.1763541666666666,corpus,-50.67957163665254,-49.95489860983456,1.4246763569088596,13.430093338880532
P05_L1_24b,0.0,1.8511875,corpus,-44.90594383445946,-46.365177957635176,1.4246735083601683,10.88619710930703
P02_L2_34b,0.0,1.4501041666666667,corpus,-50.3333950700431,-50.84546540912829,1.4246735083601683,14.909925064435015
P05_L1_52b,0.0,1.5530625,corpus,-47.66131552419355,-48.37812122545744,1.4191991476226633,9.248077556007242
P05_L1_55b,0.0,1.3326875,corpus,-50.017453301221806,-50.13791508144803,1.4191991476226633,10.126151710322265
P05_L2_23b,0.0,1.58175,corpus,-45.94776626780063,-46.2010629827326,1.4191985605335085,11.075416976281652
P03_L1_23b,0.0,1.4100625,corpus,-48.43443525598404,-47.14124644886363,1.4191979734443534,9.60767381781913
P04_L2_18a,0.0,1.71525,corpus,-47.765448991642444,-49.11179598639993,1.4191967992660437,8.906896435482341
P05_L2_39b,0.0,1.8624375,corpus,-46.839449974798384,-47.81290036981756,1.4156777758829484,10.975817382680397
P05_L2_53b,0.0,1.4426875,corpus,-46.59923977322049,-48.11126348707411,1.4156762942924828,11.419717171197
P03_L1_01b,0.0,1.224,corpus,-43.919773789702866,-43.23152054680718,1.4156762942924828,2.000448076977687
P03_L2_01b,0.0,1.125875,corpus,-45.55977772400443,-44.78330527411567,1.4156762942924828,11.321491546353041
P02_L1_01b,0.0,1.4035208333333333,corpus,-45.540966796875,-45.164506912231445,1.415674812702017,15.248161944274209
P02_L1_14a,0.0,1.8131041666666667,corpus,-46.95835851174033,-48.36181449890137,1.4153160622874559,8.980316210238062
P03_L2_41b,0.0,1.160625,corpus,-50.19540510506466,-49.529853608873154,1.4153160622874559,11.360735861483862
P02_L2_09b,0.0,1.3926458333333334,corpus,-46.96654043952338,-46.8172861735026,1.4153160622874559,15.37998295076033
P01_L1_68b,0.0,1.8842916666666667,corpus,-45.413761220079785,-48.38341341520611,1.4153160622874559,9.643262519472529
P02_L2_60b,0.0,1.3385416666666667,corpus,-49.493736153218286,-49.3033514583812,1.4153154331979194,10.796793459129663
P03_L2_09a,0.0,1.268125,corpus,-48.65017531988189,-48.61739137437608,1.4153154331979194,10.107483180891991
P01_L1_43a,0.0,1.8095625,corpus,-46.86444125517956,-48.57280960083008,1.412043186931233,9.280465175425611
P03_L2_17a,0.0,1.4830625,corpus,-47.65665580130912,-49.720948671039785,1.3943972980396533,10.486431736033062
P05_L2_47b,0.0,1.6583125,corpus,-43.242416933358435,-45.430216337505136,1.3943972980396533,14.715694067207373
P02_L2_62a,0.0,1.1313958333333334,corpus,-45.95554480088496,-45.04574022795025,1.3943972980396533,8.80197827345497
P05_L1_77b,0.0,1.47775,corpus,-47.0102440086571,-48.3529460741126,1.3943972980396533,11.222964184469713
P05_L2_62b,0.0,1.3395,corpus,-48.04945123017724,-48.95871413381476,1.3943948345257353,15.475206396692467
P03_L1_47b,0.0,1.4883125,corpus,-45.77963113464765,-45.959189565558184,1.3943948345257353,12.645548286922818
P02_L2_62b,0.0,1.227,corpus,-45.100046049288615,-43.62709999084473,1.3851965417593723,9.856259053444337
P05_L1_62b,0.0,1.3124375,corpus,-47.491725310114504,-47.55654124209755,1.3851965417593723,11.30292381720524
P02_L2_17b,0.0,1.4758333333333333,corpus,-47.74531843855574,-46.79472451460989,1.3851965417593723,13.635617355569341
P02_L1_24b,0.0,1.3312083333333333,corpus,-48.90227032424812,-47.84624661897358,1.3851950669400575,14.872348624859193
P02_L1_54b,0.0,1.1975625,corpus,-49.44631754557292,-48.30457466527035,1.3851950669400575,10.6292619576592
P05_L1_27b,0.0,1.536125,corpus,-44.994172331574674,-46.37138929821196,1.3851935921207423,12.74821646805868
P05_L1_47b,0.0,1.4928125,corpus,-47.8811248164849,-44.35476430257162,1.3851935921207423,10.932390784615173
P03_L2_77b,0.0,1.311125,corpus,-48.95161170085878,-47.48028008834176,1.3851935921207423,10.215623643690446
P05_L2_17b,0.0,1.6583125,corpus,-47.97265919145331,-47.795693246941816,1.3851935921207423,10.37176609039862
P05_L2_42b,0.0,1.58175,corpus,-47.31261743473101,-46.64134198969061,1.3851935921207423,10.086358818813952
P02_L2_87b,0.0,1.4253333333333333,corpus,-46.05185000546329,-46.186149787902835,1.3851935921207423,11.068755284100519
P02_L1_62b,0.0,1.2005833333333333,corpus,-49.918924967447914,-49.22590456510845,1.3851935921207423,12.930106108958029
P03_L2_47a,0.0,1.375625,corpus,-47.83879288383152,-47.20767352455541,1.3851935921207423,8.168261104456821
P02_L2_32a,0.0,1.2748125,corpus,-45.113761841781496,-43.692119096454825,1.3851935921207423,12.528553527622304
P01_L1_46a,0.0,1.3776041666666667,corpus,-46.63087706634964,-47.10227805689762,1.385045763943425,10.474640757465426
P05_L2_01a,0.0,1.4621875,corpus,-45.93616224315068,-46.44331910875108,1.385045763943425,13.542144918953898
P03_L1_46b,0.0,1.190625,corpus,-44.77741760766807,-44.40541156969572,1.385045763943425,10.491436453728628
P03_L2_37b,0.0,1.4185625,corpus,-45.57946605413732,-45.15165195465088,1.3850435589847212,12.549743646578614
P03_L2_37a,0.0,1.354125,corpus,-45.98865379050926,-45.28465900421143,1.3850435589847212,10.646326962832209
P04_L1_46b,0.0,1.532625,corpus,-47.8395405688317,-47.93154706453022,1.3850413540260174,9.22299097065725
P02_L1_45a,0.0,1.5518333333333334,corpus,-51.01403414818548,-51.774476503071035,1.371077797896706,10.288526512278743
P05_L2_27b,0.0,1.734875,corpus,-44.95073157514451,-45.99155407860165,1.371077797896706,12.638439500358817
P03_L1_64b,0.0,1.4684375,corpus,-44.182593936011905,-45.14683494567871,1.371077797896706,8.50308788313923
P05_L1_82a,0.0,1.67475,corpus,-44.036033401946106,-44.89604970028526,1.371077797896706,12.300159457864076
P05_L1_88b,0.0,1.369375,corpus,-48.18579279767336,-47.670811101009974,1.371077797896706,11.782411211599303
P05_L1_21b,0.0,1.890625,corpus,-46.146205357142854,-48.31525908576118,1.371077797896706,10.424828920268503
P05_L2_13b,0.0,1.6464375,corpus,-43.36836825284091,-43.982214877479954,1.371077797896706,14.20752209524371
P05_L2_81b,0.0,1.7779375,corpus,-44.495048608672754,-46.722524642944336,1.371077797896706,12.437833103609332
P04_L1_83b,0.0,1.740625,corpus,-47.67533786817529,-48.08492109510634,1.371077797896706,6.865561770944737
P03_L1_41b,0.0,1.0845,corpus,-49.724650065104164,-49.10468207465278,1.371077797896706,8.521183606764428
P03_L1_33b,0.0,1.36975,corpus,-44.36180571395985,-44.85173873901367,1.371077797896706,10.445270120260293
P02_L1_58b,0.0,1.6035208333333333,corpus,-48.358123779296875,-49.19807088942755,1.371077797896706,10.672801731449379
P03_L2_64b,0.0,1.4400625,corpus,-46.29833306206597,-46.28813095092774,1.371077797896706,7.49670014606523
P05_L1_90b,0.0,1.069125,corpus,-47.150787638726634,-47.1368043422699,1.371077797896706,12.655654176457507
P03_L1_45b,0.0,1.3295625,corpus,-44.517526726973685,-46.562584124113386,1.371077797896706,10.519889603356223
P05_L1_13b,0.0,1.49675,corpus,-48.24380533854167,-48.18726107948705,1.371077797896706,12.024317047142269
P02_L2_54a,0.0,1.3066875,corpus,-46.72246988311068,-46.28649079172235,1.3710769359952468,7.662170999685586
P03_L1_57b,0.0,1.289875,corpus,-45.574468568313954,-44.870431787827435,1.3710769359952468,10.5094730094537
P05_L2_60b,0.0,1.350625,corpus,-48.99840494791667,-50.65736164766199,1.3710760740937877,12.27959607741349
P03_L1_76b,0.0,1.4673125,corpus,-45.799339657738095,-48.148854305869655,1.3710760740937877,13.292543656609997
P05_L1_85b,0.0,1.7050625,corpus,-46.09486647934941,-47.58029556274414,1.3710760740937877,10.354409326020082
P03_L1_49b,0.0,1.3096875,corpus,-45.48822533993321,-46.8050111134847,1.3710760740937877,7.548109265789019
P03_L1_78b,0.0,1.312875,corpus,-48.87327051526717,-49.04255367460705,1.3710760740937877,12.815465663891615
P03_L2_78b,0.0,1.4615625,corpus,-46.59085041202911,-48.285909016927086,1.3710760740937877,8.763907472566203
P01_L1_01b,0.0,1.4230416666666668,corpus,-46.07694212147887,-45.428953382703995,1.3710760740937877,8.907904045913082
P02_L2_27b,0.0,1.5902291666666666,corpus,-47.2765637283805,-49.288919176374165,1.3710760740937877,11.711944465036346
P05_L2_03a,0.0,1.4990625,corpus,-46.07456380208333,-49.79531775580512,1.3710743502908695,11.09918027732807
P05_L2_34b,0.0,1.6073125,corpus,-49.61611995341615,-52.95187157078793,1.3710743502908695,11.065912312118613
P05_L2_64a,0.0,1.7173125,corpus,-46.72636094204215,-48.33194847106934,1.366882303402931,11.23290431128218
P04_L2_83b,0.0,1.7835625,corpus,-49.08516941713483,-50.31184853447808,1.366882303402931,9.823127487284655
P01_L2_13a,0.0,1.5568125,corpus,-45.93004432091346,-46.32815451371042,1.366882303402931,12.512450919997235
P01_L1_06b,0.0,1.7778958333333332,corpus,-49.57593047752809,-50.31259777671412,1.366882303402931,2.1079348947750134
P03_L1_68a,0.0,1.508125,corpus,-43.894557119205295,-44.635649028577305,1.366882303402931,11.533331452348396
P05_L2_24b,0.0,1.760375,corpus,-44.06175925514915,-45.39577765213816,1.366882303402931,12.38963920927235
P01_L2_32a,0.0,1.540125,corpus,-47.11514242593344,-47.34725249441046,1.366882303402931,12.730955734972333
P04_L2_38b,0.0,2.02075,corpus,-50.116491336633665,-51.92964763641358,1.366882303402931,9.569682545854683
P05_L2_72b,0.0,1.7173125,corpus,-47.79568268531977,-45.09485034942627,1.366882303402931,13.649277972807496
P05_L2_68a,0.0,1.476875,corpus,-45.872429925042226,-46.86010039480109,1.366882303402931,12.18619586998534
P03_L1_72b,0.0,1.3643125,corpus,-46.021951114430145,-46.28287620544434,1.366882303402931,9.413944746998816
P02_L1_68b,0.0,1.5184375,corpus,-50.83256129214638,-49.57917042782432,1.366882303402931,10.369674583863542
P01_L1_03a,0.0,1.3887916666666666,corpus,-47.494786982913666,-48.520381927490234,1.366882303402931,9.165423772378368
P05_L2_09a,0.0,1.8430625,corpus,-44.24342677904212,-47.68240759107802,1.366882303402931,13.010805492218278
P01_L1_01a,0.0,1.5557708333333333,corpus,-44.19017928685897,-44.297613779703774,1.366882303402931,8.9569190850793
P01_L1_47a,0.0,1.74975,corpus,-45.505569196428574,-46.28601415533768,1.366882303402931,9.704928152225591
P02_L1_17b,0.0,1.6167083333333334,corpus,-45.11877893518518,-46.533506293045846,1.366882303402931,7.689496749831662
P01_L1_52b,0.0,1.6488125,corpus,-45.60441228693182,-46.61872000443308,1.366882199537119,9.262435517676963
P05_L2_57a,0.0,1.1664375,corpus,-49.46099592681624,-48.915407068589154,1.366882095671307,11.31504393610329
P03_L2_18a,0.0,1.182125,corpus,-48.50210623013771,-48.21248379875632,1.3526212394002952,11.170967086819829
P03_L1_48a,0.0,1.5279375,corpus,-43.54456444035948,-45.98375265938895,1.3526212394002952,11.329560594047233
P05_L1_81b,0.0,1.5049375,corpus,-45.66446614583333,-47.46545276641846,1.3526212394002952,12.353475570602061
P03_L1_83b,0.0,1.235625,corpus,-47.275863155241936,-46.85798115200467,1.3526212394002952,8.050945084532287
P03_L1_85a,0.0,1.4673125,corpus,-46.3908541932398,-45.38042530260588,1.3526212394002952,9.039073500772954
P03_L1_52b,0.0,1.2501875,corpus,-44.9133828125,-45.86298832140471,1.3526212394002952,9.843446571437315
P01_L1_83a,0.0,1.5335416666666666,corpus,-50.199691074346404,-50.37359364827474,1.3526212394002952,8.958577470582597
P05_L2_40a,0.0,1.9389375,corpus,-46.59071460212629,-47.52498245239258,1.3526212394002952,11.236879757391652
P05_L2_84b,0.0,1.633375,corpus,-48.24233128834356,-48.81742199984464,1.3526212394002952,13.045902512220636
P05_L2_03b,0.0,1.695625,corpus,-45.47571806066176,-48.842613008287216,1.3526212394002952,12.467664997212122
P03_L1_14b,0.0,1.6719375,corpus,-44.58748713510479,-47.94841660393609,1.3526212394002952,11.680431089090334
P02_L1_10a,0.0,1.4885833333333334,corpus,-45.617433279152685,-46.45927730359529,1.3526212394002952,12.649452576146931
P03_L1_86b,0.0,1.3900625,corpus,-44.81727742805755,-47.24646999961451,1.3526212394002952,7.611332274984832
P03_L2_45b,0.0,1.4185625,corpus,-48.91644888864437,-48.9994474712171,1.3526212394002952,12.56695258512308
P03_L1_44a,0.0,1.42875,corpus,-43.96828903518357,-43.39275781731857,1.3526212394002952,11.97622644348806
P03_L1_32b,0.0,1.2690625,corpus,-44.585103192667326,-44.81331905565764,1.3526201117925458,9.326745706817572
P03_L1_48b,0.0,1.4684375,corpus,-43.68042490433673,-44.7749986194429,1.3526201117925458,9.243475294760024
P02_L1_64a,0.0,1.3586041666666666,corpus,-48.95116828469669,-49.33254165649414,1.3526201117925458,12.946546966896907
P03_L2_48b,0.0,1.5690625,corpus,-45.81719309812898,-45.80075200398763,1.3526201117925458,11.426695995461692
P02_L2_24a,0.0,1.3323333333333334,corpus,-45.88533100328947,-45.75321378205952,1.3526201117925458,13.95045582140024
P03_L1_24b,0.0,1.3596875,corpus,-43.516791848575366,-43.33152550145199,1.3526201117925458,11.01610782375299
P02_L1_48a,0.0,1.7022916666666668,corpus,-47.36003848805147,-50.01953942435129,1.3526201117925458,12.512327173632528
P02_L2_54b,0.0,1.3704166666666666,corpus,-45.96674697764598,-46.4191326342131,1.3526201117925458,13.090091195967872
P02_L2_45b,0.0,1.3385416666666667,corpus,-48.0234375,-48.58017509861996,1.3526201117925458,14.623380755547608
P03_L1_30a,0.0,1.389875,corpus,-47.53773816883993,-47.888213244351476,1.3526189841847964,11.458901277968021
P05_L1_55a,0.0,1.3776875,corpus,-49.862725741621375,-49.02653482225206,1.3526189841847964,11.405155336880672
P03_L2_44a,0.0,1.3755625,corpus,-45.99071557971015,-45.95210507041529,1.3526189841847964,7.536122945088401
P03_L2_58a,0.0,1.5475625,corpus,-46.682317918346776,-45.68376014346168,1.3526189841847964,7.011897222610354
P03_L1_11a,0.0,1.152,corpus,-48.95422469429348,-47.701006638376334,1.3526189841847964,11.770403018331326
P01_L2_39a,0.0,1.895,corpus,-46.625221011513155,-48.74611923911355,1.3526167289692976,12.62980342323182
P02_L2_68b,0.0,1.1951458333333334,corpus,-48.79242757161458,-48.460784109015215,1.3387249566007922,7.787243602635304
P03_L2_33b,0.0,1.332625,corpus,-47.872778871005636,-48.569067573547365,1.3387226082441723,10.644557827326693
P03_L2_63b,0.0,1.4185625,corpus,-46.77934845400528,-46.23108164469401,1.3238531679963996,8.75676441599012
P01_L2_83b,0.0,1.5745,corpus,-45.79247735867835,-45.16549555460612,1.3217621030656335,12.070984114515312
P05_L1_40a,0.0,1.8365625,corpus,-44.80175250509511,-45.690257925736276,1.3217588067292527,11.882724152047071
P01_L2_57b,0.0,1.5569166666666667,corpus,-46.55906012119391,-46.61847798964556,1.3217577079504592,13.642269698497696
P05_L1_42a,0.0,2.0989375,corpus,-47.39442894345238,-46.88846119967374,1.3217577079504592,10.675092863118987
P01_L1_57a,0.0,1.64,corpus,-43.91808486566311,-44.82183905208812,1.3217577079504592,8.423288715362922
P03_L2_57b,0.0,1.4400625,corpus,-46.22624715169271,-45.91914838903091,1.3217577079504592,9.551790952041898
P03_L2_71a,0.0,1.7195,corpus,-50.24864871002907,-49.35838844662621,1.3217577079504592,6.797406572371223
P05_L2_10b,0.0,1.65875,corpus,-47.07443347609187,-48.33553936606959,1.3217577079504592,12.244059360852482
P02_L2_10a,0.0,1.5565,corpus,-50.175333658854164,-50.32972295660721,1.3217577079504592,12.976602157036417
P01_L1_35a,0.0,1.9177291666666667,corpus,-45.573384602864586,-47.2955018823797,1.3217577079504592,10.11137137297533
P01_L2_35b,0.0,1.9964583333333332,corpus,-47.9129541015625,-45.94412352822044,1.3217577079504592,12.735885705470945
P01_L1_59a,0.0,1.5000208333333334,corpus,-47.850758463541666,-47.38123575846354,1.3217577079504592,10.655928167054885
P03_L1_13b,0.0,0.992,corpus,-46.53367167771464,-46.47540524131373,1.3132355909791213,8.733450457313666
P01_L2_31b,0.0,1.6743541666666666,corpus,-44.65489041448353,-44.68448498374537,1.295917373685667,13.510576559309259
P01_L1_41b,0.0,1.6190625,corpus,-44.95319130979938,-46.047694524129234,1.295917373685667,8.109344462988304
P01_L1_34b,0.0,1.9952083333333333,corpus,-50.118544921875,-50.17781568828382,1.295917373685667,7.4204755325935885
P05_L1_03a,0.0,1.940625,corpus,-47.1845703125,-49.96654828389486,1.295917373685667,9.987493739041021
P01_L2_89b,0.0,1.968125,corpus,-46.94240759835025,-47.6804783561013,1.295917373685667,13.081118458700605
P03_L2_51a,0.0,1.5475625,corpus,-44.44699470766129,-44.653064125462585,1.2959168098817924,7.265468306939294
P01_L1_33b,0.0,1.7981875,corpus,-46.784022352430554,-47.93579177856445,1.295916527979855,7.352243489699237
P01_L1_83b,0.0,1.64575,corpus,-46.548020241477275,-46.672310723198784,1.295916527979855,10.873727259081466
P04_L1_12b,0.0,1.7921875,corpus,-50.39764642981844,-49.65039501190186,1.295916527979855,6.618521897531956
P05_L2_68b,0.0,1.305125,corpus,-48.89252594227099,-48.47854915418123,1.2959163870288863,9.177260356257747
P03_L2_87b,0.0,1.4400625,corpus,-44.648159450954864,-44.355352783203124,1.2959163870288863,5.493402844552961
P01_L1_87b,0.0,1.7205416666666666,corpus,-49.711158929869185,-50.24819011688233,1.2959163870288863,8.613642583206321
P03_L1_74a,0.0,1.3128125,corpus,-44.62526464098283,-44.629271613227,1.295916316553402,9.088653214447735
P02_L2_28a,0.0,1.4660416666666667,corpus,-49.2398988892432,-49.22485688153435,1.2959162460779177,2.824773321084397
P03_L2_36a,0.0,1.375625,corpus,-45.53612219769022,-44.64148502349853,1.2959162460779177,11.091958726955134
P05_L2_07a,0.0,1.7939375,corpus,-48.44710195530726,-49.093149757385255,1.2959162460779177,10.061018284540829
P02_L2_25b,0.0,1.2463958333333334,corpus,-48.51112109375,-47.295293246998504,1.2959162460779177,10.155673590297894
P05_L1_44b,0.0,1.420375,corpus,-46.280214981294016,-46.95054967779862,1.2959162460779177,12.190637929005668
P05_L1_25a,0.0,1.85,corpus,-43.47724609375,-45.58131363812615,1.2959162460779177,14.267668922304697
P05_L2_73a,0.0,1.751625,corpus,-47.047516741071426,-47.82400398254394,1.2959151184701683,11.512838421482371
P05_L1_35b,0.0,2.173875,corpus,-44.83028963853687,-47.547706083817914,1.2689664250887862,10.90248180364522
P02_L1_83b,0.0,1.6018541666666666,corpus,-46.201300048828124,-46.491132736206055,1.2590671077908093,4.700021936009094
P03_L1_16a,0.0,1.248875,corpus,-49.4405546875,-48.39504488776712,1.259064910233222,11.846047961632124
P03_L2_13a,0.0,1.3755625,corpus,-45.21283401268116,-45.487214740953945,1.259064910233222,8.25511013070625
P05_L2_76b,0.0,1.389,corpus,-46.53433073853417,-46.95326212832802,1.259064910233222,12.103807812487176
P03_L2_43a,0.0,1.37975,corpus,-47.199788411458336,-45.75196533203125,1.259064910233222,5.817344715041514
P03_L1_01a,0.0,1.3779375,corpus,-44.4474071557971,-43.96927134195963,1.259064910233222,10.446740705361595
P03_L1_28b,0.0,1.2891875,corpus,-49.17983133478682,-48.88075301226448,1.259064910233222,10.359284626504397
P03_L1_58b,0.0,1.528,corpus,-44.713366140727125,-45.14726838611421,1.259064910233222,11.590942238096744
P02_L2_43b,0.0,1.322625,corpus,-47.93757398200758,-46.94479179382324,1.259064910233222,12.416306287306213
P03_L2_31a,0.0,1.268125,corpus,-44.77930071973425,-44.025354887309824,1.259064910233222,9.296079684382708
P03_L2_65b,0.0,1.612,corpus,-45.76667434976708,-46.59967107358186,1.259064910233222,9.272324542277381
P05_L2_59b,0.0,1.350625,corpus,-51.64686053240741,-53.070172203911675,1.259064910233222,13.198334764116943
P05_L1_46b,0.0,1.6285,corpus,-45.68423181077454,-47.11899767423931,1.259064910233222,13.076009814021674
P02_L1_10b,0.0,1.4247916666666667,corpus,-48.06088041923415,-47.89237172980057,1.259064910233222,11.012854309693143
P03_L2_67b,0.0,1.4615625,corpus,-45.86928777825342,-46.4150785446167,1.2551074175322745,10.265455069553802
P01_L2_84b,0.0,1.6619583333333334,corpus,-46.876708984375,-46.39207371798429,1.2551074175322745,8.951629720352134
P03_L2_34b,0.0,1.332625,corpus,-47.56772057095865,-47.178904483192845,1.2425323994332655,9.327487516039184
P03_L1_57a,0.0,1.2898125,corpus,-46.300088571947676,-45.20091359755572,1.2415332841394653,12.67613790477008
P01_L2_39b,0.0,1.895,corpus,-49.46207853618421,-49.59412470730868,1.2415332841394653,15.0986966511481
P01_L1_18a,0.0,1.8823958333333333,corpus,-45.857676404587764,-49.694559433880976,1.2415332841394653,9.62243997950539
P01_L1_17b,0.0,1.7270416666666666,corpus,-48.98055342304913,-49.08375850476717,1.2415332841394653,9.232633404235308
P03_L2_10b,0.0,1.332625,corpus,-46.440602238016915,-46.586742200349505,1.2415332841394653,12.26497464079411
P02_L1_44a,0.0,1.3793958333333334,corpus,-48.40491961050725,-48.1938920272024,1.2415332841394653,9.334455172366837
P05_L2_44b,0.0,1.55625,corpus,-44.183290139222755,-45.06223919517115,1.2415332841394653,12.176399745412688
P03_L2_82b,0.0,1.5045625,corpus,-45.919895833333335,-46.126350804379115,1.2415332841394653,11.451092000601829
P01_L1_74a,0.0,1.6190833333333334,corpus,-45.60503170814043,-45.69562911987305,1.2415332841394653,10.907641219575595
P01_L1_89b,0.0,1.8416041666666667,corpus,-47.373965056046195,-47.8832595131614,1.2415332841394653,8.313081799378416
P01_L1_34a,0.0,1.782125,corpus,-47.95145716292135,-50.02410105655068,1.2415332841394653,7.262782392296099
P04_L2_68a,0.0,1.524625,corpus,-48.636587042557565,-48.785722632157174,1.2415332841394653,8.668215609566111
P03_L2_10a,0.0,1.354125,corpus,-45.12790798611111,-45.28381528352436,1.2415296603078387,11.940445877554321
P03_L1_87b,0.0,1.338625,corpus,-44.93242041744403,-44.47352333068848,1.2415296603078387,8.039952501130102
P03_L2_38b,0.0,1.6765,corpus,-48.76992652529762,-47.91467208862305,1.2317784183216434,8.55242300094357
P01_L1_81b,0.0,1.6582083333333333,corpus,-46.54284226750753,-46.528900718688966,1.2317784183216434,10.698133842147385
P01_L2_24a,0.0,1.6677916666666666,corpus,-45.64023905314371,-45.85777864958111,1.2317784183216434,12.155957517804033
P01_L1_10b,0.0,1.4838125,corpus,-49.36374313766892,-48.85451868960732,1.2317784183216434,7.905917669666501
P01_L1_81a,0.0,1.6208125,corpus,-45.29521725501543,-47.2882640838623,1.2317784183216434,9.957543676479556
P01_L1_38b,0.0,1.8746666666666667,corpus,-46.61904662433155,-47.89478015899658,1.2317784183216434,3.787330299911023
P03_L2_40b,0.0,1.4185625,corpus,-46.07514717209507,-45.68116499248304,1.2317784183216434,10.791861374773475
P05_L2_04b,0.0,1.621875,corpus,-44.971619405864196,-46.943144145764805,1.2100013090141484,12.59395545747621
P05_L1_50a,0.0,1.538,corpus,-48.31906643161526,-48.75324954986572,1.1909708387327675,14.19707033149545
P01_L2_13b,0.0,1.5568125,corpus,-45.16158979366987,-45.23896488390471,1.1909708387327675,12.414236293858341
P05_L1_41a,0.0,1.4385,corpus,-50.22742038302951,-50.112030029296875,1.1909685610666498,11.962168422167256
P02_L2_87a,0.0,1.2905208333333333,corpus,-47.64327458817829,-47.22390727996826,1.1903802583290048,10.405751807745204
P03_L2_44b,0.0,1.354125,corpus,-47.33411458333333,-46.36262813367342,1.1903802583290048,9.525585475201032
P04_L2_78a,0.0,1.8328125,corpus,-48.43254781420765,-50.65732592628116,1.1903802583290048,8.379804425375877
P02_L1_32b,0.0,1.5328958333333333,corpus,-44.67025377859477,-45.32680491397255,1.1903802583290048,11.941691868747611
P05_L2_35a,0.0,1.760375,corpus,-44.24450128728693,-45.15743082219904,1.1903802583290048,12.117054768990098
P01_L2_83a,0.0,1.3558125,corpus,-46.560525333180145,-46.07835133870443,1.1903802583290048,8.607169055488722
P02_L2_09a,0.0,1.5564791666666666,corpus,-46.69480543870192,-47.33913379245334,1.1903802583290048,12.909372031327951
P05_L2_66b,0.0,1.3395,corpus,-47.22995496152052,-47.13787015279134,1.1903793523710984,11.687335102031664
P03_L1_44b,0.0,1.349375,corpus,-44.761574074074076,-44.904528969212585,1.1903793523710984,6.791947996769853
P02_L1_50b,0.0,1.3725208333333334,corpus,-49.263743156934304,-50.482519912719724,1.1903793523710984,12.231286220440008
P03_L1_66b,0.0,1.3096875,corpus,-44.64022617485687,-45.42559136284722,1.1903793523710984,8.531871291694799
P05_L2_21a,0.0,1.47975,corpus,-45.12635597022804,-46.59530109829373,1.1903784464131917,12.762756547791472
P03_L1_07b,0.0,1.4301875,corpus,-43.77466332495629,-43.201097869873045,1.1903784464131917,8.518140570894484
P03_L2_23a,0.0,1.3970625,corpus,-48.28906598772321,-47.276159806685015,1.1903784464131917,7.934004328650229
P01_L1_12a,0.0,1.5082291666666667,corpus,-51.567518625827816,-51.81788368225098,1.1903784464131917,9.21320365374034
P03_L1_68b,0.0,1.528,corpus,-43.93513199550654,-44.735477246736224,1.1903766344973783,5.995335010562798
P05_L2_32b,0.0,1.4286875,corpus,-47.19243403081294,-48.595380883467826,1.1821834310216757,14.366833825171724
P05_L2_59a,0.0,1.5655,corpus,-48.74670021397293,-51.48493109809028,1.181219480836942,12.423404995758222
P05_L1_59b,0.0,1.3795,corpus,-50.242010586503625,-49.31496344672309,1.181219480836942,10.958268584736643
P03_L2_25b,0.0,1.5045625,corpus,-45.250224609375,-45.95484273573931,1.181219480836942,9.01890715662844
P05_L2_40b,0.0,2.0155,corpus,-45.60697226949257,-47.74476864463404,1.1714459638310433,9.89487251130744
P02_L2_83b,0.0,1.5794166666666667,corpus,-43.47654704806171,-45.00633027818468,1.1708430863532462,11.984742407404667
P03_L1_75a,0.0,1.6475,corpus,-47.437846235795455,-49.03773752848307,1.1708430863532462,6.785817212953582
P03_L2_83b,0.0,1.311125,corpus,-46.21428464933206,-45.51778644985623,1.1708422261632627,9.471280818019132
P02_L1_48b,0.0,1.8197083333333333,corpus,-47.128203339629124,-48.49633189610073,1.161781275854078,8.661548741325067
P03_L2_20a,0.0,1.182125,corpus,-43.98339016154661,-44.701088428497314,1.1617798960066306,9.85543038018676
P03_L2_06a,0.0,1.246625,corpus,-46.021234375,-45.69426827681692,1.1532219027970438,7.901498156515249
P03_L2_05b,0.0,1.5260625,corpus,-45.00130527471405,-44.33707618713379,1.1532191431021492,5.106461042179255
P01_L2_21a,0.0,1.4715833333333332,corpus,-46.84776918579932,-47.38280720180936,1.1532191431021492,11.011745416469026
P03_L2_06b,0.0,1.4830625,corpus,-45.2020362647804,-46.27374327810187,1.1532191431021492,6.786449680919869
P02_L1_45b,0.0,1.4040416666666666,corpus,-50.69250837053571,-51.882851249293275,1.142432620241767,10.068290002799682
P05_L1_83a,0.0,1.5661875,corpus,-43.719863405652866,-44.83534389071994,1.142432620241767,12.09267297399104
P05_L2_38a,0.0,1.47975,corpus,-50.080589500633444,-50.129183769226074,1.142432620241767,6.751757954694117
P03_L2_41a,0.0,1.182125,corpus,-48.20750297934322,-47.49486753675673,1.142432620241767,14.541136006207406
P05_L2_43b,0.0,1.760375,corpus,-45.531005859375,-47.563114929199216,1.142432620241767,11.598252975330443
P03_L2_86a,0.0,1.5905,corpus,-45.485658657625784,-46.600872441342005,1.142432620241767,6.18528856503897
P05_L1_29b,0.0,1.917,corpus,-48.057474772135414,-52.09745497930618,1.142432620241767,12.236361043315718
P05_L2_41a,0.0,1.55625,corpus,-49.01624787159455,-49.104931089613174,1.142432620241767,8.890422896706273
P05_L2_58b,0.0,1.4734375,corpus,-48.021471088435376,-47.257300603957404,1.1424318412481773,11.019527054882609
P02_L1_38b,0.0,1.9167708333333333,corpus,-47.06956990559896,-49.99023933410645,1.142430958388776,7.428488858044595
P02_L1_87b,0.0,1.6407083333333334,corpus,-48.24107100323933,-49.507724571228025,1.142430958388776,6.198063655140476
P05_L1_11a,0.0,1.8905625,corpus,-47.13775731646825,-48.71919411107113,1.1424292965357852,12.926573308798115
P05_L1_36b,0.0,1.58325,corpus,-44.941205374802216,-45.596042442321775,1.1382130566286992,10.589916439583344
P02_L2_44b,0.0,1.3385416666666667,corpus,-49.01430591184702,-47.80675486514443,1.126156281137888,13.00368626223257
P05_L1_26b,0.0,1.8511875,corpus,-45.35497782939189,-47.176722935267854,1.119808723420351,12.322963763045323
P05_L1_71b,0.0,1.828125,corpus,-50.738041111680324,-50.418943495977494,1.119808723420351,10.984893760603605
P01_L1_37b,0.0,1.8745208333333334,corpus,-42.4616764496992,-45.929075050354,1.119808723420351,8.78038198419587
P02_L2_75b,0.0,1.4638541666666667,corpus,-48.004615261130134,-47.69689835442437,1.0891424813193615,11.317252150030107
P01_L1_37a,0.0,2.0375208333333332,corpus,-43.017740885416664,-46.90391521453857,1.0880699034097403,9.069316758594681
P03_L2_52b,0.0,1.4830625,corpus,-48.410093565244935,-49.761983369526114,1.0880699034097403,11.198932630956133
P05_L2_06b,0.0,1.7693125,corpus,-44.88844566560734,-47.02624431409334,1.0880696956781164,12.237257109910566
P05_L1_53b,0.0,1.5418125,corpus,-45.580563235592535,-45.6278510623508,1.0880694879464925,11.913619839259479
P03_L2_23b,0.0,1.3970625,corpus,-48.79176548549107,-46.877017454667524,1.0818719347175378,13.780654274593076
P05_L1_58b,0.0,1.427375,corpus,-48.29916958041958,-47.406489871797106,1.0818719347175378,7.311537184786715
P05_L2_83b,0.0,1.500125,corpus,-45.797757161458335,-46.96246316697862,1.0818719347175378,12.464145649667557
P01_L1_57b,0.0,1.4200208333333333,corpus,-47.951285348811616,-47.82131374583525,1.0818710728160787,9.736714138590585
P01_L1_03b,0.0,1.4371041666666666,corpus,-47.82825385199653,-48.3489801618788,1.0252094866571797,6.2794134764472105
P02_L2_58b,0.0,1.3545,corpus,-49.979951533564815,-48.67056492396763,1.021212156854338,6.242332602821371
P03_L1_66a,0.0,1.3096875,corpus,-45.51755576097328,-45.22821829054091,1.0009906684872034,11.245142620386037
P03_L2_07a,0.0,1.4400625,corpus,-45.99903361002604,-44.18090553283692,0.9742592247353002,9.422009315946308
P05_L2_57b,0.0,1.657625,corpus,-43.84326171875,-46.93818395278033,0.9742592247353002,14.623049067351158
P03_L1_05b,0.0,1.208625,corpus,-45.500209839876035,-44.208375718858505,0.9742569695198015,9.61348641810342
P05_L1_40b,0.0,1.8185,corpus,-49.29732572115385,-48.24099912141499,0.9742547143043027,9.895636468111025
P01_L1_18b,0.0,1.9765,corpus,-43.675154869002526,-50.508871639476105,0.9447364698136184,9.288399914805158
P01_L1_10a,0.0,1.422,corpus,-48.85836061289613,-48.49146451448139,0.9447364698136184,6.690641867544592
P05_L1_57b,0.0,1.2645625,corpus,-46.46842060391865,-45.71283362893497,0.9375445443098599,12.272712146564146
P01_L2_18b,0.0,1.5341875,corpus,-46.40421389910131,-47.84262780582203,0.9375445443098599,9.562346664595562
P05_L1_57a,0.0,1.5231875,corpus,-46.77275968852796,-46.57060466093176,0.890326819878516,10.938758776440917
