file,pid,list,item,variant,tense,target_verb,verb_start,verb_end,n_verb_syll,exp_verb_syll,n_w1_syll,exp_w1_syll,n_noun_syll,exp_noun_syll,key_noun,stress_start,stress_end,exp_verb_key,n_total_syll,exp_total_syll,audio_dur,aligned_span,flags
P01_L1_01a,P01,1,1,a,present,busca,0.59,0.93,2,2,1,1,2,2,due-ño,0.59,0.79,BUS-ca,8,8,1.556,1.34,
P01_L1_01b,P01,1,1,b,past,buscó,0.61,0.94,2,2,1,1,2,2,due-ño,0.79,0.94,bus-CÓ,8,8,1.423,1.26,
P01_L1_02a,P01,1,2,a,present,limpia,0.66,1.08,2,2,1,1,2,2,clo-ro,0.66,0.91,LIM-pia,8,8,1.63,1.52,
P01_L1_02b,P01,1,2,b,past,limpió,0.56,0.97,2,2,1,1,2,2,clo-ro,0.76,0.97,lim-PIÓ,8,8,1.582,1.51,
P01_L1_03a,P01,1,3,a,present,planta,0.54,0.87,2,2,1,1,2,2,hi-jo,0.54,0.77,PLAN-ta,8,8,1.389,1.2,
P01_L1_03b,P01,1,3,b,past,plantó,0.39,0.83,2,2,1,1,2,2,hi-jo,0.7,0.83,plan-TÓ,8,8,1.437,1.29,
P01_L1_04a,P01,1,4,a,present,filtra,0.66,1.19,2,2,1,1,2,2,gri-fo,0.66,1.04,FIL-tra,8,8,1.642,1.53,
P01_L1_04b,P01,1,4,b,past,filtró,0.64,1.2,2,2,1,1,2,2,gri-fo,1.01,1.2,fil-TRÓ,8,8,1.736,1.58,
P01_L1_05a,P01,1,5,a,present,monta,0.54,1.04,2,2,1,1,2,2,tí-o,0.54,0.8,MON-ta,9,10,2.046,1.99,"total_syllable_count_mismatch(got 9,exp 10)"
P01_L1_05b,P01,1,5,b,past,montó,0.51,0.9,2,2,1,1,2,2,tí-o,0.76,0.9,mon-TÓ,9,10,1.67,1.6,"total_syllable_count_mismatch(got 9,exp 10)"
P01_L1_06a,P01,1,6,a,present,canta,0.51,0.81,2,2,1,1,2,2,a-ve,0.51,0.73,CAN-ta,8,8,1.648,1.588,
P01_L1_06b,P01,1,6,b,past,cantó,0.49,0.89,2,2,1,1,2,2,a-ve,0.72,0.89,can-TÓ,8,8,1.778,1.43,
P01_L1_07a,P01,1,7,a,present,junta,0.74,1.13,2,2,1,1,2,2,jo-ven,0.74,1.03,JUN-ta,9,9,1.759,1.55,
P01_L1_07b,P01,1,7,b,past,juntó,0.67,1.09,2,2,1,1,2,2,jo-ven,0.91,1.09,jun-TÓ,9,9,1.896,1.56,
P01_L1_08a,P01,1,8,a,present,marca,0.72,1.11,2,2,1,1,2,2,o-sa,0.72,1.0,MAR-ca,8,8,1.752,1.53,
P01_L1_08b,P01,1,8,b,past,marcó,0.64,1.01,2,2,1,1,2,2,o-sa,0.88,1.01,mar-CÓ,8,8,1.628,1.36,
P01_L1_09a,P01,1,9,a,present,mezcla,0.64,1.05,2,2,1,1,2,2,rí-o,0.64,0.87,MEZ-cla,9,9,1.731,1.48,
P01_L1_09b,P01,1,9,b,past,mezcló,0.5,0.96,2,2,1,1,2,2,rí-o,0.72,0.96,mez-CLÓ,9,9,1.711,1.31,
P01_L1_10a,P01,1,10,a,present,sopla,0.57,0.94,2,2,1,1,2,2,sue-gro,0.57,0.79,SO-pla,8,8,1.422,1.36,
P01_L1_10b,P01,1,10,b,past,sopló,0.7,1.07,2,2,1,1,2,2,sue-gro,0.91,1.07,so-PLÓ,8,8,1.484,1.28,
P01_L1_11a,P01,1,11,a,present,culpa,0.77,1.08,2,2,1,1,2,2,yer-no,0.77,0.94,CUL-pa,8,8,1.607,1.38,
P01_L1_11b,P01,1,11,b,past,culpó,0.52,0.9,2,2,1,1,2,2,yer-no,0.68,0.9,cul-PÓ,8,8,1.381,1.35,
P01_L1_12a,P01,1,12,a,present,mancha,0.58,0.88,2,2,1,1,2,2,tin-ta,0.58,0.75,MAN-cha,9,9,1.508,1.39,
P01_L1_12b,P01,1,12,b,past,manchó,0.59,0.92,2,2,1,1,2,2,tin-ta,0.77,0.92,man-CHÓ,9,9,1.649,1.44,
P01_L1_13a,P01,1,13,a,present,gasta,0.67,0.95,2,2,1,1,2,2,do-ña,0.67,0.88,GAS-ta,9,9,1.333,1.193,
P01_L1_13b,P01,1,13,b,past,gastó,0.87,1.54,2,2,1,1,2,2,do-ña,1.22,1.54,gas-TÓ,9,9,2.257,2.16,
P01_L1_14a,P01,1,14,a,present,salta,0.92,1.36,2,2,1,1,2,2,pe-rra,0.92,1.24,SAL-ta,8,8,2.138,1.62,
P01_L1_14b,P01,1,14,b,past,saltó,0.75,1.16,2,2,1,1,2,2,pe-rra,0.99,1.16,sal-TÓ,8,8,1.933,1.47,
P01_L1_15a,P01,1,15,a,present,corta,1.51,1.81,2,2,1,1,2,2,cú-ter,1.51,1.73,COR-ta,9,9,2.549,2.04,
P01_L1_15b,P01,1,15,b,past,cortó,1.04,1.44,2,2,1,1,2,2,cú-ter,1.32,1.44,cor-TÓ,9,9,2.097,1.73,
P01_L1_16a,P01,1,16,a,present,busca,0.94,1.3,2,2,1,1,2,2,ni-ña,0.94,1.18,BUS-ca,8,8,1.85,1.58,
P01_L1_16b,P01,1,16,b,past,buscó,0.76,1.22,2,2,1,1,2,2,ni-ña,0.98,1.22,bus-CÓ,8,8,1.891,1.43,
P01_L1_17a,P01,1,17,a,present,limpia,0.59,0.93,2,2,1,1,2,2,ma-dre,0.59,0.81,LIM-pia,8,8,1.563,1.39,
P01_L1_17b,P01,1,17,b,past,limpió,0.61,1.08,2,2,1,1,2,2,ma-dre,0.84,1.08,lim-PIÓ,8,8,1.727,1.45,
P01_L1_18a,P01,1,18,a,present,planta,0.92,1.27,2,2,1,1,2,2,hi-ja,0.92,1.18,PLAN-ta,7,7,1.882,1.29,"duration_gap(audio 1.88s,aligned 1.29s)"
P01_L1_18b,P01,1,18,b,past,plantó,0.91,1.25,2,2,1,1,2,2,hi-ja,1.12,1.25,plan-TÓ,7,7,1.976,1.2,"duration_gap(audio 1.98s,aligned 1.20s)"
P01_L1_19a,P01,1,19,a,present,filtra,0.87,1.35,2,2,1,1,2,2,ter-mo,0.87,1.21,FIL-tra,7,7,1.835,1.37,"duration_gap(audio 1.84s,aligned 1.37s)"
P01_L1_19b,P01,1,19,b,past,filtró,0.97,1.43,2,2,1,1,2,2,ter-mo,1.31,1.43,fil-TRÓ,7,7,2.212,1.4,"duration_gap(audio 2.21s,aligned 1.40s)"
P01_L1_20a,P01,1,20,a,present,monta,0.77,1.11,2,2,1,1,2,2,tí-a,0.77,1.01,MON-ta,8,8,1.694,1.424,
P01_L1_20b,P01,1,20,b,past,montó,0.68,1.11,2,2,1,1,2,2,tí-a,0.94,1.11,mon-TÓ,8,8,1.647,1.57,
P01_L1_21a,P01,1,21,a,present,canta,0.8,1.17,2,2,1,1,2,2,nie-ta,0.8,1.04,CAN-ta,8,8,1.754,1.534,
P01_L1_21b,P01,1,21,b,past,cantó,0.66,1.03,2,2,1,1,2,2,nie-ta,0.87,1.03,can-TÓ,8,8,1.773,1.39,
P01_L1_22a,P01,1,22,a,present,junta,0.6,0.96,2,2,1,1,2,2,du-que,0.6,0.87,JUN-ta,8,8,1.735,1.34,
P01_L1_22b,P01,1,22,b,past,juntó,0.55,0.94,2,2,1,1,2,2,du-que,0.8,0.94,jun-TÓ,8,8,1.582,1.26,
P01_L1_23a,P01,1,23,a,present,marca,0.8,1.17,2,2,1,1,2,2,pe-rro,0.8,1.09,MAR-ca,10,10,2.021,1.73,
P01_L1_23b,P01,1,23,b,past,marcó,0.6,1.0,2,2,1,1,2,2,pe-rro,0.86,1.0,mar-CÓ,10,10,1.944,1.59,
P01_L1_24a,P01,1,24,a,present,mezcla,0.53,0.95,2,2,1,1,2,2,lo-bo,0.53,0.78,MEZ-cla,8,8,1.582,1.42,
P01_L1_24b,P01,1,24,b,past,mezcló,0.51,0.99,2,2,1,1,2,2,lo-bo,0.75,0.99,mez-CLÓ,8,8,1.62,1.47,
P01_L1_25a,P01,1,25,a,present,sopla,0.54,0.9,2,2,1,1,2,2,ne-ne,0.54,0.76,SO-pla,8,8,1.506,1.32,
P01_L1_25b,P01,1,25,b,past,sopló,0.51,0.98,2,2,1,1,2,2,ne-ne,0.77,0.98,so-PLÓ,8,8,1.608,1.43,
P01_L1_26a,P01,1,26,a,present,culpa,0.65,0.95,2,2,1,1,2,2,da-ma,0.65,0.82,CUL-pa,9,9,1.774,1.62,
P01_L1_26b,P01,1,26,b,past,culpó,0.57,1.09,2,2,1,1,2,2,da-ma,0.74,1.09,cul-PÓ,9,9,2.105,1.85,
P01_L1_27a,P01,1,27,a,present,mancha,0.37,0.65,2,2,1,1,2,2,lo-do,0.37,0.59,MAN-cha,9,9,2.105,1.7,
P01_L1_27b,P01,1,27,b,past,manchó,0.67,1.06,2,2,1,1,2,2,lo-do,0.94,1.06,man-CHÓ,9,9,1.939,1.789,
P01_L1_28a,P01,1,28,a,present,gasta,1.11,1.39,2,2,1,1,2,2,chi-co,1.11,1.29,GAS-ta,8,8,1.786,1.46,
P01_L1_28b,P01,1,28,b,past,gastó,0.69,1.0,2,2,1,1,2,2,chi-co,0.92,1.0,gas-TÓ,8,8,1.646,1.35,
P01_L1_29a,P01,1,29,a,present,salta,0.76,1.21,2,2,1,1,2,2,so-cio,0.76,1.07,SAL-ta,8,8,1.672,1.4,
P01_L1_29b,P01,1,29,b,past,saltó,0.64,1.01,2,2,1,1,2,2,so-cio,0.9,1.01,sal-TÓ,8,8,1.775,1.55,
P01_L1_30a,P01,1,30,a,present,corta,0.77,1.06,2,2,1,1,2,2,ne-na,0.77,0.94,COR-ta,10,10,1.92,1.65,
P01_L1_30b,P01,1,30,b,past,cortó,0.57,1.07,2,2,1,1,2,2,ne-na,0.87,1.07,cor-TÓ,10,10,1.931,1.75,
P01_L1_31a,P01,1,31,a,present,busca,0.72,1.06,2,2,1,1,2,2,mó-vil,0.72,0.93,BUS-ca,8,8,1.694,1.48,
P01_L1_31b,P01,1,31,b,past,buscó,0.59,0.96,2,2,1,1,2,2,mó-vil,0.79,0.96,bus-CÓ,8,8,1.598,1.46,
P01_L1_32a,P01,1,32,a,present,limpia,0.6,1.0,2,2,1,1,2,2,co-che,0.6,0.82,LIM-pia,8,8,1.647,1.52,
P01_L1_32b,P01,1,32,b,past,limpió,0.64,1.04,2,2,1,1,2,2,co-che,0.85,1.04,lim-PIÓ,8,8,1.672,1.36,
P01_L1_33a,P01,1,33,a,present,planta,0.79,1.08,2,2,1,1,2,2,rei-na,0.79,1.0,PLAN-ta,8,8,1.795,1.44,
P01_L1_33b,P01,1,33,b,past,plantó,0.66,1.03,2,2,1,1,2,2,rei-na,0.9,1.03,plan-TÓ,8,8,1.798,1.42,
P01_L1_34a,P01,1,34,a,present,filtra,0.69,1.06,2,2,1,1,2,2,ja-rra,0.69,0.97,FIL-tra,8,8,1.782,1.35,
P01_L1_34b,P01,1,34,b,past,filtró,0.85,1.3,2,2,1,1,2,2,ja-rra,1.15,1.3,fil-TRÓ,8,8,1.995,1.51,
P01_L1_35a,P01,1,35,a,present,monta,0.62,0.98,2,2,1,1,2,2,mon-je,0.62,0.89,MON-ta,10,10,1.918,1.56,
P01_L1_35b,P01,1,35,b,past,montó,0.83,1.3,2,2,1,1,2,2,mon-je,1.12,1.3,mon-TÓ,10,10,2.275,1.73,
P01_L1_36a,P01,1,36,a,present,canta,0.79,1.08,2,2,1,1,2,2,lo-ro,0.79,0.99,CAN-ta,10,10,1.875,1.41,
P01_L1_36b,P01,1,36,b,past,cantó,0.53,0.86,2,2,1,1,2,2,lo-ro,0.74,0.86,can-TÓ,10,10,1.549,1.41,
P01_L1_37a,P01,1,37,a,present,junta,0.85,1.2,2,2,1,1,2,2,cla-vo,0.85,1.09,JUN-ta,9,9,2.038,1.39,"duration_gap(audio 2.04s,aligned 1.39s)"
P01_L1_37b,P01,1,37,b,past,juntó,0.72,1.11,2,2,1,1,2,2,cla-vo,0.95,1.11,jun-TÓ,9,9,1.875,1.41,
P01_L1_38a,P01,1,38,a,present,marca,0.79,1.16,2,2,1,1,2,2,sas-tre,0.79,1.06,MAR-ca,8,8,1.875,1.54,
P01_L1_38b,P01,1,38,b,past,marcó,0.69,1.12,2,2,1,1,2,2,sas-tre,0.95,1.12,mar-CÓ,8,8,1.875,1.51,
P01_L1_39a,P01,1,39,a,present,mezcla,0.81,1.15,2,2,1,1,2,2,bro-cha,0.81,1.0,MEZ-cla,9,9,2.042,1.6,
P01_L1_39b,P01,1,39,b,past,mezcló,0.83,1.28,2,2,1,1,2,2,bro-cha,1.09,1.28,mez-CLÓ,9,9,2.023,1.73,
P01_L1_40a,P01,1,40,a,present,sopla,0.73,1.11,2,2,1,1,2,2,sue-gra,0.73,0.98,SO-pla,8,8,1.745,1.58,
P01_L1_40b,P01,1,40,b,past,sopló,0.7,1.09,2,2,1,1,2,2,sue-gra,0.93,1.09,so-PLÓ,8,8,1.912,1.56,
P01_L1_41a,P01,1,41,a,present,culpa,0.82,1.22,2,2,1,1,2,2,con-de,0.82,1.09,CUL-pa,8,8,1.819,1.43,
P01_L1_41b,P01,1,41,b,past,culpó,0.68,1.08,2,2,1,1,2,2,con-de,0.91,1.08,cul-PÓ,8,8,1.619,1.32,
P01_L1_42a,P01,1,42,a,present,mancha,0.67,1.0,2,2,1,1,2,2,zu-mo,0.67,0.87,MAN-cha,10,10,1.924,1.57,
P01_L1_42b,P01,1,42,b,past,manchó,0.62,1.08,2,2,1,1,2,2,zu-mo,0.84,1.08,man-CHÓ,10,10,2.057,1.7,
P01_L1_43a,P01,1,43,a,present,gasta,0.76,1.07,2,2,1,1,2,2,jue-za,0.76,0.98,GAS-ta,8,8,1.81,1.46,
P01_L1_43b,P01,1,43,b,past,gastó,0.74,1.16,2,2,1,1,2,2,jue-za,1.02,1.16,gas-TÓ,8,8,1.79,1.49,
P01_L1_44a,P01,1,44,a,present,salta,0.77,1.15,2,2,1,1,2,2,ra-na,0.77,1.03,SAL-ta,8,8,1.86,1.53,
P01_L1_44b,P01,1,44,b,past,saltó,0.51,0.92,2,2,1,1,2,2,ra-na,0.79,0.92,sal-TÓ,8,8,1.662,1.4,
P01_L1_45a,P01,1,45,a,present,corta,0.71,1.02,2,2,1,1,2,2,lá-ser,0.71,0.88,COR-ta,9,9,1.662,1.45,
P01_L1_45b,P01,1,45,b,past,cortó,0.69,1.14,2,2,1,1,2,2,lá-ser,0.95,1.14,cor-TÓ,9,9,1.827,1.6,
P01_L1_46a,P01,1,46,a,present,busca,0.58,0.9,2,2,1,1,2,2,pa-dre,0.58,0.76,BUS-ca,8,8,1.378,1.278,
P01_L1_46b,P01,1,46,b,past,buscó,0.66,1.08,2,2,1,1,2,2,pa-dre,0.88,1.08,bus-CÓ,8,8,1.716,1.41,
P01_L1_47a,P01,1,47,a,present,limpia,0.71,1.08,2,2,1,1,2,2,llu-via,0.71,0.93,LIM-pia,8,8,1.75,1.48,
P01_L1_47b,P01,1,47,b,past,limpió,0.84,1.31,2,2,1,1,2,2,llu-via,1.08,1.31,lim-PIÓ,8,8,1.918,1.69,
P01_L1_48a,P01,1,48,a,present,planta,0.7,1.05,2,2,1,1,2,2,lí-der,0.7,0.95,PLAN-ta,9,9,1.716,1.56,
P01_L1_48b,P01,1,48,b,past,plantó,0.66,1.07,2,2,1,1,2,2,lí-der,0.92,1.07,plan-TÓ,9,9,1.75,1.58,
P01_L1_49a,P01,1,49,a,present,filtra,0.76,1.19,2,2,1,1,2,2,te-la,0.76,1.1,FIL-tra,8,8,1.817,1.5,
P01_L1_49b,P01,1,49,b,past,filtró,0.76,1.16,2,2,1,1,2,2,te-la,1.06,1.16,fil-TRÓ,8,8,1.851,1.39,
P01_L1_50a,P01,1,50,a,present,monta,0.61,0.92,2,2,1,1,2,2,due-ña,0.61,0.82,MON-ta,8,8,1.582,1.45,
P01_L1_50b,P01,1,50,b,past,montó,0.71,1.13,2,2,1,1,2,2,due-ña,0.94,1.13,mon-TÓ,8,8,1.884,1.55,
P01_L1_51a,P01,1,51,a,present,canta,0.78,1.1,2,2,1,1,2,2,gor-da,0.78,1.0,CAN-ta,9,9,1.682,1.44,
P01_L1_51b,P01,1,51,b,past,cantó,0.58,0.99,2,2,1,1,2,2,gor-da,0.84,0.99,can-TÓ,9,9,1.75,1.44,
P01_L1_52a,P01,1,52,a,present,junta,0.78,1.11,2,2,1,1,2,2,pri-mo,0.78,1.02,JUN-ta,8,8,1.75,1.46,
P01_L1_52b,P01,1,52,b,past,juntó,0.56,0.92,2,2,1,1,2,2,pri-mo,0.81,0.92,jun-TÓ,8,8,1.649,1.41,
P01_L1_53a,P01,1,53,a,present,marca,0.67,1.03,2,2,1,1,2,2,hom-bre,0.67,0.91,MAR-ca,8,8,1.817,1.38,
P01_L1_53b,P01,1,53,b,past,marcó,0.56,0.97,2,2,1,1,2,2,hom-bre,0.82,0.97,mar-CÓ,8,8,1.783,1.34,
P01_L1_54a,P01,1,54,a,present,mezcla,0.66,1.03,2,2,1,1,2,2,la-go,0.66,0.87,MEZ-cla,8,8,1.716,1.41,
P01_L1_54b,P01,1,54,b,past,mezcló,0.61,1.03,2,2,1,1,2,2,la-go,0.86,1.03,mez-CLÓ,8,8,1.75,1.44,
P01_L1_55a,P01,1,55,a,present,sopla,0.69,1.08,2,2,1,1,2,2,chi-ca,0.69,0.95,SO-pla,8,8,1.682,1.522,
P01_L1_55b,P01,1,55,b,past,sopló,0.68,1.16,2,2,1,1,2,2,chi-ca,0.96,1.16,so-PLÓ,8,8,1.918,1.52,
P01_L1_56a,P01,1,56,a,present,culpa,0.64,0.96,2,2,1,1,2,2,a-ma,0.64,0.84,CUL-pa,9,9,1.604,1.46,
P01_L1_56b,P01,1,56,b,past,culpó,0.65,1.03,2,2,1,1,2,2,a-ma,0.86,1.03,cul-PÓ,9,9,1.62,1.48,
P01_L1_57a,P01,1,57,a,present,mancha,0.67,1.03,2,2,1,1,2,2,vi-no,0.67,0.88,MAN-cha,8,8,1.64,1.34,
P01_L1_57b,P01,1,57,b,past,manchó,0.47,0.86,2,2,1,1,2,2,vi-no,0.68,0.86,man-CHÓ,8,8,1.42,1.28,
P01_L1_58a,P01,1,58,a,present,gasta,0.67,0.95,2,2,1,1,2,2,ca-rro,0.67,0.87,GAS-ta,10,10,1.72,1.54,
P01_L1_58b,P01,1,58,b,past,gastó,0.51,0.89,2,2,1,1,2,2,ca-rro,0.76,0.89,gas-TÓ,10,10,1.74,1.55,
P01_L1_59a,P01,1,59,a,present,salta,0.51,0.9,2,2,1,1,2,2,ni-ño,0.51,0.79,SAL-ta,8,8,1.5,1.4,
P01_L1_59b,P01,1,59,b,past,saltó,0.61,1.07,2,2,1,1,2,2,ni-ño,0.92,1.07,sal-TÓ,8,8,1.8,1.57,
P01_L1_60a,P01,1,60,a,present,corta,0.75,1.16,2,2,1,1,2,2,ra-ta,0.75,1.02,COR-ta,8,8,1.7,1.49,
P01_L1_60b,P01,1,60,b,past,cortó,0.61,0.99,2,2,1,1,2,2,ra-ta,0.81,0.99,cor-TÓ,8,8,1.62,1.5,
P01_L1_61a,P01,1,61,a,present,busca,0.59,0.91,2,2,1,1,2,2,va-ca,0.59,0.78,BUS-ca,8,8,1.6,1.37,
P01_L1_61b,P01,1,61,b,past,buscó,0.57,0.9,2,2,1,1,2,2,va-ca,0.76,0.9,bus-CÓ,8,8,1.48,1.36,
P01_L1_62a,P01,1,62,a,present,limpia,0.65,0.99,2,2,1,1,2,2,pri-ma,0.65,0.86,LIM-pia,8,8,1.48,1.33,
P01_L1_62b,P01,1,62,b,past,limpió,0.51,0.95,2,2,1,1,2,2,pri-ma,0.71,0.95,lim-PIÓ,8,8,1.58,1.42,
P01_L1_63a,P01,1,63,a,present,planta,0.71,1.01,2,2,1,1,2,2,vie-ja,0.71,0.93,PLAN-ta,8,8,1.62,1.49,
P01_L1_63b,P01,1,63,b,past,plantó,0.61,1.13,2,2,1,1,2,2,vie-ja,0.94,1.13,plan-TÓ,8,8,1.8,1.72,
P01_L1_64a,P01,1,64,a,present,filtra,1.26,1.85,2,2,1,1,2,2,fil-tro,1.26,1.6,FIL-tra,8,8,2.58,2.32,
P01_L1_64b,P01,1,64,b,past,filtró,0.95,1.63,2,2,1,1,2,2,fil-tro,1.38,1.63,fil-TRÓ,8,8,2.44,2.24,
P01_L1_65a,P01,1,65,a,present,monta,0.95,1.31,2,2,1,1,2,2,je-fa,0.95,1.22,MON-ta,10,10,2.54,1.77,"duration_gap(audio 2.54s,aligned 1.77s)"
P01_L1_65b,P01,1,65,b,past,montó,0.61,1.06,2,2,1,1,2,2,je-fa,0.89,1.06,mon-TÓ,10,10,1.96,1.74,
P01_L1_66a,P01,1,66,a,present,canta,0.66,1.01,2,2,1,1,2,2,gua-pa,0.66,0.91,CAN-ta,8,8,1.54,1.43,
P01_L1_66b,P01,1,66,b,past,cantó,0.77,1.13,2,2,1,1,2,2,gua-pa,1.01,1.13,can-TÓ,8,8,1.66,1.49,
P01_L1_67a,P01,1,67,a,present,junta,0.73,1.11,2,2,1,1,2,2,nue-ra,0.73,1.01,JUN-ta,8,8,2.04,1.56,
P01_L1_67b,P01,1,67,b,past,juntó,0.67,1.13,2,2,1,1,2,2,nue-ra,0.92,1.13,jun-TÓ,8,8,1.96,1.78,
P01_L1_68a,P01,1,68,a,present,marca,0.7,1.07,2,2,1,1,2,2,gra-sa,0.7,0.97,MAR-ca,8,8,1.56,1.39,
P01_L1_68b,P01,1,68,b,past,marcó,0.82,1.23,2,2,1,1,2,2,gra-sa,1.08,1.23,mar-CÓ,8,8,1.884,1.34,"duration_gap(audio 1.88s,aligned 1.34s)"
P01_L1_69a,P01,1,69,a,present,mezcla,0.92,1.32,2,2,1,1,2,2,fla-ca,0.92,1.15,MEZ-cla,8,8,2.013,1.653,
P01_L1_69b,P01,1,69,b,past,mezcló,0.81,1.23,2,2,1,1,2,2,fla-ca,1.05,1.23,mez-CLÓ,8,8,1.799,1.47,
P01_L1_70a,P01,1,70,a,present,sopla,0.87,1.24,2,2,1,1,2,2,hués-ped,0.87,1.1,SO-pla,8,8,1.927,1.63,
P01_L1_70b,P01,1,70,b,past,sopló,0.71,1.18,2,2,1,1,2,2,hués-ped,0.98,1.18,so-PLÓ,8,8,1.841,1.59,
P01_L1_71a,P01,1,71,a,present,culpa,1.23,1.67,2,2,1,1,2,2,cón-sul,1.23,1.44,CUL-pa,8,8,2.355,2.05,
P01_L1_71b,P01,1,71,b,past,culpó,0.9,1.39,2,2,1,1,2,2,cón-sul,1.13,1.39,cul-PÓ,8,8,1.919,1.709,
P01_L1_72a,P01,1,72,a,present,mancha,0.94,1.35,2,2,1,1,2,2,rue-da,0.94,1.22,MAN-cha,9,9,2.099,1.51,"duration_gap(audio 2.10s,aligned 1.51s)"
P01_L1_72b,P01,1,72,b,past,manchó,0.78,1.34,2,2,1,1,2,2,rue-da,1.06,1.34,man-CHÓ,9,9,2.099,1.63,
P01_L1_73a,P01,1,73,a,present,gasta,0.94,1.29,2,2,1,1,2,2,ri-ca,0.94,1.2,GAS-ta,9,9,1.919,1.58,
P01_L1_73b,P01,1,73,b,past,gastó,0.69,1.13,2,2,1,1,2,2,ri-ca,0.98,1.13,gas-TÓ,9,9,1.979,1.59,
P01_L1_74a,P01,1,74,a,present,salta,0.68,1.07,2,2,1,1,2,2,ca-bra,0.68,0.95,SAL-ta,8,8,1.619,1.37,
P01_L1_74b,P01,1,74,b,past,saltó,0.89,1.34,2,2,1,1,2,2,ca-bra,1.2,1.34,sal-TÓ,8,8,1.979,1.49,
P01_L1_75a,P01,1,75,a,present,corta,1.2,1.54,2,2,1,1,2,2,mo-zo,1.2,1.4,COR-ta,8,8,2.257,2.0,
P01_L1_75b,P01,1,75,b,past,cortó,0.9,1.35,2,2,1,1,2,2,mo-zo,1.11,1.35,cor-TÓ,8,8,2.095,1.91,
P01_L1_76a,P01,1,76,a,present,busca,0.62,0.95,2,2,1,1,2,2,ru-bia,0.62,0.84,BUS-ca,9,9,1.82,1.49,
P01_L1_76b,P01,1,76,b,past,buscó,0.75,1.11,2,2,1,1,2,2,ru-bia,0.98,1.11,bus-CÓ,9,9,1.795,1.41,
P01_L1_77a,P01,1,77,a,present,limpia,0.58,0.87,2,2,1,1,2,2,tra-po,0.58,0.77,LIM-pia,9,9,1.671,1.47,
P01_L1_77b,P01,1,77,b,past,limpió,0.69,1.19,2,2,1,1,2,2,tra-po,0.92,1.19,lim-PIÓ,9,9,1.945,1.67,
P01_L1_78a,P01,1,78,a,present,planta,0.81,1.11,2,2,1,1,2,2,cu-ra,0.81,1.04,PLAN-ta,9,9,1.883,1.5,
P01_L1_78b,P01,1,78,b,past,plantó,0.68,1.18,2,2,1,1,2,2,cu-ra,1.02,1.18,plan-TÓ,9,9,1.845,1.72,
P01_L1_79a,P01,1,79,a,present,filtra,0.69,1.09,2,2,1,1,2,2,ma-lla,0.69,0.98,FIL-tra,9,9,1.833,1.68,
P01_L1_79b,P01,1,79,b,past,filtró,0.86,1.36,2,2,1,1,2,2,ma-lla,1.26,1.36,fil-TRÓ,9,9,2.157,1.97,
P01_L1_80a,P01,1,80,a,present,monta,0.55,0.87,2,2,1,1,2,2,nie-to,0.55,0.76,MON-ta,11,11,1.721,1.57,
P01_L1_80b,P01,1,80,b,past,montó,0.5,0.99,2,2,1,1,2,2,nie-to,0.74,0.99,mon-TÓ,11,11,2.444,2.33,
P01_L1_81a,P01,1,81,a,present,canta,0.66,0.93,2,2,1,1,2,2,vie-jo,0.66,0.85,CAN-ta,9,9,1.621,1.35,
P01_L1_81b,P01,1,81,b,past,cantó,0.69,1.05,2,2,1,1,2,2,vie-jo,0.94,1.05,can-TÓ,9,9,1.658,1.44,
P01_L1_82a,P01,1,82,a,present,junta,0.58,0.93,2,2,1,1,2,2,ga-ta,0.58,0.82,JUN-ta,9,9,1.633,1.53,
P01_L1_82b,P01,1,82,b,past,juntó,0.53,0.88,2,2,1,1,2,2,ga-ta,0.74,0.88,jun-TÓ,9,9,1.621,1.45,
P01_L1_83a,P01,1,83,a,present,marca,0.65,0.97,2,2,1,1,2,2,bi-ci,0.65,0.88,MAR-ca,8,8,1.534,1.29,
P01_L1_83b,P01,1,83,b,past,marcó,0.6,1.03,2,2,1,1,2,2,bi-ci,0.87,1.03,mar-CÓ,8,8,1.646,1.43,
P01_L1_84a,P01,1,84,a,present,mezcla,0.58,0.99,2,2,1,1,2,2,pre-sa,0.58,0.81,MEZ-cla,9,9,1.683,1.62,
P01_L1_84b,P01,1,84,b,past,mezcló,0.63,0.99,2,2,1,1,2,2,pre-sa,0.85,0.99,mez-CLÓ,9,9,1.696,1.54,
P01_L1_85a,P01,1,85,a,present,sopla,1.28,1.8,2,2,1,1,2,2,mon-ja,1.28,1.57,SO-pla,8,8,2.444,2.27,
P01_L1_85b,P01,1,85,b,past,sopló,0.85,1.38,2,2,1,1,2,2,mon-ja,1.14,1.38,so-PLÓ,8,8,2.007,1.78,
P01_L1_86a,P01,1,86,a,present,culpa,0.62,1.04,2,2,1,1,2,2,no-via,0.62,0.87,CUL-pa,8,8,1.658,1.45,
P01_L1_86b,P01,1,86,b,past,culpó,0.72,1.12,2,2,1,1,2,2,no-via,0.91,1.12,cul-PÓ,8,8,1.733,1.46,
P01_L1_87a,P01,1,87,a,present,mancha,0.68,1.06,2,2,1,1,2,2,san-gre,0.68,0.9,MAN-cha,8,8,1.646,1.49,
P01_L1_87b,P01,1,87,b,past,manchó,0.64,1.09,2,2,1,1,2,2,san-gre,0.89,1.09,man-CHÓ,8,8,1.721,1.59,
P01_L1_88a,P01,1,88,a,present,gasta,0.73,1.05,2,2,1,1,2,2,no-vio,0.73,0.97,GAS-ta,8,8,1.708,1.538,
P01_L1_88b,P01,1,88,b,past,gastó,0.65,1.28,2,2,1,1,2,2,no-vio,0.97,1.28,gas-TÓ,8,8,2.132,1.91,
P01_L1_89a,P01,1,89,a,present,salta,0.72,1.14,2,2,1,1,2,2,ma-go,0.72,1.04,SAL-ta,10,10,1.977,1.69,
P01_L1_89b,P01,1,89,b,past,saltó,0.55,0.94,2,2,1,1,2,2,ma-go,0.8,0.94,sal-TÓ,10,10,1.842,1.61,
P01_L1_90a,P01,1,90,a,present,corta,1.06,1.4,2,2,1,1,2,2,mu-la,1.06,1.28,COR-ta,8,8,2.004,1.65,
P01_L1_90b,P01,1,90,b,past,cortó,0.84,1.33,2,2,1,1,2,2,mu-la,1.11,1.33,cor-TÓ,8,8,1.896,1.5,
P01_L2_01a,P01,2,1,a,present,busca,0.66,0.99,2,2,1,1,2,2,due-ño,0.66,0.85,BUS-ca,8,8,1.569,1.34,
P01_L2_01b,P01,2,1,b,past,buscó,0.69,1.04,2,2,1,1,2,2,due-ño,0.89,1.04,bus-CÓ,8,8,1.706,1.41,
P01_L2_02a,P01,2,2,a,present,limpia,0.58,0.91,2,2,1,1,2,2,clo-ro,0.58,0.78,LIM-pia,8,8,1.515,1.38,
P01_L2_02b,P01,2,2,b,past,limpió,0.66,1.07,2,2,1,1,2,2,clo-ro,0.87,1.07,lim-PIÓ,8,8,1.774,1.59,
P01_L2_03a,P01,2,3,a,present,planta,0.57,0.9,2,2,1,1,2,2,hi-jo,0.57,0.81,PLAN-ta,8,8,1.474,1.29,
P01_L2_03b,P01,2,3,b,past,plantó,0.59,0.93,2,2,1,1,2,2,hi-jo,0.82,0.93,plan-TÓ,8,8,1.569,1.37,
P01_L2_04a,P01,2,4,a,present,filtra,0.68,1.19,2,2,1,1,2,2,gri-fo,0.68,1.04,FIL-tra,8,8,1.694,1.45,
P01_L2_04b,P01,2,4,b,past,filtró,0.74,1.27,2,2,1,1,2,2,gri-fo,1.12,1.27,fil-TRÓ,8,8,2.014,1.7,
P01_L2_05a,P01,2,5,a,present,monta,0.83,1.18,2,2,1,1,2,2,tí-o,0.83,1.1,MON-ta,9,10,2.014,1.59,"total_syllable_count_mismatch(got 9,exp 10)"
P01_L2_05b,P01,2,5,b,past,montó,0.64,1.01,2,2,1,1,2,2,tí-o,0.9,1.01,mon-TÓ,9,10,1.886,1.48,"total_syllable_count_mismatch(got 9,exp 10)"
P01_L2_06a,P01,2,6,a,present,canta,0.59,0.95,2,2,1,1,2,2,a-ve,0.59,0.85,CAN-ta,8,8,1.662,1.42,
P01_L2_06b,P01,2,6,b,past,cantó,0.67,1.02,2,2,1,1,2,2,a-ve,0.92,1.02,can-TÓ,8,8,1.726,1.516,
P01_L2_07a,P01,2,7,a,present,junta,0.57,0.98,2,2,1,1,2,2,jo-ven,0.57,0.87,JUN-ta,9,9,1.663,1.51,
P01_L2_07b,P01,2,7,b,past,juntó,0.74,1.14,2,2,1,1,2,2,jo-ven,1.02,1.14,jun-TÓ,9,9,1.854,1.62,
P01_L2_08a,P01,2,8,a,present,marca,0.55,0.91,2,2,1,1,2,2,o-sa,0.55,0.79,MAR-ca,8,8,1.734,1.4,
P01_L2_08b,P01,2,8,b,past,marcó,0.7,1.04,2,2,1,1,2,2,o-sa,0.93,1.04,mar-CÓ,8,8,1.769,1.44,
P01_L2_09a,P01,2,9,a,present,mezcla,0.71,1.19,2,2,1,1,2,2,rí-o,0.71,1.0,MEZ-cla,9,9,1.875,1.4,"duration_gap(audio 1.88s,aligned 1.40s)"
P01_L2_09b,P01,2,9,b,past,mezcló,0.65,1.04,2,2,1,1,2,2,rí-o,0.86,1.04,mez-CLÓ,9,9,1.734,1.33,
P01_L2_10a,P01,2,10,a,present,sopla,0.78,1.17,2,2,1,1,2,2,sue-gro,0.78,1.02,SO-pla,8,8,1.911,1.36,"duration_gap(audio 1.91s,aligned 1.36s)"
P01_L2_10b,P01,2,10,b,past,sopló,1.32,1.76,2,2,1,1,2,2,sue-gro,1.61,1.76,so-PLÓ,8,8,2.335,2.08,
P01_L2_11a,P01,2,11,a,present,culpa,0.81,1.15,2,2,1,1,2,2,yer-no,0.81,0.99,CUL-pa,8,8,1.769,1.37,
P01_L2_11b,P01,2,11,b,past,culpó,0.82,1.22,2,2,1,1,2,2,yer-no,0.99,1.22,cul-PÓ,8,8,1.911,1.55,
P01_L2_12a,P01,2,12,a,present,mancha,0.64,0.98,2,2,1,1,2,2,tin-ta,0.64,0.84,MAN-cha,9,9,1.698,1.49,
P01_L2_12b,P01,2,12,b,past,manchó,0.67,1.04,2,2,1,1,2,2,tin-ta,0.87,1.04,man-CHÓ,9,9,1.769,1.6,
P01_L2_13a,P01,2,13,a,present,gasta,0.62,1.02,2,2,1,1,2,2,do-ña,0.62,0.91,GAS-ta,9,9,1.557,1.44,
P01_L2_13b,P01,2,13,b,past,gastó,0.68,0.97,2,2,1,1,2,2,do-ña,0.89,0.97,gas-TÓ,9,9,1.557,1.34,
P01_L2_14a,P01,2,14,a,present,salta,0.64,1.07,2,2,1,1,2,2,pe-rra,0.64,0.91,SAL-ta,8,8,1.84,1.49,
P01_L2_14b,P01,2,14,b,past,saltó,0.78,1.24,2,2,1,1,2,2,pe-rra,1.07,1.24,sal-TÓ,8,8,2.017,1.62,
P01_L2_15a,P01,2,15,a,present,corta,0.73,1.03,2,2,1,1,2,2,cú-ter,0.73,0.95,COR-ta,9,9,1.769,1.44,
P01_L2_15b,P01,2,15,b,past,cortó,0.65,0.94,2,2,1,1,2,2,cú-ter,0.83,0.94,cor-TÓ,9,9,1.698,1.53,
P01_L2_16a,P01,2,16,a,present,busca,0.53,0.95,2,2,1,1,2,2,ni-ña,0.53,0.76,BUS-ca,8,8,1.646,1.41,
P01_L2_16b,P01,2,16,b,past,buscó,0.79,1.1,2,2,1,1,2,2,ni-ña,0.98,1.1,bus-CÓ,8,8,1.628,1.29,
P01_L2_17a,P01,2,17,a,present,limpia,0.53,0.88,2,2,1,1,2,2,ma-dre,0.53,0.75,LIM-pia,8,8,1.497,1.39,
P01_L2_17b,P01,2,17,b,past,limpió,0.58,0.93,2,2,1,1,2,2,ma-dre,0.77,0.93,lim-PIÓ,8,8,1.571,1.37,
P01_L2_18a,P01,2,18,a,present,planta,0.62,0.98,2,2,1,1,2,2,hi-ja,0.62,0.88,PLAN-ta,7,7,1.596,1.31,
P01_L2_18b,P01,2,18,b,past,plantó,0.5,0.89,2,2,1,1,2,2,hi-ja,0.78,0.89,plan-TÓ,7,7,1.534,1.28,
P01_L2_19a,P01,2,19,a,present,filtra,0.67,1.22,2,2,1,1,2,2,ter-mo,0.67,1.09,FIL-tra,7,7,1.633,1.45,
P01_L2_19b,P01,2,19,b,past,filtró,0.87,1.28,2,2,1,1,2,2,ter-mo,1.18,1.28,fil-TRÓ,7,7,1.831,1.54,
P01_L2_20a,P01,2,20,a,present,monta,0.54,0.89,2,2,1,1,2,2,tí-a,0.54,0.78,MON-ta,8,8,1.57,1.36,
P01_L2_20b,P01,2,20,b,past,montó,1.43,1.81,2,2,1,1,2,2,tí-a,1.69,1.81,mon-TÓ,8,8,2.474,2.07,
P01_L2_21a,P01,2,21,a,present,canta,0.6,0.9,2,2,1,1,2,2,nie-ta,0.6,0.81,CAN-ta,8,8,1.472,1.35,
P01_L2_21b,P01,2,21,b,past,cantó,0.71,1.07,2,2,1,1,2,2,nie-ta,0.96,1.07,can-TÓ,8,8,1.692,1.47,
P01_L2_22a,P01,2,22,a,present,junta,0.58,1.0,2,2,1,1,2,2,du-que,0.58,0.89,JUN-ta,8,8,1.839,1.37,"duration_gap(audio 1.84s,aligned 1.37s)"
P01_L2_22b,P01,2,22,b,past,juntó,0.77,1.15,2,2,1,1,2,2,du-que,1.04,1.15,jun-TÓ,8,8,1.815,1.45,
P01_L2_23a,P01,2,23,a,present,marca,0.62,0.93,2,2,1,1,2,2,pe-rro,0.62,0.85,MAR-ca,10,10,1.839,1.54,
P01_L2_23b,P01,2,23,b,past,marcó,0.86,1.23,2,2,1,1,2,2,pe-rro,1.11,1.23,mar-CÓ,10,10,2.06,1.76,
P01_L2_24a,P01,2,24,a,present,mezcla,0.48,0.88,2,2,1,1,2,2,lo-bo,0.48,0.71,MEZ-cla,8,8,1.668,1.36,
P01_L2_24b,P01,2,24,b,past,mezcló,0.51,0.89,2,2,1,1,2,2,lo-bo,0.72,0.89,mez-CLÓ,8,8,1.692,1.38,
P01_L2_25a,P01,2,25,a,present,sopla,0.51,0.91,2,2,1,1,2,2,ne-ne,0.51,0.79,SO-pla,8,8,1.683,1.33,
P01_L2_25b,P01,2,25,b,past,sopló,0.65,1.03,2,2,1,1,2,2,ne-ne,0.9,1.03,so-PLÓ,8,8,1.683,1.4,
P01_L2_26a,P01,2,26,a,present,culpa,0.65,0.95,2,2,1,1,2,2,da-ma,0.65,0.83,CUL-pa,9,9,1.767,1.56,
P01_L2_26b,P01,2,26,b,past,culpó,0.62,0.95,2,2,1,1,2,2,da-ma,0.81,0.95,cul-PÓ,9,9,1.795,1.61,
P01_L2_27a,P01,2,27,a,present,mancha,0.55,0.87,2,2,1,1,2,2,lo-do,0.55,0.76,MAN-cha,9,9,1.711,1.591,
P01_L2_27b,P01,2,27,b,past,manchó,0.67,1.01,2,2,1,1,2,2,lo-do,0.88,1.01,man-CHÓ,9,9,1.879,1.58,
P01_L2_28a,P01,2,28,a,present,gasta,0.66,0.98,2,2,1,1,2,2,chi-co,0.66,0.88,GAS-ta,8,8,1.599,1.3,
P01_L2_28b,P01,2,28,b,past,gastó,0.69,1.02,2,2,1,1,2,2,chi-co,0.91,1.02,gas-TÓ,8,8,1.711,1.4,
P01_L2_29a,P01,2,29,a,present,salta,0.74,1.08,2,2,1,1,2,2,so-cio,0.74,1.01,SAL-ta,8,8,1.823,1.56,
P01_L2_29b,P01,2,29,b,past,saltó,0.74,1.17,2,2,1,1,2,2,so-cio,1.01,1.17,sal-TÓ,8,8,1.851,1.62,
P01_L2_30a,P01,2,30,a,present,corta,0.87,1.28,2,2,1,1,2,2,ne-na,0.87,1.17,COR-ta,10,10,2.308,1.74,
P01_L2_30b,P01,2,30,b,past,cortó,0.66,0.94,2,2,1,1,2,2,ne-na,0.81,0.94,cor-TÓ,10,10,1.901,1.55,
P01_L2_31a,P01,2,31,a,present,busca,0.8,1.14,2,2,1,1,2,2,mó-vil,0.8,1.02,BUS-ca,8,8,1.711,1.43,
P01_L2_31b,P01,2,31,b,past,buscó,0.66,1.0,2,2,1,1,2,2,mó-vil,0.85,1.0,bus-CÓ,8,8,1.674,1.41,
P01_L2_32a,P01,2,32,a,present,limpia,0.61,0.99,2,2,1,1,2,2,co-che,0.61,0.85,LIM-pia,8,8,1.54,1.33,
P01_L2_32b,P01,2,32,b,past,limpió,0.86,1.19,2,2,1,1,2,2,co-che,1.04,1.19,lim-PIÓ,8,8,1.882,1.39,"duration_gap(audio 1.88s,aligned 1.39s)"
P01_L2_33a,P01,2,33,a,present,planta,0.9,1.27,2,2,1,1,2,2,rei-na,0.9,1.19,PLAN-ta,8,8,1.939,1.42,"duration_gap(audio 1.94s,aligned 1.42s)"
P01_L2_33b,P01,2,33,b,past,plantó,0.7,0.99,2,2,1,1,2,2,rei-na,0.9,0.99,plan-TÓ,8,8,1.882,1.39,"duration_gap(audio 1.88s,aligned 1.39s)"
P01_L2_34a,P01,2,34,a,present,filtra,0.83,1.33,2,2,1,1,2,2,ja-rra,0.83,1.22,FIL-tra,8,8,1.996,1.58,
P01_L2_34b,P01,2,34,b,past,filtró,0.94,1.55,2,2,1,1,2,2,ja-rra,1.29,1.55,fil-TRÓ,8,8,2.396,1.83,
P01_L2_35a,P01,2,35,a,present,monta,0.82,1.2,2,2,1,1,2,2,mon-je,0.82,1.09,MON-ta,10,10,2.111,1.61,
P01_L2_35b,P01,2,35,b,past,montó,0.94,1.23,2,2,1,1,2,2,mon-je,1.13,1.23,mon-TÓ,10,10,1.996,1.56,
P01_L2_36a,P01,2,36,a,present,canta,0.82,1.21,2,2,1,1,2,2,lo-ro,0.82,1.1,CAN-ta,10,10,2.054,1.65,
P01_L2_36b,P01,2,36,b,past,cantó,0.9,1.47,2,2,1,1,2,2,lo-ro,1.18,1.47,can-TÓ,10,10,2.225,1.83,
P01_L2_37a,P01,2,37,a,present,junta,0.7,1.18,2,2,1,1,2,2,cla-vo,0.7,1.04,JUN-ta,9,9,1.882,1.55,
P01_L2_37b,P01,2,37,b,past,juntó,0.68,1.37,2,2,1,1,2,2,cla-vo,1.0,1.37,jun-TÓ,9,9,2.054,1.88,
P01_L2_38a,P01,2,38,a,present,marca,0.68,1.26,2,2,1,1,2,2,sas-tre,0.68,1.02,MAR-ca,8,8,2.064,1.86,
P01_L2_38b,P01,2,38,b,past,marcó,1.05,1.68,2,2,1,1,2,2,sas-tre,1.35,1.68,mar-CÓ,8,8,2.51,1.89,
P01_L2_39a,P01,2,39,a,present,mezcla,0.73,1.15,2,2,1,1,2,2,bro-cha,0.73,0.99,MEZ-cla,9,9,1.895,1.61,
P01_L2_39b,P01,2,39,b,past,mezcló,0.81,1.19,2,2,1,1,2,2,bro-cha,1.03,1.19,mez-CLÓ,9,9,1.895,1.6,
P01_L2_40a,P01,2,40,a,present,sopla,0.72,1.14,2,2,1,1,2,2,sue-gra,0.72,1.0,SO-pla,8,8,1.963,1.6,
P01_L2_40b,P01,2,40,b,past,sopló,0.71,1.17,2,2,1,1,2,2,sue-gra,0.97,1.17,so-PLÓ,8,8,1.827,1.68,
P01_L2_41a,P01,2,41,a,present,culpa,0.73,1.31,2,2,1,1,2,2,con-de,0.73,1.05,CUL-pa,8,8,1.997,1.62,
P01_L2_41b,P01,2,41,b,past,culpó,1.1,1.45,2,2,1,1,2,2,con-de,1.29,1.45,cul-PÓ,8,8,2.098,1.64,
P01_L2_42a,P01,2,42,a,present,mancha,0.65,1.07,2,2,1,1,2,2,zu-mo,0.65,0.92,MAN-cha,10,10,1.963,1.71,
P01_L2_42b,P01,2,42,b,past,manchó,0.84,1.17,2,2,1,1,2,2,zu-mo,1.03,1.17,man-CHÓ,10,10,2.166,1.62,"duration_gap(audio 2.17s,aligned 1.62s)"
P01_L2_43a,P01,2,43,a,present,gasta,0.72,1.11,2,2,1,1,2,2,jue-za,0.72,1.03,GAS-ta,8,8,1.827,1.6,
P01_L2_43b,P01,2,43,b,past,gastó,0.87,1.25,2,2,1,1,2,2,jue-za,1.12,1.25,gas-TÓ,8,8,1.997,1.67,
P01_L2_44a,P01,2,44,a,present,salta,0.96,1.41,2,2,1,1,2,2,ra-na,0.96,1.3,SAL-ta,8,8,2.288,1.54,"duration_gap(audio 2.29s,aligned 1.54s)"
P01_L2_44b,P01,2,44,b,past,saltó,0.73,1.08,2,2,1,1,2,2,ra-na,0.98,1.08,sal-TÓ,8,8,1.859,1.38,"duration_gap(audio 1.86s,aligned 1.38s)"
P01_L2_45a,P01,2,45,a,present,corta,0.81,1.18,2,2,1,1,2,2,lá-ser,0.81,1.05,COR-ta,9,9,1.951,1.55,
P01_L2_45b,P01,2,45,b,past,cortó,1.2,1.55,2,2,1,1,2,2,lá-ser,1.44,1.55,cor-TÓ,9,9,2.145,1.69,
P01_L2_46a,P01,2,46,a,present,busca,0.72,1.14,2,2,1,1,2,2,pa-dre,0.72,1.0,BUS-ca,8,8,1.833,1.37,"duration_gap(audio 1.83s,aligned 1.37s)"
P01_L2_46b,P01,2,46,b,past,buscó,0.67,1.01,2,2,1,1,2,2,pa-dre,0.87,1.01,bus-CÓ,8,8,1.626,1.32,
P01_L2_47a,P01,2,47,a,present,limpia,0.6,0.96,2,2,1,1,2,2,llu-via,0.6,0.81,LIM-pia,8,8,1.567,1.46,
P01_L2_47b,P01,2,47,b,past,limpió,0.86,1.2,2,2,1,1,2,2,llu-via,1.04,1.2,lim-PIÓ,8,8,1.833,1.4,
P01_L2_48a,P01,2,48,a,present,planta,0.6,0.97,2,2,1,1,2,2,lí-der,0.6,0.86,PLAN-ta,9,9,1.774,1.54,
P01_L2_48b,P01,2,48,b,past,plantó,0.67,1.01,2,2,1,1,2,2,lí-der,0.91,1.01,plan-TÓ,9,9,1.863,1.58,
P01_L2_49a,P01,2,49,a,present,filtra,0.65,1.08,2,2,1,1,2,2,te-la,0.65,0.99,FIL-tra,8,8,1.626,1.42,
P01_L2_49b,P01,2,49,b,past,filtró,0.92,1.39,2,2,1,1,2,2,te-la,1.3,1.39,fil-TRÓ,8,8,2.07,1.78,
P01_L2_50a,P01,2,50,a,present,monta,0.77,1.21,2,2,1,1,2,2,due-ña,0.77,1.08,MON-ta,8,8,1.922,1.71,
P01_L2_50b,P01,2,50,b,past,montó,0.78,1.11,2,2,1,1,2,2,due-ña,1.01,1.11,mon-TÓ,8,8,1.774,1.51,
P01_L2_51a,P01,2,51,a,present,canta,0.68,1.09,2,2,1,1,2,2,gor-da,0.68,0.97,CAN-ta,9,9,1.744,1.57,
P01_L2_51b,P01,2,51,b,past,cantó,0.61,0.96,2,2,1,1,2,2,gor-da,0.84,0.96,can-TÓ,9,9,1.597,1.46,
P01_L2_52a,P01,2,52,a,present,junta,1.14,1.53,2,2,1,1,2,2,pri-mo,1.14,1.44,JUN-ta,8,8,2.225,1.6,"duration_gap(audio 2.23s,aligned 1.60s)"
P01_L2_52b,P01,2,52,b,past,juntó,0.72,1.11,2,2,1,1,2,2,pri-mo,0.99,1.11,jun-TÓ,8,8,1.744,1.53,
P01_L2_53a,P01,2,53,a,present,marca,0.63,1.13,2,2,1,1,2,2,hom-bre,0.63,0.99,MAR-ca,8,8,1.726,1.58,
P01_L2_53b,P01,2,53,b,past,marcó,0.97,1.5,2,2,1,1,2,2,hom-bre,1.33,1.5,mar-CÓ,8,8,2.18,1.74,
P01_L2_54a,P01,2,54,a,present,mezcla,0.59,1.02,2,2,1,1,2,2,la-go,0.59,0.83,MEZ-cla,8,8,1.649,1.52,
P01_L2_54b,P01,2,54,b,past,mezcló,0.63,1.21,2,2,1,1,2,2,la-go,0.86,1.21,mez-CLÓ,8,8,2.228,2.1,
P01_L2_55a,P01,2,55,a,present,sopla,0.71,1.1,2,2,1,1,2,2,chi-ca,0.71,0.97,SO-pla,8,8,1.679,1.39,
P01_L2_55b,P01,2,55,b,past,sopló,0.88,1.27,2,2,1,1,2,2,chi-ca,1.13,1.27,so-PLÓ,8,8,1.862,1.56,
P01_L2_56a,P01,2,56,a,present,culpa,0.8,1.2,2,2,1,1,2,2,a-ma,0.8,1.0,CUL-pa,9,9,1.771,1.651,
P01_L2_56b,P01,2,56,b,past,culpó,0.84,1.19,2,2,1,1,2,2,a-ma,1.02,1.19,cul-PÓ,9,9,1.954,1.57,
P01_L2_57a,P01,2,57,a,present,mancha,0.59,1.05,2,2,1,1,2,2,vi-no,0.59,0.9,MAN-cha,8,8,1.618,1.32,
P01_L2_57b,P01,2,57,b,past,manchó,0.56,0.94,2,2,1,1,2,2,vi-no,0.77,0.94,man-CHÓ,8,8,1.557,1.33,
P01_L2_58a,P01,2,58,a,present,gasta,0.68,1.09,2,2,1,1,2,2,ca-rro,0.68,0.99,GAS-ta,10,10,1.862,1.7,
P01_L2_58b,P01,2,58,b,past,gastó,0.82,1.14,2,2,1,1,2,2,ca-rro,1.04,1.14,gas-TÓ,10,10,1.984,1.7,
P01_L2_59a,P01,2,59,a,present,salta,0.53,0.98,2,2,1,1,2,2,ni-ño,0.53,0.88,SAL-ta,8,8,1.71,1.56,
P01_L2_59b,P01,2,59,b,past,saltó,0.65,1.03,2,2,1,1,2,2,ni-ño,0.94,1.03,sal-TÓ,8,8,1.832,1.58,
P01_L2_60a,P01,2,60,a,present,corta,0.73,1.09,2,2,1,1,2,2,ra-ta,0.73,0.93,COR-ta,8,8,1.923,1.39,"duration_gap(audio 1.92s,aligned 1.39s)"
P01_L2_60b,P01,2,60,b,past,cortó,0.72,1.02,2,2,1,1,2,2,ra-ta,0.93,1.02,cor-TÓ,8,8,1.648,1.46,
P01_L2_61a,P01,2,61,a,present,busca,0.84,1.19,2,2,1,1,2,2,va-ca,0.84,1.04,BUS-ca,8,8,1.801,1.4,
P01_L2_61b,P01,2,61,b,past,buscó,0.51,0.83,2,2,1,1,2,2,va-ca,0.69,0.83,bus-CÓ,8,8,1.496,1.38,
P01_L2_62a,P01,2,62,a,present,limpia,0.56,0.98,2,2,1,1,2,2,pri-ma,0.56,0.83,LIM-pia,8,8,1.71,1.4,
P01_L2_62b,P01,2,62,b,past,limpió,0.74,1.12,2,2,1,1,2,2,pri-ma,0.93,1.12,lim-PIÓ,8,8,1.954,1.54,
P01_L2_63a,P01,2,63,a,present,planta,0.75,1.06,2,2,1,1,2,2,vie-ja,0.75,0.98,PLAN-ta,8,8,1.801,1.49,
P01_L2_63b,P01,2,63,b,past,plantó,0.97,1.31,2,2,1,1,2,2,vie-ja,1.22,1.31,plan-TÓ,8,8,2.137,1.58,"duration_gap(audio 2.14s,aligned 1.58s)"
P01_L2_64a,P01,2,64,a,present,filtra,0.85,1.36,2,2,1,1,2,2,fil-tro,0.85,1.22,FIL-tra,8,8,2.076,1.57,
P01_L2_64b,P01,2,64,b,past,filtró,0.84,1.29,2,2,1,1,2,2,fil-tro,1.2,1.29,fil-TRÓ,8,8,1.893,1.67,
P01_L2_65a,P01,2,65,a,present,monta,0.82,1.23,2,2,1,1,2,2,je-fa,0.82,1.16,MON-ta,10,10,2.228,1.68,
P01_L2_65b,P01,2,65,b,past,montó,1.04,1.32,2,2,1,1,2,2,je-fa,1.24,1.32,mon-TÓ,10,10,2.228,1.86,
P01_L2_66a,P01,2,66,a,present,canta,0.68,1.09,2,2,1,1,2,2,gua-pa,0.68,0.96,CAN-ta,8,8,1.679,1.48,
P01_L2_66b,P01,2,66,b,past,cantó,0.58,0.91,2,2,1,1,2,2,gua-pa,0.81,0.91,can-TÓ,8,8,1.618,1.43,
P01_L2_67a,P01,2,67,a,present,junta,0.74,1.19,2,2,1,1,2,2,nue-ra,0.74,1.11,JUN-ta,8,8,1.984,1.794,
P01_L2_67b,P01,2,67,b,past,juntó,0.71,1.05,2,2,1,1,2,2,nue-ra,0.95,1.05,jun-TÓ,8,8,1.832,1.47,
P01_L2_68a,P01,2,68,a,present,marca,0.77,1.15,2,2,1,1,2,2,gra-sa,0.77,1.04,MAR-ca,8,8,1.832,1.4,
P01_L2_68b,P01,2,68,b,past,marcó,0.9,1.31,2,2,1,1,2,2,gra-sa,1.18,1.31,mar-CÓ,8,8,2.229,1.51,"duration_gap(audio 2.23s,aligned 1.51s)"
P01_L2_69a,P01,2,69,a,present,mezcla,0.68,1.06,2,2,1,1,2,2,fla-ca,0.68,0.9,MEZ-cla,8,8,1.649,1.479,
P01_L2_69b,P01,2,69,b,past,mezcló,0.71,1.07,2,2,1,1,2,2,fla-ca,0.9,1.07,mez-CLÓ,8,8,1.862,1.44,
P01_L2_70a,P01,2,70,a,present,sopla,0.62,1.05,2,2,1,1,2,2,hués-ped,0.62,0.91,SO-pla,8,8,1.74,1.62,
P01_L2_70b,P01,2,70,b,past,sopló,0.69,1.07,2,2,1,1,2,2,hués-ped,0.91,1.07,so-PLÓ,8,8,1.74,1.65,
P01_L2_71a,P01,2,71,a,present,culpa,0.98,1.42,2,2,1,1,2,2,cón-sul,0.98,1.3,CUL-pa,8,8,2.187,1.96,
P01_L2_71b,P01,2,71,b,past,culpó,1.1,1.53,2,2,1,1,2,2,cón-sul,1.34,1.53,cul-PÓ,8,8,2.668,2.09,
P01_L2_72a,P01,2,72,a,present,mancha,0.71,1.12,2,2,1,1,2,2,rue-da,0.71,0.98,MAN-cha,9,9,2.143,1.51,"duration_gap(audio 2.14s,aligned 1.51s)"
P01_L2_72b,P01,2,72,b,past,manchó,0.63,0.97,2,2,1,1,2,2,rue-da,0.83,0.97,man-CHÓ,9,9,1.749,1.48,
P01_L2_73a,P01,2,73,a,present,gasta,0.65,1.02,2,2,1,1,2,2,ri-ca,0.65,0.92,GAS-ta,9,9,1.968,1.56,
P01_L2_73b,P01,2,73,b,past,gastó,1.14,1.58,2,2,1,1,2,2,ri-ca,1.47,1.58,gas-TÓ,9,9,2.231,1.85,
P01_L2_74a,P01,2,74,a,present,salta,0.76,1.2,2,2,1,1,2,2,ca-bra,0.76,1.08,SAL-ta,8,8,1.881,1.49,
P01_L2_74b,P01,2,74,b,past,saltó,0.87,1.27,2,2,1,1,2,2,ca-bra,1.15,1.27,sal-TÓ,8,8,1.749,1.559,
P01_L2_75a,P01,2,75,a,present,corta,0.8,1.15,2,2,1,1,2,2,mo-zo,0.8,1.0,COR-ta,8,8,2.056,1.54,"duration_gap(audio 2.06s,aligned 1.54s)"
P01_L2_75b,P01,2,75,b,past,cortó,1.0,1.33,2,2,1,1,2,2,mo-zo,1.17,1.33,cor-TÓ,8,8,2.318,1.75,
P01_L2_76a,P01,2,76,a,present,busca,0.85,1.21,2,2,1,1,2,2,ru-bia,0.85,1.09,BUS-ca,9,9,1.881,1.47,
P01_L2_76b,P01,2,76,b,past,buscó,0.78,1.09,2,2,1,1,2,2,ru-bia,0.98,1.09,bus-CÓ,9,9,1.793,1.44,
P01_L2_77a,P01,2,77,a,present,limpia,0.68,1.04,2,2,1,1,2,2,tra-po,0.68,0.91,LIM-pia,9,9,1.749,1.46,
P01_L2_77b,P01,2,77,b,past,limpió,0.83,1.17,2,2,1,1,2,2,tra-po,1.01,1.17,lim-PIÓ,9,9,2.187,1.53,"duration_gap(audio 2.19s,aligned 1.53s)"
P01_L2_78a,P01,2,78,a,present,planta,0.7,1.0,2,2,1,1,2,2,cu-ra,0.7,0.92,PLAN-ta,9,9,1.706,1.45,
P01_L2_78b,P01,2,78,b,past,plantó,0.85,1.15,2,2,1,1,2,2,cu-ra,1.06,1.15,plan-TÓ,9,9,1.837,1.51,
P01_L2_79a,P01,2,79,a,present,filtra,0.67,1.12,2,2,1,1,2,2,ma-lla,0.67,1.03,FIL-tra,9,9,1.924,1.64,
P01_L2_79b,P01,2,79,b,past,filtró,1.01,1.44,2,2,1,1,2,2,ma-lla,1.33,1.44,fil-TRÓ,9,9,2.274,1.93,
P01_L2_80a,P01,2,80,a,present,monta,0.54,0.92,2,2,1,1,2,2,nie-to,0.54,0.83,MON-ta,11,11,1.749,1.64,
P01_L2_80b,P01,2,80,b,past,montó,0.79,1.12,2,2,1,1,2,2,nie-to,1.01,1.12,mon-TÓ,11,11,1.968,1.6,
P01_L2_81a,P01,2,81,a,present,canta,0.74,1.06,2,2,1,1,2,2,vie-jo,0.74,0.98,CAN-ta,9,9,1.618,1.47,
P01_L2_81b,P01,2,81,b,past,cantó,0.83,1.12,2,2,1,1,2,2,vie-jo,1.02,1.12,can-TÓ,9,9,1.749,1.399,
P01_L2_82a,P01,2,82,a,present,junta,1.12,1.55,2,2,1,1,2,2,ga-ta,1.12,1.43,JUN-ta,9,9,2.274,1.79,
P01_L2_82b,P01,2,82,b,past,juntó,0.7,1.08,2,2,1,1,2,2,ga-ta,0.95,1.08,jun-TÓ,9,9,1.837,1.55,
P01_L2_83a,P01,2,83,a,present,marca,0.51,0.83,2,2,1,1,2,2,bi-ci,0.51,0.74,MAR-ca,8,8,1.356,1.21,
P01_L2_83b,P01,2,83,b,past,marcó,0.65,0.97,2,2,1,1,2,2,bi-ci,0.88,0.97,mar-CÓ,8,8,1.575,1.31,
P01_L2_84a,P01,2,84,a,present,mezcla,0.81,1.32,2,2,1,1,2,2,pre-sa,0.81,1.09,MEZ-cla,9,9,2.274,1.84,
P01_L2_84b,P01,2,84,b,past,mezcló,0.61,0.97,2,2,1,1,2,2,pre-sa,0.83,0.97,mez-CLÓ,9,9,1.662,1.53,
P01_L2_85a,P01,2,85,a,present,sopla,0.62,1.05,2,2,1,1,2,2,mon-ja,0.62,0.93,SO-pla,8,8,1.487,1.437,
P01_L2_85b,P01,2,85,b,past,sopló,0.69,1.19,2,2,1,1,2,2,mon-ja,1.0,1.19,so-PLÓ,8,8,1.837,1.69,
P01_L2_86a,P01,2,86,a,present,culpa,0.9,1.24,2,2,1,1,2,2,no-via,0.9,1.14,CUL-pa,8,8,1.881,1.721,
P01_L2_86b,P01,2,86,b,past,culpó,0.91,1.29,2,2,1,1,2,2,no-via,1.11,1.29,cul-PÓ,8,8,1.881,1.581,
P01_L2_87a,P01,2,87,a,present,mancha,0.91,1.29,2,2,1,1,2,2,san-gre,0.91,1.13,MAN-cha,8,8,1.968,1.49,
P01_L2_87b,P01,2,87,b,past,manchó,0.81,1.2,2,2,1,1,2,2,san-gre,1.02,1.2,man-CHÓ,8,8,2.012,1.51,
P01_L2_88a,P01,2,88,a,present,gasta,0.72,1.06,2,2,1,1,2,2,no-vio,0.72,0.96,GAS-ta,8,8,1.749,1.629,
P01_L2_88b,P01,2,88,b,past,gastó,0.68,1.01,2,2,1,1,2,2,no-vio,0.92,1.01,gas-TÓ,8,8,1.793,1.603,
P01_L2_89a,P01,2,89,a,present,salta,1.15,1.57,2,2,1,1,2,2,ma-go,1.15,1.48,SAL-ta,10,10,2.405,1.77,"duration_gap(audio 2.41s,aligned 1.77s)"
P01_L2_89b,P01,2,89,b,past,saltó,0.63,1.0,2,2,1,1,2,2,ma-go,0.91,1.0,sal-TÓ,10,10,1.968,1.65,
P01_L2_90a,P01,2,90,a,present,corta,0.85,1.18,2,2,1,1,2,2,mu-la,0.85,1.08,COR-ta,8,8,2.056,1.19,"duration_gap(audio 2.06s,aligned 1.19s)"
P01_L2_90b,P01,2,90,b,past,cortó,0.81,1.12,2,2,1,1,2,2,mu-la,1.01,1.12,cor-TÓ,8,8,1.793,1.33,"duration_gap(audio 1.79s,aligned 1.33s)"
P02_L1_01a,P02,1,1,a,present,busca,0.6,0.89,2,2,1,1,2,2,due-ño,0.6,0.78,BUS-ca,8,8,1.467,1.27,
P02_L1_01b,P02,1,1,b,past,buscó,0.64,0.96,2,2,1,1,2,2,due-ño,0.81,0.96,bus-CÓ,8,8,1.404,1.224,
P02_L1_02a,P02,1,2,a,present,limpia,0.55,0.88,2,2,1,1,2,2,clo-ro,0.55,0.77,LIM-pia,8,8,1.382,1.382,
P02_L1_02b,P02,1,2,b,past,limpió,0.61,0.93,2,2,1,1,2,2,clo-ro,0.78,0.93,lim-PIÓ,8,8,1.489,1.24,
P02_L1_03a,P02,1,3,a,present,planta,0.66,0.95,2,2,1,1,2,2,hi-jo,0.66,0.86,PLAN-ta,8,8,1.51,1.14,
P02_L1_03b,P02,1,3,b,past,plantó,0.6,1.03,2,2,1,1,2,2,hi-jo,0.83,1.03,plan-TÓ,8,8,1.51,1.27,
P02_L1_04a,P02,1,4,a,present,filtra,0.62,1.02,2,2,1,1,2,2,gri-fo,0.62,0.92,FIL-tra,8,8,1.51,1.32,
P02_L1_04b,P02,1,4,b,past,filtró,0.62,1.09,2,2,1,1,2,2,gri-fo,0.94,1.09,fil-TRÓ,8,8,1.552,1.32,
P02_L1_05a,P02,1,5,a,present,monta,0.51,0.82,2,2,1,1,2,2,tí-o,0.51,0.72,MON-ta,9,10,1.34,1.25,"total_syllable_count_mismatch(got 9,exp 10)"
P02_L1_05b,P02,1,5,b,past,montó,0.55,0.94,2,2,1,1,2,2,tí-o,0.77,0.94,mon-TÓ,9,10,1.68,1.39,"total_syllable_count_mismatch(got 9,exp 10)"
P02_L1_06a,P02,1,6,a,present,canta,0.41,0.71,2,2,1,1,2,2,a-ve,0.41,0.61,CAN-ta,8,8,1.297,1.227,
P02_L1_06b,P02,1,6,b,past,cantó,0.4,0.72,2,2,1,1,2,2,a-ve,0.61,0.72,can-TÓ,8,8,1.212,1.092,
P02_L1_07a,P02,1,7,a,present,junta,0.55,0.89,2,2,1,1,2,2,jo-ven,0.55,0.79,JUN-ta,9,9,1.425,1.29,
P02_L1_07b,P02,1,7,b,past,juntó,0.45,0.82,2,2,1,1,2,2,jo-ven,0.68,0.82,jun-TÓ,9,9,1.467,1.17,
P02_L1_08a,P02,1,8,a,present,marca,0.58,0.89,2,2,1,1,2,2,o-sa,0.58,0.79,MAR-ca,8,8,1.467,1.22,
P02_L1_08b,P02,1,8,b,past,marcó,0.41,0.69,2,2,1,1,2,2,o-sa,0.58,0.69,mar-CÓ,8,8,1.191,1.04,
P02_L1_09a,P02,1,9,a,present,mezcla,0.55,0.92,2,2,1,1,2,2,rí-o,0.55,0.73,MEZ-cla,9,9,1.382,1.18,
P02_L1_09b,P02,1,9,b,past,mezcló,0.45,0.9,2,2,1,1,2,2,rí-o,0.65,0.9,mez-CLÓ,9,9,1.404,1.24,
P02_L1_10a,P02,1,10,a,present,sopla,0.63,0.95,2,2,1,1,2,2,sue-gro,0.63,0.82,SO-pla,8,8,1.489,1.24,
P02_L1_10b,P02,1,10,b,past,sopló,0.58,0.96,2,2,1,1,2,2,sue-gro,0.76,0.96,so-PLÓ,8,8,1.425,1.22,
P02_L1_11a,P02,1,11,a,present,culpa,0.83,1.47,2,2,1,1,2,2,yer-no,0.83,1.24,CUL-pa,8,8,2.169,1.77,
P02_L1_11b,P02,1,11,b,past,culpó,0.97,1.42,2,2,1,1,2,2,yer-no,1.17,1.42,cul-PÓ,8,8,2.228,1.65,"duration_gap(audio 2.23s,aligned 1.65s)"
P02_L1_12a,P02,1,12,a,present,mancha,1.18,1.55,2,2,1,1,2,2,tin-ta,1.18,1.42,MAN-cha,9,9,2.228,1.57,"duration_gap(audio 2.23s,aligned 1.57s)"
P02_L1_12b,P02,1,12,b,past,manchó,0.79,1.15,2,2,1,1,2,2,tin-ta,0.98,1.15,man-CHÓ,9,9,1.658,1.34,
P02_L1_13a,P02,1,13,a,present,gasta,0.8,1.08,2,2,1,1,2,2,do-ña,0.8,0.99,GAS-ta,9,9,1.554,1.194,
P02_L1_13b,P02,1,13,b,past,gastó,0.52,0.82,2,2,1,1,2,2,do-ña,0.7,0.82,gas-TÓ,9,9,1.502,1.16,
P02_L1_14a,P02,1,14,a,present,salta,0.83,1.19,2,2,1,1,2,2,pe-rra,0.83,1.09,SAL-ta,8,8,1.813,1.41,
P02_L1_14b,P02,1,14,b,past,saltó,0.76,1.16,2,2,1,1,2,2,pe-rra,0.96,1.16,sal-TÓ,8,8,1.654,1.25,
P02_L1_15a,P02,1,15,a,present,corta,0.91,1.23,2,2,1,1,2,2,cú-ter,0.91,1.15,COR-ta,9,9,1.824,1.56,
P02_L1_15b,P02,1,15,b,past,cortó,1.28,1.56,2,2,1,1,2,2,cú-ter,1.46,1.56,cor-TÓ,9,9,2.159,1.36,"duration_gap(audio 2.16s,aligned 1.36s)"
P02_L1_16a,P02,1,16,a,present,busca,0.62,0.96,2,2,1,1,2,2,ni-ña,0.62,0.85,BUS-ca,8,8,1.414,1.27,
P02_L1_16b,P02,1,16,b,past,buscó,0.5,0.82,2,2,1,1,2,2,ni-ña,0.68,0.82,bus-CÓ,8,8,1.176,1.076,
P02_L1_17a,P02,1,17,a,present,limpia,0.63,0.97,2,2,1,1,2,2,ma-dre,0.63,0.82,LIM-pia,8,8,1.362,1.17,
P02_L1_17b,P02,1,17,b,past,limpió,0.64,0.95,2,2,1,1,2,2,ma-dre,0.81,0.95,lim-PIÓ,8,8,1.617,1.1,"duration_gap(audio 1.62s,aligned 1.10s)"
P02_L1_18a,P02,1,18,a,present,planta,0.66,0.99,2,2,1,1,2,2,hi-ja,0.66,0.89,PLAN-ta,7,7,1.473,1.223,
P02_L1_18b,P02,1,18,b,past,plantó,0.41,0.79,2,2,1,1,2,2,hi-ja,0.64,0.79,plan-TÓ,7,7,1.244,1.184,
P02_L1_19a,P02,1,19,a,present,filtra,0.74,1.17,2,2,1,1,2,2,ter-mo,0.74,1.08,FIL-tra,7,7,1.569,1.32,
P02_L1_19b,P02,1,19,b,past,filtró,0.65,1.05,2,2,1,1,2,2,ter-mo,0.93,1.05,fil-TRÓ,7,7,1.353,1.18,
P02_L1_20a,P02,1,20,a,present,monta,0.34,0.63,2,2,1,1,2,2,tí-a,0.34,0.51,MON-ta,8,8,1.136,1.1,
P02_L1_20b,P02,1,20,b,past,montó,0.44,0.74,2,2,1,1,2,2,tí-a,0.6,0.74,mon-TÓ,8,8,1.176,1.05,
P02_L1_21a,P02,1,21,a,present,canta,0.69,1.03,2,2,1,1,2,2,nie-ta,0.69,0.95,CAN-ta,8,8,1.581,1.4,
P02_L1_21b,P02,1,21,b,past,cantó,0.58,0.89,2,2,1,1,2,2,nie-ta,0.76,0.89,can-TÓ,8,8,1.338,1.18,
P02_L1_22a,P02,1,22,a,present,junta,0.59,0.97,2,2,1,1,2,2,du-que,0.59,0.85,JUN-ta,8,8,1.521,1.44,
P02_L1_22b,P02,1,22,b,past,juntó,0.41,0.76,2,2,1,1,2,2,du-que,0.63,0.76,jun-TÓ,8,8,1.196,1.17,
P02_L1_23a,P02,1,23,a,present,marca,0.54,0.83,2,2,1,1,2,2,pe-rro,0.54,0.75,MAR-ca,10,10,1.724,1.654,
P02_L1_23b,P02,1,23,b,past,marcó,0.48,0.81,2,2,1,1,2,2,pe-rro,0.7,0.81,mar-CÓ,10,10,1.437,1.437,
P02_L1_24a,P02,1,24,a,present,mezcla,0.61,0.94,2,2,1,1,2,2,lo-bo,0.61,0.82,MEZ-cla,8,8,1.634,1.29,
P02_L1_24b,P02,1,24,b,past,mezcló,0.48,0.87,2,2,1,1,2,2,lo-bo,0.66,0.87,mez-CLÓ,8,8,1.331,1.241,
P02_L1_25a,P02,1,25,a,present,sopla,0.62,0.91,2,2,1,1,2,2,ne-ne,0.62,0.78,SO-pla,8,8,1.505,1.01,"duration_gap(audio 1.51s,aligned 1.01s)"
P02_L1_25b,P02,1,25,b,past,sopló,0.54,0.89,2,2,1,1,2,2,ne-ne,0.73,0.89,so-PLÓ,8,8,1.405,1.07,
P02_L1_26a,P02,1,26,a,present,culpa,0.64,0.88,2,2,1,1,2,2,da-ma,0.64,0.78,CUL-pa,9,9,1.606,1.35,
P02_L1_26b,P02,1,26,b,past,culpó,0.5,0.93,2,2,1,1,2,2,da-ma,0.72,0.93,cul-PÓ,9,9,1.881,1.45,
P02_L1_27a,P02,1,27,a,present,mancha,0.77,1.07,2,2,1,1,2,2,lo-do,0.77,0.92,MAN-cha,9,9,1.781,1.401,
P02_L1_27b,P02,1,27,b,past,manchó,0.61,0.95,2,2,1,1,2,2,lo-do,0.79,0.95,man-CHÓ,9,9,1.656,1.376,
P02_L1_28a,P02,1,28,a,present,gasta,0.42,0.73,2,2,1,1,2,2,chi-co,0.42,0.63,GAS-ta,8,8,1.53,1.09,"duration_gap(audio 1.53s,aligned 1.09s)"
P02_L1_28b,P02,1,28,b,past,gastó,0.56,0.87,2,2,1,1,2,2,chi-co,0.75,0.87,gas-TÓ,8,8,1.48,1.1,"duration_gap(audio 1.48s,aligned 1.10s)"
P02_L1_29a,P02,1,29,a,present,salta,0.81,1.15,2,2,1,1,2,2,so-cio,0.81,1.05,SAL-ta,8,8,1.781,1.5,
P02_L1_29b,P02,1,29,b,past,saltó,0.65,0.96,2,2,1,1,2,2,so-cio,0.85,0.96,sal-TÓ,8,8,1.529,1.28,
P02_L1_30a,P02,1,30,a,present,corta,0.74,1.02,2,2,1,1,2,2,ne-na,0.74,0.9,COR-ta,10,10,1.828,1.35,"duration_gap(audio 1.83s,aligned 1.35s)"
P02_L1_30b,P02,1,30,b,past,cortó,0.58,0.87,2,2,1,1,2,2,ne-na,0.74,0.87,cor-TÓ,10,10,1.628,1.21,"duration_gap(audio 1.63s,aligned 1.21s)"
P02_L1_31a,P02,1,31,a,present,busca,0.61,0.87,2,2,1,1,2,2,mó-vil,0.61,0.77,BUS-ca,8,8,1.462,1.14,
P02_L1_31b,P02,1,31,b,past,buscó,0.6,0.98,2,2,1,1,2,2,mó-vil,0.78,0.98,bus-CÓ,8,8,1.591,1.24,
P02_L1_32a,P02,1,32,a,present,limpia,0.8,1.1,2,2,1,1,2,2,co-che,0.8,0.97,LIM-pia,8,8,1.733,1.24,"duration_gap(audio 1.73s,aligned 1.24s)"
P02_L1_32b,P02,1,32,b,past,limpió,0.67,1.04,2,2,1,1,2,2,co-che,0.83,1.04,lim-PIÓ,8,8,1.533,1.25,
P02_L1_33a,P02,1,33,a,present,planta,1.29,1.67,2,2,1,1,2,2,rei-na,1.29,1.57,PLAN-ta,8,8,2.399,1.55,"duration_gap(audio 2.40s,aligned 1.55s)"
P02_L1_33b,P02,1,33,b,past,plantó,0.82,1.17,2,2,1,1,2,2,rei-na,1.05,1.17,plan-TÓ,8,8,1.799,1.29,"duration_gap(audio 1.80s,aligned 1.29s)"
P02_L1_34a,P02,1,34,a,present,filtra,0.78,1.17,2,2,1,1,2,2,ja-rra,0.78,1.1,FIL-tra,8,8,1.661,1.29,
P02_L1_34b,P02,1,34,b,past,filtró,0.71,1.08,2,2,1,1,2,2,ja-rra,0.98,1.08,fil-TRÓ,8,8,1.477,1.177,
P02_L1_35a,P02,1,35,a,present,monta,0.86,1.13,2,2,1,1,2,2,mon-je,0.86,1.04,MON-ta,10,10,1.661,1.221,"duration_gap(audio 1.66s,aligned 1.22s)"
P02_L1_35b,P02,1,35,b,past,montó,0.81,1.17,2,2,1,1,2,2,mon-je,1.01,1.17,mon-TÓ,10,10,2.123,1.36,"duration_gap(audio 2.12s,aligned 1.36s)"
P02_L1_36a,P02,1,36,a,present,canta,0.83,1.16,2,2,1,1,2,2,lo-ro,0.83,1.03,CAN-ta,10,10,1.846,1.48,
P02_L1_36b,P02,1,36,b,past,cantó,0.82,1.16,2,2,1,1,2,2,lo-ro,1.04,1.16,can-TÓ,10,10,1.75,1.25,"duration_gap(audio 1.75s,aligned 1.25s)"
P02_L1_37a,P02,1,37,a,present,junta,0.62,0.96,2,2,1,1,2,2,cla-vo,0.62,0.85,JUN-ta,9,9,1.5,1.28,
P02_L1_37b,P02,1,37,b,past,juntó,0.84,1.25,2,2,1,1,2,2,cla-vo,1.09,1.25,jun-TÓ,9,9,1.667,1.247,"duration_gap(audio 1.67s,aligned 1.25s)"
P02_L1_38a,P02,1,38,a,present,marca,0.94,1.24,2,2,1,1,2,2,sas-tre,0.94,1.13,MAR-ca,8,8,1.75,1.37,
P02_L1_38b,P02,1,38,b,past,marcó,0.86,1.17,2,2,1,1,2,2,sas-tre,1.05,1.17,mar-CÓ,8,8,1.917,1.23,"duration_gap(audio 1.92s,aligned 1.23s)"
P02_L1_39a,P02,1,39,a,present,mezcla,1.03,1.32,2,2,1,1,2,2,bro-cha,1.03,1.21,MEZ-cla,9,9,2.083,1.38,"duration_gap(audio 2.08s,aligned 1.38s)"
P02_L1_39b,P02,1,39,b,past,mezcló,0.74,1.12,2,2,1,1,2,2,bro-cha,0.92,1.12,mez-CLÓ,9,9,1.917,1.31,"duration_gap(audio 1.92s,aligned 1.31s)"
P02_L1_40a,P02,1,40,a,present,sopla,0.66,0.99,2,2,1,1,2,2,sue-gra,0.66,0.85,SO-pla,8,8,1.5,1.24,
P02_L1_40b,P02,1,40,b,past,sopló,0.51,0.84,2,2,1,1,2,2,sue-gra,0.68,0.84,so-PLÓ,8,8,1.724,1.15,"duration_gap(audio 1.72s,aligned 1.15s)"
P02_L1_41a,P02,1,41,a,present,culpa,0.59,0.96,2,2,1,1,2,2,con-de,0.59,0.78,CUL-pa,8,8,1.503,1.333,
P02_L1_41b,P02,1,41,b,past,culpó,0.75,1.17,2,2,1,1,2,2,con-de,0.99,1.17,cul-PÓ,8,8,1.65,1.23,"duration_gap(audio 1.65s,aligned 1.23s)"
P02_L1_42a,P02,1,42,a,present,mancha,0.58,0.86,2,2,1,1,2,2,zu-mo,0.58,0.71,MAN-cha,10,10,1.527,1.36,
P02_L1_42b,P02,1,42,b,past,manchó,0.43,0.76,2,2,1,1,2,2,zu-mo,0.59,0.76,man-CHÓ,10,10,1.749,1.33,
P02_L1_43a,P02,1,43,a,present,gasta,0.59,0.9,2,2,1,1,2,2,jue-za,0.59,0.81,GAS-ta,8,8,1.576,1.34,
P02_L1_43b,P02,1,43,b,past,gastó,0.71,0.98,2,2,1,1,2,2,jue-za,0.88,0.98,gas-TÓ,8,8,1.65,1.22,"duration_gap(audio 1.65s,aligned 1.22s)"
P02_L1_44a,P02,1,44,a,present,salta,0.51,0.82,2,2,1,1,2,2,ra-na,0.51,0.71,SAL-ta,8,8,1.379,1.23,
P02_L1_44b,P02,1,44,b,past,saltó,0.58,0.94,2,2,1,1,2,2,ra-na,0.8,0.94,sal-TÓ,8,8,1.429,1.22,
P02_L1_45a,P02,1,45,a,present,corta,0.65,0.98,2,2,1,1,2,2,lá-ser,0.65,0.85,COR-ta,9,9,1.552,1.33,
P02_L1_45b,P02,1,45,b,past,cortó,0.57,0.87,2,2,1,1,2,2,lá-ser,0.77,0.87,cor-TÓ,9,9,1.404,1.21,
P02_L1_46a,P02,1,46,a,present,busca,0.85,1.17,2,2,1,1,2,2,pa-dre,0.85,1.06,BUS-ca,8,8,1.761,1.21,"duration_gap(audio 1.76s,aligned 1.21s)"
P02_L1_46b,P02,1,46,b,past,buscó,0.67,1.05,2,2,1,1,2,2,pa-dre,0.87,1.05,bus-CÓ,8,8,1.526,1.276,
P02_L1_47a,P02,1,47,a,present,limpia,0.63,0.93,2,2,1,1,2,2,llu-via,0.63,0.8,LIM-pia,8,8,1.35,1.21,
P02_L1_47b,P02,1,47,b,past,limpió,0.54,0.93,2,2,1,1,2,2,llu-via,0.71,0.93,lim-PIÓ,8,8,1.468,1.27,
P02_L1_48a,P02,1,48,a,present,planta,0.77,1.06,2,2,1,1,2,2,lí-der,0.77,0.97,PLAN-ta,9,9,1.702,1.24,"duration_gap(audio 1.70s,aligned 1.24s)"
P02_L1_48b,P02,1,48,b,past,plantó,0.79,1.21,2,2,1,1,2,2,lí-der,1.04,1.21,plan-TÓ,9,9,1.82,1.41,
P02_L1_49a,P02,1,49,a,present,filtra,0.49,0.84,2,2,1,1,2,2,te-la,0.49,0.78,FIL-tra,8,8,1.348,1.27,
P02_L1_49b,P02,1,49,b,past,filtró,0.45,0.77,2,2,1,1,2,2,te-la,0.71,0.77,fil-TRÓ,8,8,1.324,1.19,
P02_L1_50a,P02,1,50,a,present,monta,0.57,0.86,2,2,1,1,2,2,due-ña,0.57,0.74,MON-ta,8,8,1.565,1.21,
P02_L1_50b,P02,1,50,b,past,montó,0.37,0.71,2,2,1,1,2,2,due-ña,0.56,0.71,mon-TÓ,8,8,1.373,1.24,
P02_L1_51a,P02,1,51,a,present,canta,1.02,1.36,2,2,1,1,2,2,gor-da,1.02,1.24,CAN-ta,9,9,1.902,1.44,
P02_L1_51b,P02,1,51,b,past,cantó,0.51,0.81,2,2,1,1,2,2,gor-da,0.67,0.81,can-TÓ,9,9,1.324,1.2,
P02_L1_52a,P02,1,52,a,present,junta,0.65,0.95,2,2,1,1,2,2,pri-mo,0.65,0.85,JUN-ta,8,8,1.517,1.27,
P02_L1_52b,P02,1,52,b,past,juntó,0.43,0.76,2,2,1,1,2,2,pri-mo,0.65,0.76,jun-TÓ,8,8,1.348,1.14,
P02_L1_53a,P02,1,53,a,present,marca,0.43,0.7,2,2,1,1,2,2,hom-bre,0.43,0.6,MAR-ca,8,8,1.108,1.028,
P02_L1_53b,P02,1,53,b,past,marcó,0.47,0.75,2,2,1,1,2,2,hom-bre,0.65,0.75,mar-CÓ,8,8,1.276,1.13,
P02_L1_54a,P02,1,54,a,present,mezcla,0.74,1.09,2,2,1,1,2,2,la-go,0.74,0.92,MEZ-cla,8,8,1.661,1.26,
P02_L1_54b,P02,1,54,b,past,mezcló,0.34,0.67,2,2,1,1,2,2,la-go,0.49,0.67,mez-CLÓ,8,8,1.198,1.16,
P02_L1_55a,P02,1,55,a,present,sopla,0.7,0.97,2,2,1,1,2,2,chi-ca,0.7,0.86,SO-pla,8,8,1.468,1.188,
P02_L1_55b,P02,1,55,b,past,sopló,0.62,0.96,2,2,1,1,2,2,chi-ca,0.76,0.96,so-PLÓ,8,8,1.507,1.22,
P02_L1_56a,P02,1,56,a,present,culpa,0.74,1.04,2,2,1,1,2,2,a-ma,0.74,0.92,CUL-pa,9,9,1.717,1.32,
P02_L1_56b,P02,1,56,b,past,culpó,0.57,0.94,2,2,1,1,2,2,a-ma,0.74,0.94,cul-PÓ,9,9,1.545,1.28,
P02_L1_57a,P02,1,57,a,present,mancha,0.76,1.04,2,2,1,1,2,2,vi-no,0.76,0.9,MAN-cha,8,8,1.682,1.17,"duration_gap(audio 1.68s,aligned 1.17s)"
P02_L1_57b,P02,1,57,b,past,manchó,0.55,0.87,2,2,1,1,2,2,vi-no,0.69,0.87,man-CHÓ,8,8,1.346,1.06,
P02_L1_58a,P02,1,58,a,present,gasta,0.53,0.82,2,2,1,1,2,2,ca-rro,0.53,0.73,GAS-ta,10,10,1.635,1.46,
P02_L1_58b,P02,1,58,b,past,gastó,0.57,0.94,2,2,1,1,2,2,ca-rro,0.8,0.94,gas-TÓ,10,10,1.604,1.45,
P02_L1_59a,P02,1,59,a,present,salta,0.5,0.82,2,2,1,1,2,2,ni-ño,0.5,0.73,SAL-ta,8,8,1.47,1.33,
P02_L1_59b,P02,1,59,b,past,saltó,0.4,0.8,2,2,1,1,2,2,ni-ño,0.63,0.8,sal-TÓ,8,8,1.348,1.25,
P02_L1_60a,P02,1,60,a,present,corta,0.58,0.87,2,2,1,1,2,2,ra-ta,0.58,0.77,COR-ta,8,8,1.299,1.11,
P02_L1_60b,P02,1,60,b,past,cortó,0.48,0.79,2,2,1,1,2,2,ra-ta,0.61,0.79,cor-TÓ,8,8,1.274,1.13,
P02_L1_61a,P02,1,61,a,present,busca,0.51,0.82,2,2,1,1,2,2,va-ca,0.51,0.7,BUS-ca,8,8,1.299,1.13,
P02_L1_61b,P02,1,61,b,past,buscó,0.45,0.83,2,2,1,1,2,2,va-ca,0.66,0.83,bus-CÓ,8,8,1.225,1.105,
P02_L1_62a,P02,1,62,a,present,limpia,0.55,0.82,2,2,1,1,2,2,pri-ma,0.55,0.71,LIM-pia,8,8,1.274,1.07,
P02_L1_62b,P02,1,62,b,past,limpió,0.53,0.87,2,2,1,1,2,2,pri-ma,0.72,0.87,lim-PIÓ,8,8,1.201,1.091,
P02_L1_63a,P02,1,63,a,present,planta,0.85,1.14,2,2,1,1,2,2,vie-ja,0.85,1.06,PLAN-ta,8,8,1.862,1.53,
P02_L1_63b,P02,1,63,b,past,plantó,0.63,0.95,2,2,1,1,2,2,vie-ja,0.84,0.95,plan-TÓ,8,8,1.501,1.3,
P02_L1_64a,P02,1,64,a,present,filtra,0.61,1.01,2,2,1,1,2,2,fil-tro,0.61,0.91,FIL-tra,8,8,1.359,1.269,
P02_L1_64b,P02,1,64,b,past,filtró,0.73,1.15,2,2,1,1,2,2,fil-tro,1.02,1.15,fil-TRÓ,8,8,1.399,1.259,
P02_L1_65a,P02,1,65,a,present,monta,0.62,0.98,2,2,1,1,2,2,je-fa,0.62,0.87,MON-ta,10,10,1.638,1.448,
P02_L1_65b,P02,1,65,b,past,montó,0.6,0.97,2,2,1,1,2,2,je-fa,0.83,0.97,mon-TÓ,10,10,1.718,1.46,
P02_L1_66a,P02,1,66,a,present,canta,0.57,0.89,2,2,1,1,2,2,gua-pa,0.57,0.78,CAN-ta,8,8,1.439,1.24,
P02_L1_66b,P02,1,66,b,past,cantó,0.71,1.07,2,2,1,1,2,2,gua-pa,0.9,1.07,can-TÓ,8,8,1.678,1.27,
P02_L1_67a,P02,1,67,a,present,junta,0.4,0.71,2,2,1,1,2,2,nue-ra,0.4,0.61,JUN-ta,8,8,1.319,1.25,
P02_L1_67b,P02,1,67,b,past,juntó,0.56,0.86,2,2,1,1,2,2,nue-ra,0.77,0.86,jun-TÓ,8,8,1.518,1.21,
P02_L1_68a,P02,1,68,a,present,marca,0.96,1.26,2,2,1,1,2,2,gra-sa,0.96,1.17,MAR-ca,8,8,1.758,1.26,"duration_gap(audio 1.76s,aligned 1.26s)"
P02_L1_68b,P02,1,68,b,past,marcó,0.68,1.01,2,2,1,1,2,2,gra-sa,0.88,1.01,mar-CÓ,8,8,1.518,1.19,
P02_L1_69a,P02,1,69,a,present,mezcla,0.78,1.14,2,2,1,1,2,2,fla-ca,0.78,0.99,MEZ-cla,8,8,1.598,1.328,
P02_L1_69b,P02,1,69,b,past,mezcló,0.63,0.94,2,2,1,1,2,2,fla-ca,0.8,0.94,mez-CLÓ,8,8,1.518,1.358,
P02_L1_70a,P02,1,70,a,present,sopla,1.01,1.52,2,2,1,1,2,2,hués-ped,1.01,1.25,SO-pla,8,8,2.368,1.9,
P02_L1_70b,P02,1,70,b,past,sopló,0.48,0.85,2,2,1,1,2,2,hués-ped,0.67,0.85,so-PLÓ,8,8,1.46,1.25,
P02_L1_71a,P02,1,71,a,present,culpa,0.77,1.07,2,2,1,1,2,2,cón-sul,0.77,0.97,CUL-pa,8,8,1.681,1.591,
P02_L1_71b,P02,1,71,b,past,culpó,0.64,0.98,2,2,1,1,2,2,cón-sul,0.84,0.98,cul-PÓ,8,8,1.73,1.4,
P02_L1_72a,P02,1,72,a,present,mancha,0.59,0.91,2,2,1,1,2,2,rue-da,0.59,0.79,MAN-cha,9,9,1.445,1.19,
P02_L1_72b,P02,1,72,b,past,manchó,0.45,0.75,2,2,1,1,2,2,rue-da,0.59,0.75,man-CHÓ,9,9,1.346,1.23,
P02_L1_73a,P02,1,73,a,present,gasta,0.72,1.0,2,2,1,1,2,2,ri-ca,0.72,0.93,GAS-ta,9,9,1.552,1.27,
P02_L1_73b,P02,1,73,b,past,gastó,0.65,0.96,2,2,1,1,2,2,ri-ca,0.86,0.96,gas-TÓ,9,9,1.643,1.32,
P02_L1_74a,P02,1,74,a,present,salta,0.68,1.0,2,2,1,1,2,2,ca-bra,0.68,0.89,SAL-ta,8,8,1.617,1.21,"duration_gap(audio 1.62s,aligned 1.21s)"
P02_L1_74b,P02,1,74,b,past,saltó,0.66,1.05,2,2,1,1,2,2,ca-bra,0.89,1.05,sal-TÓ,8,8,1.684,1.24,"duration_gap(audio 1.68s,aligned 1.24s)"
P02_L1_75a,P02,1,75,a,present,corta,0.62,0.89,2,2,1,1,2,2,mo-zo,0.62,0.78,COR-ta,8,8,1.347,1.147,
P02_L1_75b,P02,1,75,b,past,cortó,0.68,0.97,2,2,1,1,2,2,mo-zo,0.83,0.97,cor-TÓ,8,8,1.572,1.17,"duration_gap(audio 1.57s,aligned 1.17s)"
P02_L1_76a,P02,1,76,a,present,busca,0.55,0.79,2,2,1,1,2,2,ru-bia,0.55,0.73,BUS-ca,9,9,1.516,1.28,
P02_L1_76b,P02,1,76,b,past,buscó,0.53,0.83,2,2,1,1,2,2,ru-bia,0.71,0.83,bus-CÓ,9,9,1.516,1.1,"duration_gap(audio 1.52s,aligned 1.10s)"
P02_L1_77a,P02,1,77,a,present,limpia,0.69,0.99,2,2,1,1,2,2,tra-po,0.69,0.86,LIM-pia,9,9,1.572,1.18,
P02_L1_77b,P02,1,77,b,past,limpió,0.62,1.0,2,2,1,1,2,2,tra-po,0.79,1.0,lim-PIÓ,9,9,1.682,1.33,
P02_L1_78a,P02,1,78,a,present,planta,0.56,0.89,2,2,1,1,2,2,cu-ra,0.56,0.79,PLAN-ta,9,9,1.522,1.362,
P02_L1_78b,P02,1,78,b,past,plantó,0.68,1.01,2,2,1,1,2,2,cu-ra,0.9,1.01,plan-TÓ,9,9,1.682,1.31,
P02_L1_79a,P02,1,79,a,present,filtra,0.64,0.94,2,2,1,1,2,2,ma-lla,0.64,0.88,FIL-tra,9,9,1.602,1.31,
P02_L1_79b,P02,1,79,b,past,filtró,0.57,0.89,2,2,1,1,2,2,ma-lla,0.81,0.89,fil-TRÓ,9,9,1.442,1.202,
P02_L1_80a,P02,1,80,a,present,monta,0.87,1.14,2,2,1,1,2,2,nie-to,0.87,1.05,MON-ta,11,11,1.922,1.29,"duration_gap(audio 1.92s,aligned 1.29s)"
P02_L1_80b,P02,1,80,b,past,montó,0.47,0.8,2,2,1,1,2,2,nie-to,0.66,0.8,mon-TÓ,11,11,1.842,1.34,"duration_gap(audio 1.84s,aligned 1.34s)"
P02_L1_81a,P02,1,81,a,present,canta,0.66,0.92,2,2,1,1,2,2,vie-jo,0.66,0.82,CAN-ta,9,9,1.562,1.15,"duration_gap(audio 1.56s,aligned 1.15s)"
P02_L1_81b,P02,1,81,b,past,cantó,0.53,0.85,2,2,1,1,2,2,vie-jo,0.75,0.85,can-TÓ,9,9,1.562,1.21,
P02_L1_82a,P02,1,82,a,present,junta,0.6,0.89,2,2,1,1,2,2,ga-ta,0.6,0.79,JUN-ta,9,9,1.602,1.21,
P02_L1_82b,P02,1,82,b,past,juntó,0.64,1.01,2,2,1,1,2,2,ga-ta,0.86,1.01,jun-TÓ,9,9,1.722,1.29,"duration_gap(audio 1.72s,aligned 1.29s)"
P02_L1_83a,P02,1,83,a,present,marca,0.51,0.82,2,2,1,1,2,2,bi-ci,0.51,0.72,MAR-ca,8,8,1.402,1.18,
P02_L1_83b,P02,1,83,b,past,marcó,0.59,0.96,2,2,1,1,2,2,bi-ci,0.81,0.96,mar-CÓ,8,8,1.602,1.18,"duration_gap(audio 1.60s,aligned 1.18s)"
P02_L1_84a,P02,1,84,a,present,mezcla,0.64,0.97,2,2,1,1,2,2,pre-sa,0.64,0.84,MEZ-cla,9,9,1.482,1.272,
P02_L1_84b,P02,1,84,b,past,mezcló,0.6,0.97,2,2,1,1,2,2,pre-sa,0.79,0.97,mez-CLÓ,9,9,1.522,1.252,
P02_L1_85a,P02,1,85,a,present,sopla,0.61,0.87,2,2,1,1,2,2,mon-ja,0.61,0.76,SO-pla,8,8,1.762,1.16,"duration_gap(audio 1.76s,aligned 1.16s)"
P02_L1_85b,P02,1,85,b,past,sopló,0.56,0.85,2,2,1,1,2,2,mon-ja,0.71,0.85,so-PLÓ,8,8,1.925,1.15,"duration_gap(audio 1.92s,aligned 1.15s)"
P02_L1_86a,P02,1,86,a,present,culpa,0.57,0.84,2,2,1,1,2,2,no-via,0.57,0.75,CUL-pa,8,8,1.548,1.21,
P02_L1_86b,P02,1,86,b,past,culpó,0.62,0.97,2,2,1,1,2,2,no-via,0.8,0.97,cul-PÓ,8,8,1.546,1.337,
P02_L1_87a,P02,1,87,a,present,mancha,0.69,1.03,2,2,1,1,2,2,san-gre,0.69,0.91,MAN-cha,8,8,1.641,1.31,
P02_L1_87b,P02,1,87,b,past,manchó,0.6,1.0,2,2,1,1,2,2,san-gre,0.82,1.0,man-CHÓ,8,8,1.641,1.28,
P02_L1_88a,P02,1,88,a,present,gasta,0.8,1.06,2,2,1,1,2,2,no-vio,0.8,0.98,GAS-ta,8,8,1.795,1.375,
P02_L1_88b,P02,1,88,b,past,gastó,0.5,0.78,2,2,1,1,2,2,no-vio,0.68,0.78,gas-TÓ,8,8,1.3,1.14,
P02_L1_89a,P02,1,89,a,present,salta,0.72,1.02,2,2,1,1,2,2,ma-go,0.72,0.93,SAL-ta,10,10,1.853,1.39,
P02_L1_89b,P02,1,89,b,past,saltó,0.6,0.92,2,2,1,1,2,2,ma-go,0.82,0.92,sal-TÓ,10,10,1.627,1.397,
P02_L1_90a,P02,1,90,a,present,corta,0.48,0.8,2,2,1,1,2,2,mu-la,0.48,0.7,COR-ta,8,8,1.236,1.12,
P02_L1_90b,P02,1,90,b,past,cortó,0.72,1.07,2,2,1,1,2,2,mu-la,0.91,1.07,cor-TÓ,8,8,1.69,1.13,"duration_gap(audio 1.69s,aligned 1.13s)"
P02_L2_01a,P02,2,1,a,present,busca,0.69,1.0,2,2,1,1,2,2,due-ño,0.69,0.88,BUS-ca,8,8,1.516,1.24,
P02_L2_01b,P02,2,1,b,past,buscó,0.57,0.96,2,2,1,1,2,2,due-ño,0.77,0.96,bus-CÓ,8,8,1.434,1.354,
P02_L2_02a,P02,2,2,a,present,limpia,0.68,1.05,2,2,1,1,2,2,clo-ro,0.68,0.93,LIM-pia,8,8,1.679,1.32,
P02_L2_02b,P02,2,2,b,past,limpió,0.64,1.15,2,2,1,1,2,2,clo-ro,0.96,1.15,lim-PIÓ,8,8,1.638,1.46,
P02_L2_03a,P02,2,3,a,present,planta,0.54,0.86,2,2,1,1,2,2,hi-jo,0.54,0.78,PLAN-ta,8,8,1.27,1.21,
P02_L2_03b,P02,2,3,b,past,plantó,0.73,1.14,2,2,1,1,2,2,hi-jo,0.96,1.14,plan-TÓ,8,8,1.638,1.31,
P02_L2_04a,P02,2,4,a,present,filtra,0.62,1.14,2,2,1,1,2,2,gri-fo,0.62,1.0,FIL-tra,8,8,1.679,1.4,
P02_L2_04b,P02,2,4,b,past,filtró,0.65,1.12,2,2,1,1,2,2,gri-fo,0.99,1.12,fil-TRÓ,8,8,1.516,1.356,
P02_L2_05a,P02,2,5,a,present,monta,0.46,0.81,2,2,1,1,2,2,tí-o,0.46,0.73,MON-ta,9,10,1.393,1.36,"total_syllable_count_mismatch(got 9,exp 10)"
P02_L2_05b,P02,2,5,b,past,montó,0.57,0.92,2,2,1,1,2,2,tí-o,0.79,0.92,mon-TÓ,9,10,1.516,1.39,"total_syllable_count_mismatch(got 9,exp 10)"
P02_L2_06a,P02,2,6,a,present,canta,0.5,0.82,2,2,1,1,2,2,a-ve,0.5,0.73,CAN-ta,8,8,1.352,1.262,
P02_L2_06b,P02,2,6,b,past,cantó,0.5,0.87,2,2,1,1,2,2,a-ve,0.73,0.87,can-TÓ,8,8,1.516,1.416,
P02_L2_07a,P02,2,7,a,present,junta,0.65,1.01,2,2,1,1,2,2,jo-ven,0.65,0.9,JUN-ta,9,9,1.556,1.3,
P02_L2_07b,P02,2,7,b,past,juntó,0.54,0.94,2,2,1,1,2,2,jo-ven,0.8,0.94,jun-TÓ,9,9,1.556,1.45,
P02_L2_08a,P02,2,8,a,present,marca,0.52,0.86,2,2,1,1,2,2,o-sa,0.52,0.75,MAR-ca,8,8,1.434,1.29,
P02_L2_08b,P02,2,8,b,past,marcó,0.56,0.88,2,2,1,1,2,2,o-sa,0.75,0.88,mar-CÓ,8,8,1.597,1.32,
P02_L2_09a,P02,2,9,a,present,mezcla,0.63,1.06,2,2,1,1,2,2,rí-o,0.63,0.88,MEZ-cla,9,9,1.556,1.29,
P02_L2_09b,P02,2,9,b,past,mezcló,0.54,1.01,2,2,1,1,2,2,rí-o,0.76,1.01,mez-CLÓ,9,9,1.393,1.293,
P02_L2_10a,P02,2,10,a,present,sopla,0.71,1.08,2,2,1,1,2,2,sue-gro,0.71,0.93,SO-pla,8,8,1.556,1.35,
P02_L2_10b,P02,2,10,b,past,sopló,0.62,1.01,2,2,1,1,2,2,sue-gro,0.81,1.01,so-PLÓ,8,8,1.475,1.43,
P02_L2_11a,P02,2,11,a,present,culpa,0.77,1.13,2,2,1,1,2,2,yer-no,0.77,1.0,CUL-pa,8,8,1.638,1.45,
P02_L2_11b,P02,2,11,b,past,culpó,0.69,1.1,2,2,1,1,2,2,yer-no,0.87,1.1,cul-PÓ,8,8,1.556,1.417,
P02_L2_12a,P02,2,12,a,present,mancha,0.67,1.0,2,2,1,1,2,2,tin-ta,0.67,0.87,MAN-cha,9,9,1.516,1.34,
P02_L2_12b,P02,2,12,b,past,manchó,0.69,1.03,2,2,1,1,2,2,tin-ta,0.86,1.03,man-CHÓ,9,9,1.516,1.396,
P02_L2_13a,P02,2,13,a,present,gasta,0.68,0.99,2,2,1,1,2,2,do-ña,0.68,0.9,GAS-ta,9,9,1.597,1.32,
P02_L2_13b,P02,2,13,b,past,gastó,0.61,0.94,2,2,1,1,2,2,do-ña,0.83,0.94,gas-TÓ,9,9,1.475,1.3,
P02_L2_14a,P02,2,14,a,present,salta,0.59,0.95,2,2,1,1,2,2,pe-rra,0.59,0.84,SAL-ta,8,8,1.556,1.31,
P02_L2_14b,P02,2,14,b,past,saltó,0.72,1.09,2,2,1,1,2,2,pe-rra,0.96,1.09,sal-TÓ,8,8,1.679,1.37,
P02_L2_15a,P02,2,15,a,present,corta,0.74,1.04,2,2,1,1,2,2,cú-ter,0.74,0.94,COR-ta,9,9,1.476,1.356,
P02_L2_15b,P02,2,15,b,past,cortó,0.74,1.04,2,2,1,1,2,2,cú-ter,0.96,1.04,cor-TÓ,9,9,1.761,1.5,
P02_L2_16a,P02,2,16,a,present,busca,0.61,0.96,2,2,1,1,2,2,ni-ña,0.61,0.82,BUS-ca,8,8,1.46,1.17,
P02_L2_16b,P02,2,16,b,past,buscó,0.76,1.14,2,2,1,1,2,2,ni-ña,0.96,1.14,bus-CÓ,8,8,1.572,1.262,
P02_L2_17a,P02,2,17,a,present,limpia,0.47,0.85,2,2,1,1,2,2,ma-dre,0.47,0.71,LIM-pia,8,8,1.283,1.22,
P02_L2_17b,P02,2,17,b,past,limpió,0.64,0.96,2,2,1,1,2,2,ma-dre,0.78,0.96,lim-PIÓ,8,8,1.476,1.3,
P02_L2_18a,P02,2,18,a,present,planta,0.48,0.86,2,2,1,1,2,2,hi-ja,0.48,0.75,PLAN-ta,7,7,1.283,1.253,
P02_L2_18b,P02,2,18,b,past,plantó,0.47,0.83,2,2,1,1,2,2,hi-ja,0.7,0.83,plan-TÓ,7,7,1.283,1.283,
P02_L2_19a,P02,2,19,a,present,filtra,0.55,1.0,2,2,1,1,2,2,ter-mo,0.55,0.91,FIL-tra,7,7,1.348,1.25,
P02_L2_19b,P02,2,19,b,past,filtró,0.52,0.94,2,2,1,1,2,2,ter-mo,0.81,0.94,fil-TRÓ,7,7,1.315,1.315,
P02_L2_20a,P02,2,20,a,present,monta,0.65,1.06,2,2,1,1,2,2,tí-a,0.65,0.93,MON-ta,8,8,1.461,1.221,
P02_L2_20b,P02,2,20,b,past,montó,0.52,0.88,2,2,1,1,2,2,tí-a,0.73,0.88,mon-TÓ,8,8,1.375,1.25,
P02_L2_21a,P02,2,21,a,present,canta,0.55,0.87,2,2,1,1,2,2,nie-ta,0.55,0.77,CAN-ta,8,8,1.16,1.12,
P02_L2_21b,P02,2,21,b,past,cantó,0.55,0.87,2,2,1,1,2,2,nie-ta,0.76,0.87,can-TÓ,8,8,1.203,1.11,
P02_L2_22a,P02,2,22,a,present,junta,0.58,0.93,2,2,1,1,2,2,du-que,0.58,0.81,JUN-ta,8,8,1.375,1.06,
P02_L2_22b,P02,2,22,b,past,juntó,0.52,0.89,2,2,1,1,2,2,du-que,0.75,0.89,jun-TÓ,8,8,1.332,1.232,
P02_L2_23a,P02,2,23,a,present,marca,0.57,0.93,2,2,1,1,2,2,pe-rro,0.57,0.82,MAR-ca,10,10,1.504,1.414,
P02_L2_23b,P02,2,23,b,past,marcó,0.56,0.86,2,2,1,1,2,2,pe-rro,0.76,0.86,mar-CÓ,10,10,1.418,1.258,
P02_L2_24a,P02,2,24,a,present,mezcla,0.51,0.91,2,2,1,1,2,2,lo-bo,0.51,0.75,MEZ-cla,8,8,1.332,1.182,
P02_L2_24b,P02,2,24,b,past,mezcló,0.49,0.87,2,2,1,1,2,2,lo-bo,0.67,0.87,mez-CLÓ,8,8,1.332,1.222,
P02_L2_25a,P02,2,25,a,present,sopla,0.5,0.84,2,2,1,1,2,2,ne-ne,0.5,0.72,SO-pla,8,8,1.289,1.12,
P02_L2_25b,P02,2,25,b,past,sopló,0.5,0.84,2,2,1,1,2,2,ne-ne,0.7,0.84,so-PLÓ,8,8,1.246,1.15,
P02_L2_26a,P02,2,26,a,present,culpa,0.5,0.81,2,2,1,1,2,2,da-ma,0.5,0.69,CUL-pa,9,9,1.332,1.17,
P02_L2_26b,P02,2,26,b,past,culpó,0.53,0.82,2,2,1,1,2,2,da-ma,0.7,0.82,cul-PÓ,9,9,1.332,1.21,
P02_L2_27a,P02,2,27,a,present,mancha,0.47,0.81,2,2,1,1,2,2,lo-do,0.47,0.7,MAN-cha,9,9,1.332,1.262,
P02_L2_27b,P02,2,27,b,past,manchó,0.68,0.98,2,2,1,1,2,2,lo-do,0.83,0.98,man-CHÓ,9,9,1.59,1.34,
P02_L2_28a,P02,2,28,a,present,gasta,0.66,1.0,2,2,1,1,2,2,chi-co,0.66,0.9,GAS-ta,8,8,1.466,1.296,
P02_L2_28b,P02,2,28,b,past,gastó,0.53,0.85,2,2,1,1,2,2,chi-co,0.72,0.85,gas-TÓ,8,8,1.402,1.31,
P02_L2_29a,P02,2,29,a,present,salta,0.53,0.82,2,2,1,1,2,2,so-cio,0.53,0.75,SAL-ta,8,8,1.37,1.27,
P02_L2_29b,P02,2,29,b,past,saltó,0.53,0.8,2,2,1,1,2,2,so-cio,0.69,0.8,sal-TÓ,8,8,1.386,1.3,
P02_L2_30a,P02,2,30,a,present,corta,0.43,0.72,2,2,1,1,2,2,ne-na,0.43,0.6,COR-ta,10,10,1.354,1.294,
P02_L2_30b,P02,2,30,b,past,cortó,0.47,0.75,2,2,1,1,2,2,ne-na,0.62,0.75,cor-TÓ,10,10,1.37,1.33,
P02_L2_31a,P02,2,31,a,present,busca,0.46,0.76,2,2,1,1,2,2,mó-vil,0.46,0.67,BUS-ca,8,8,1.243,1.21,
P02_L2_31b,P02,2,31,b,past,buscó,0.44,0.73,2,2,1,1,2,2,mó-vil,0.61,0.73,bus-CÓ,8,8,1.291,1.26,
P02_L2_32a,P02,2,32,a,present,limpia,0.49,0.8,2,2,1,1,2,2,co-che,0.49,0.67,LIM-pia,8,8,1.275,1.205,
P02_L2_32b,P02,2,32,b,past,limpió,0.52,0.84,2,2,1,1,2,2,co-che,0.68,0.84,lim-PIÓ,8,8,1.37,1.31,
P02_L2_33a,P02,2,33,a,present,planta,0.62,0.95,2,2,1,1,2,2,rei-na,0.62,0.86,PLAN-ta,8,8,1.434,1.4,
P02_L2_33b,P02,2,33,b,past,plantó,0.59,0.97,2,2,1,1,2,2,rei-na,0.85,0.97,plan-TÓ,8,8,1.546,1.49,
P02_L2_34a,P02,2,34,a,present,filtra,0.49,0.89,2,2,1,1,2,2,ja-rra,0.49,0.81,FIL-tra,8,8,1.354,1.354,
P02_L2_34b,P02,2,34,b,past,filtró,0.54,0.96,2,2,1,1,2,2,ja-rra,0.84,0.96,fil-TRÓ,8,8,1.45,1.36,
P02_L2_35a,P02,2,35,a,present,monta,0.58,0.95,2,2,1,1,2,2,mon-je,0.58,0.83,MON-ta,10,10,1.753,1.49,
P02_L2_35b,P02,2,35,b,past,montó,0.54,0.84,2,2,1,1,2,2,mon-je,0.72,0.84,mon-TÓ,10,10,1.498,1.4,
P02_L2_36a,P02,2,36,a,present,canta,0.51,0.82,2,2,1,1,2,2,lo-ro,0.51,0.71,CAN-ta,10,10,1.498,1.35,
P02_L2_36b,P02,2,36,b,past,cantó,0.54,0.84,2,2,1,1,2,2,lo-ro,0.73,0.84,can-TÓ,10,10,1.53,1.34,
P02_L2_37a,P02,2,37,a,present,junta,0.45,0.79,2,2,1,1,2,2,cla-vo,0.45,0.68,JUN-ta,9,9,1.259,1.259,
P02_L2_37b,P02,2,37,b,past,juntó,0.54,0.9,2,2,1,1,2,2,cla-vo,0.77,0.9,jun-TÓ,9,9,1.386,1.36,
P02_L2_38a,P02,2,38,a,present,marca,0.51,0.86,2,2,1,1,2,2,sas-tre,0.51,0.73,MAR-ca,8,8,1.259,1.259,
P02_L2_38b,P02,2,38,b,past,marcó,0.66,1.2,2,2,1,1,2,2,sas-tre,1.0,1.2,mar-CÓ,8,8,1.833,1.68,
P02_L2_39a,P02,2,39,a,present,mezcla,0.67,1.05,2,2,1,1,2,2,bro-cha,0.67,0.9,MEZ-cla,9,9,1.641,1.52,
P02_L2_39b,P02,2,39,b,past,mezcló,0.68,1.03,2,2,1,1,2,2,bro-cha,0.86,1.03,mez-CLÓ,9,9,1.625,1.46,
P02_L2_40a,P02,2,40,a,present,sopla,0.65,0.98,2,2,1,1,2,2,sue-gra,0.65,0.84,SO-pla,8,8,1.418,1.3,
P02_L2_40b,P02,2,40,b,past,sopló,0.6,0.94,2,2,1,1,2,2,sue-gra,0.78,0.94,so-PLÓ,8,8,1.53,1.41,
P02_L2_41a,P02,2,41,a,present,culpa,0.57,0.95,2,2,1,1,2,2,con-de,0.57,0.81,CUL-pa,8,8,1.434,1.344,
P02_L2_41b,P02,2,41,b,past,culpó,0.5,0.89,2,2,1,1,2,2,con-de,0.7,0.89,cul-PÓ,8,8,1.355,1.29,
P02_L2_42a,P02,2,42,a,present,mancha,0.47,0.77,2,2,1,1,2,2,zu-mo,0.47,0.66,MAN-cha,10,10,1.466,1.44,
P02_L2_42b,P02,2,42,b,past,manchó,0.5,0.82,2,2,1,1,2,2,zu-mo,0.66,0.82,man-CHÓ,10,10,1.562,1.47,
P02_L2_43a,P02,2,43,a,present,gasta,0.54,0.86,2,2,1,1,2,2,jue-za,0.54,0.78,GAS-ta,8,8,1.291,1.231,
P02_L2_43b,P02,2,43,b,past,gastó,0.52,0.85,2,2,1,1,2,2,jue-za,0.73,0.85,gas-TÓ,8,8,1.323,1.273,
P02_L2_44a,P02,2,44,a,present,salta,0.49,0.85,2,2,1,1,2,2,ra-na,0.49,0.74,SAL-ta,8,8,1.339,1.25,
P02_L2_44b,P02,2,44,b,past,saltó,0.47,0.81,2,2,1,1,2,2,ra-na,0.67,0.81,sal-TÓ,8,8,1.339,1.26,
P02_L2_45a,P02,2,45,a,present,corta,0.49,0.78,2,2,1,1,2,2,lá-ser,0.49,0.68,COR-ta,9,9,1.227,1.19,
P02_L2_45b,P02,2,45,b,past,cortó,0.53,0.84,2,2,1,1,2,2,lá-ser,0.74,0.84,cor-TÓ,9,9,1.339,1.299,
P02_L2_46a,P02,2,46,a,present,busca,0.44,0.8,2,2,1,1,2,2,pa-dre,0.44,0.68,BUS-ca,8,8,1.259,1.259,
P02_L2_46b,P02,2,46,b,past,buscó,0.56,0.91,2,2,1,1,2,2,pa-dre,0.77,0.91,bus-CÓ,8,8,1.402,1.322,
P02_L2_47a,P02,2,47,a,present,limpia,0.56,0.87,2,2,1,1,2,2,llu-via,0.56,0.74,LIM-pia,8,8,1.386,1.306,
P02_L2_47b,P02,2,47,b,past,limpió,0.57,0.87,2,2,1,1,2,2,llu-via,0.73,0.87,lim-PIÓ,8,8,1.386,1.316,
P02_L2_48a,P02,2,48,a,present,planta,0.42,0.72,2,2,1,1,2,2,lí-der,0.42,0.64,PLAN-ta,9,9,1.291,1.291,
P02_L2_48b,P02,2,48,b,past,plantó,0.56,0.89,2,2,1,1,2,2,lí-der,0.79,0.89,plan-TÓ,9,9,1.498,1.41,
P02_L2_49a,P02,2,49,a,present,filtra,0.4,0.74,2,2,1,1,2,2,te-la,0.4,0.66,FIL-tra,8,8,1.227,1.13,
P02_L2_49b,P02,2,49,b,past,filtró,0.49,0.83,2,2,1,1,2,2,te-la,0.72,0.83,fil-TRÓ,8,8,1.354,1.22,
P02_L2_50a,P02,2,50,a,present,monta,0.45,0.78,2,2,1,1,2,2,due-ña,0.45,0.66,MON-ta,8,8,1.339,1.27,
P02_L2_50b,P02,2,50,b,past,montó,0.49,0.82,2,2,1,1,2,2,due-ña,0.67,0.82,mon-TÓ,8,8,1.339,1.31,
P02_L2_51a,P02,2,51,a,present,canta,0.53,0.85,2,2,1,1,2,2,gor-da,0.53,0.73,CAN-ta,9,9,1.386,1.24,
P02_L2_51b,P02,2,51,b,past,cantó,0.56,0.85,2,2,1,1,2,2,gor-da,0.74,0.85,can-TÓ,9,9,1.434,1.25,
P02_L2_52a,P02,2,52,a,present,junta,0.46,0.76,2,2,1,1,2,2,pri-mo,0.46,0.68,JUN-ta,8,8,1.243,1.21,
P02_L2_52b,P02,2,52,b,past,juntó,0.37,0.66,2,2,1,1,2,2,pri-mo,0.57,0.66,jun-TÓ,8,8,1.227,1.19,
P02_L2_53a,P02,2,53,a,present,marca,0.39,0.7,2,2,1,1,2,2,hom-bre,0.39,0.59,MAR-ca,8,8,1.163,1.103,
P02_L2_53b,P02,2,53,b,past,marcó,0.39,0.69,2,2,1,1,2,2,hom-bre,0.57,0.69,mar-CÓ,8,8,1.259,1.14,
P02_L2_54a,P02,2,54,a,present,mezcla,0.45,0.83,2,2,1,1,2,2,la-go,0.45,0.66,MEZ-cla,8,8,1.307,1.28,
P02_L2_54b,P02,2,54,b,past,mezcló,0.44,0.78,2,2,1,1,2,2,la-go,0.63,0.78,mez-CLÓ,8,8,1.37,1.29,
P02_L2_55a,P02,2,55,a,present,sopla,0.55,0.89,2,2,1,1,2,2,chi-ca,0.55,0.76,SO-pla,8,8,1.418,1.27,
P02_L2_55b,P02,2,55,b,past,sopló,0.51,0.84,2,2,1,1,2,2,chi-ca,0.68,0.84,so-PLÓ,8,8,1.386,1.356,
P02_L2_56a,P02,2,56,a,present,culpa,0.51,0.86,2,2,1,1,2,2,a-ma,0.51,0.73,CUL-pa,9,9,1.386,1.19,
P02_L2_56b,P02,2,56,b,past,culpó,0.49,0.8,2,2,1,1,2,2,a-ma,0.64,0.8,cul-PÓ,9,9,1.259,1.259,
P02_L2_57a,P02,2,57,a,present,mancha,0.46,0.79,2,2,1,1,2,2,vi-no,0.46,0.65,MAN-cha,8,8,1.195,1.11,
P02_L2_57b,P02,2,57,b,past,manchó,0.44,0.72,2,2,1,1,2,2,vi-no,0.58,0.72,man-CHÓ,8,8,1.195,1.05,
P02_L2_58a,P02,2,58,a,present,gasta,0.37,0.68,2,2,1,1,2,2,ca-rro,0.37,0.57,GAS-ta,10,10,1.259,1.23,
P02_L2_58b,P02,2,58,b,past,gastó,0.43,0.74,2,2,1,1,2,2,ca-rro,0.62,0.74,gas-TÓ,10,10,1.355,1.32,
P02_L2_59a,P02,2,59,a,present,salta,0.41,0.75,2,2,1,1,2,2,ni-ño,0.41,0.64,SAL-ta,8,8,1.259,1.23,
P02_L2_59b,P02,2,59,b,past,saltó,0.46,0.8,2,2,1,1,2,2,ni-ño,0.67,0.8,sal-TÓ,8,8,1.418,1.24,
P02_L2_60a,P02,2,60,a,present,corta,0.47,0.77,2,2,1,1,2,2,ra-ta,0.47,0.66,COR-ta,8,8,1.163,1.103,
P02_L2_60b,P02,2,60,b,past,cortó,0.51,0.81,2,2,1,1,2,2,ra-ta,0.69,0.81,cor-TÓ,8,8,1.339,1.23,
P02_L2_61a,P02,2,61,a,present,busca,0.45,0.79,2,2,1,1,2,2,va-ca,0.45,0.67,BUS-ca,8,8,1.147,1.05,
P02_L2_61b,P02,2,61,b,past,buscó,0.46,0.77,2,2,1,1,2,2,va-ca,0.64,0.77,bus-CÓ,8,8,1.259,1.23,
P02_L2_62a,P02,2,62,a,present,limpia,0.42,0.73,2,2,1,1,2,2,pri-ma,0.42,0.6,LIM-pia,8,8,1.131,1.131,
P02_L2_62b,P02,2,62,b,past,limpió,0.48,0.82,2,2,1,1,2,2,pri-ma,0.65,0.82,lim-PIÓ,8,8,1.227,1.14,
P02_L2_63a,P02,2,63,a,present,planta,0.55,0.83,2,2,1,1,2,2,vie-ja,0.55,0.76,PLAN-ta,8,8,1.37,1.2,
P02_L2_63b,P02,2,63,b,past,plantó,0.54,0.84,2,2,1,1,2,2,vie-ja,0.75,0.84,plan-TÓ,8,8,1.418,1.32,
P02_L2_64a,P02,2,64,a,present,filtra,0.58,0.99,2,2,1,1,2,2,fil-tro,0.58,0.89,FIL-tra,8,8,1.37,1.37,
P02_L2_64b,P02,2,64,b,past,filtró,0.61,1.01,2,2,1,1,2,2,fil-tro,0.89,1.01,fil-TRÓ,8,8,1.434,1.434,
P02_L2_65a,P02,2,65,a,present,monta,0.48,0.79,2,2,1,1,2,2,je-fa,0.48,0.7,MON-ta,10,10,1.434,1.33,
P02_L2_65b,P02,2,65,b,past,montó,0.44,0.74,2,2,1,1,2,2,je-fa,0.65,0.74,mon-TÓ,10,10,1.45,1.42,
P02_L2_66a,P02,2,66,a,present,canta,0.54,0.81,2,2,1,1,2,2,gua-pa,0.54,0.69,CAN-ta,8,8,1.259,1.23,
P02_L2_66b,P02,2,66,b,past,cantó,0.59,0.9,2,2,1,1,2,2,gua-pa,0.78,0.9,can-TÓ,8,8,1.354,1.28,
P02_L2_67a,P02,2,67,a,present,junta,0.52,0.83,2,2,1,1,2,2,nue-ra,0.52,0.74,JUN-ta,8,8,1.355,1.284,
P02_L2_67b,P02,2,67,b,past,juntó,0.56,0.88,2,2,1,1,2,2,nue-ra,0.78,0.88,jun-TÓ,8,8,1.482,1.362,
P02_L2_68a,P02,2,68,a,present,marca,0.5,0.8,2,2,1,1,2,2,gra-sa,0.5,0.7,MAR-ca,8,8,1.243,1.14,
P02_L2_68b,P02,2,68,b,past,marcó,0.46,0.76,2,2,1,1,2,2,gra-sa,0.65,0.76,mar-CÓ,8,8,1.195,1.13,
P02_L2_69a,P02,2,69,a,present,mezcla,0.62,0.99,2,2,1,1,2,2,fla-ca,0.62,0.84,MEZ-cla,8,8,1.514,1.404,
P02_L2_69b,P02,2,69,b,past,mezcló,0.55,0.98,2,2,1,1,2,2,fla-ca,0.75,0.98,mez-CLÓ,8,8,1.498,1.428,
P02_L2_70a,P02,2,70,a,present,sopla,0.74,0.99,2,2,1,1,2,2,hués-ped,0.74,0.85,SO-pla,8,8,1.482,1.42,
P02_L2_70b,P02,2,70,b,past,sopló,0.97,1.32,2,2,1,1,2,2,hués-ped,1.14,1.32,so-PLÓ,8,8,2.103,1.74,
P02_L2_71a,P02,2,71,a,present,culpa,0.68,0.97,2,2,1,1,2,2,cón-sul,0.68,0.84,CUL-pa,8,8,1.418,1.3,
P02_L2_71b,P02,2,71,b,past,culpó,0.64,1.02,2,2,1,1,2,2,cón-sul,0.88,1.02,cul-PÓ,8,8,1.594,1.53,
P02_L2_72a,P02,2,72,a,present,mancha,0.5,0.82,2,2,1,1,2,2,rue-da,0.5,0.7,MAN-cha,9,9,1.418,1.18,
P02_L2_72b,P02,2,72,b,past,manchó,0.59,0.93,2,2,1,1,2,2,rue-da,0.78,0.93,man-CHÓ,9,9,1.546,1.41,
P02_L2_73a,P02,2,73,a,present,gasta,0.46,0.79,2,2,1,1,2,2,ri-ca,0.46,0.71,GAS-ta,9,9,1.37,1.29,
P02_L2_73b,P02,2,73,b,past,gastó,0.52,0.8,2,2,1,1,2,2,ri-ca,0.71,0.8,gas-TÓ,9,9,1.434,1.28,
P02_L2_74a,P02,2,74,a,present,salta,0.52,0.85,2,2,1,1,2,2,ca-bra,0.52,0.73,SAL-ta,8,8,1.329,1.27,
P02_L2_74b,P02,2,74,b,past,saltó,0.52,0.85,2,2,1,1,2,2,ca-bra,0.73,0.85,sal-TÓ,8,8,1.406,1.21,
P02_L2_75a,P02,2,75,a,present,corta,0.51,0.81,2,2,1,1,2,2,mo-zo,0.51,0.69,COR-ta,8,8,1.406,1.28,
P02_L2_75b,P02,2,75,b,past,cortó,0.59,0.9,2,2,1,1,2,2,mo-zo,0.79,0.9,cor-TÓ,8,8,1.464,1.36,
P02_L2_76a,P02,2,76,a,present,busca,0.47,0.82,2,2,1,1,2,2,ru-bia,0.47,0.72,BUS-ca,9,9,1.329,1.28,
P02_L2_76b,P02,2,76,b,past,buscó,0.47,0.76,2,2,1,1,2,2,ru-bia,0.66,0.76,bus-CÓ,9,9,1.233,1.233,
P02_L2_77a,P02,2,77,a,present,limpia,0.62,1.0,2,2,1,1,2,2,tra-po,0.62,0.83,LIM-pia,9,9,1.56,1.38,
P02_L2_77b,P02,2,77,b,past,limpió,0.52,0.83,2,2,1,1,2,2,tra-po,0.66,0.83,lim-PIÓ,9,9,1.445,1.39,
P02_L2_78a,P02,2,78,a,present,planta,0.49,0.77,2,2,1,1,2,2,cu-ra,0.49,0.7,PLAN-ta,9,9,1.368,1.368,
P02_L2_78b,P02,2,78,b,past,plantó,0.5,0.82,2,2,1,1,2,2,cu-ra,0.73,0.82,plan-TÓ,9,9,1.425,1.395,
P02_L2_79a,P02,2,79,a,present,filtra,0.5,0.88,2,2,1,1,2,2,ma-lla,0.5,0.79,FIL-tra,9,9,1.406,1.24,
P02_L2_79b,P02,2,79,b,past,filtró,0.48,0.79,2,2,1,1,2,2,ma-lla,0.73,0.79,fil-TRÓ,9,9,1.387,1.35,
P02_L2_80a,P02,2,80,a,present,monta,0.56,0.9,2,2,1,1,2,2,nie-to,0.56,0.77,MON-ta,11,11,1.753,1.43,
P02_L2_80b,P02,2,80,b,past,montó,0.48,0.74,2,2,1,1,2,2,nie-to,0.63,0.74,mon-TÓ,11,11,1.502,1.34,
P02_L2_81a,P02,2,81,a,present,canta,0.56,0.9,2,2,1,1,2,2,vie-jo,0.56,0.8,CAN-ta,9,9,1.541,1.33,
P02_L2_81b,P02,2,81,b,past,cantó,0.63,0.96,2,2,1,1,2,2,vie-jo,0.82,0.96,can-TÓ,9,9,1.522,1.452,
P02_L2_82a,P02,2,82,a,present,junta,0.41,0.75,2,2,1,1,2,2,ga-ta,0.41,0.64,JUN-ta,9,9,1.348,1.28,
P02_L2_82b,P02,2,82,b,past,juntó,0.5,0.81,2,2,1,1,2,2,ga-ta,0.7,0.81,jun-TÓ,9,9,1.406,1.3,
P02_L2_83a,P02,2,83,a,present,marca,0.5,0.81,2,2,1,1,2,2,bi-ci,0.5,0.71,MAR-ca,8,8,1.387,1.12,
P02_L2_83b,P02,2,83,b,past,marcó,0.64,0.96,2,2,1,1,2,2,bi-ci,0.84,0.96,mar-CÓ,8,8,1.579,1.21,
P02_L2_84a,P02,2,84,a,present,mezcla,0.49,0.85,2,2,1,1,2,2,pre-sa,0.49,0.73,MEZ-cla,9,9,1.483,1.31,
P02_L2_84b,P02,2,84,b,past,mezcló,0.5,0.86,2,2,1,1,2,2,pre-sa,0.69,0.86,mez-CLÓ,9,9,1.522,1.39,
P02_L2_85a,P02,2,85,a,present,sopla,0.49,0.81,2,2,1,1,2,2,mon-ja,0.49,0.68,SO-pla,8,8,1.213,1.143,
P02_L2_85b,P02,2,85,b,past,sopló,0.44,0.74,2,2,1,1,2,2,mon-ja,0.61,0.74,so-PLÓ,8,8,1.271,1.21,
P02_L2_86a,P02,2,86,a,present,culpa,0.54,0.85,2,2,1,1,2,2,no-via,0.54,0.74,CUL-pa,8,8,1.252,1.22,
P02_L2_86b,P02,2,86,b,past,culpó,0.57,0.9,2,2,1,1,2,2,no-via,0.78,0.9,cul-PÓ,8,8,1.502,1.21,
P02_L2_87a,P02,2,87,a,present,mancha,0.47,0.78,2,2,1,1,2,2,san-gre,0.47,0.64,MAN-cha,8,8,1.291,1.24,
P02_L2_87b,P02,2,87,b,past,manchó,0.58,0.87,2,2,1,1,2,2,san-gre,0.74,0.87,man-CHÓ,8,8,1.425,1.21,
P02_L2_88a,P02,2,88,a,present,gasta,0.53,0.78,2,2,1,1,2,2,no-vio,0.53,0.7,GAS-ta,8,8,1.348,1.318,
P02_L2_88b,P02,2,88,b,past,gastó,0.53,0.76,2,2,1,1,2,2,no-vio,0.67,0.76,gas-TÓ,8,8,1.29,1.21,
P02_L2_89a,P02,2,89,a,present,salta,0.47,0.76,2,2,1,1,2,2,ma-go,0.47,0.68,SAL-ta,10,10,1.445,1.2,
P02_L2_89b,P02,2,89,b,past,saltó,0.5,0.77,2,2,1,1,2,2,ma-go,0.66,0.77,sal-TÓ,10,10,1.445,1.355,
P02_L2_90a,P02,2,90,a,present,corta,0.48,0.75,2,2,1,1,2,2,mu-la,0.48,0.62,COR-ta,8,8,1.368,0.93,"duration_gap(audio 1.37s,aligned 0.93s)"
P02_L2_90b,P02,2,90,b,past,cortó,0.56,0.87,2,2,1,1,2,2,mu-la,0.76,0.87,cor-TÓ,8,8,1.271,1.081,
P03_L1_01a,P03,1,1,a,present,busca,0.66,0.94,2,2,1,1,2,2,due-ño,0.66,0.83,BUS-ca,8,8,1.378,1.16,
P03_L1_01b,P03,1,1,b,past,buscó,0.4,0.67,2,2,1,1,2,2,due-ño,0.57,0.67,bus-CÓ,8,8,1.224,1.06,
P03_L1_02a,P03,1,2,a,present,limpia,0.65,1.0,2,2,1,1,2,2,clo-ro,0.65,0.88,LIM-pia,8,8,1.525,1.49,
P03_L1_02b,P03,1,2,b,past,limpió,0.24,0.55,2,2,1,1,2,2,clo-ro,0.43,0.55,lim-PIÓ,8,8,1.328,1.07,
P03_L1_03a,P03,1,3,a,present,planta,0.4,0.67,2,2,1,1,2,2,hi-jo,0.4,0.59,PLAN-ta,8,8,1.08,1.05,
P03_L1_03b,P03,1,3,b,past,plantó,0.39,0.84,2,2,1,1,2,2,hi-jo,0.64,0.84,plan-TÓ,8,8,1.334,1.2,
P03_L1_04a,P03,1,4,a,present,filtra,0.66,1.02,2,2,1,1,2,2,gri-fo,0.66,0.93,FIL-tra,8,8,1.376,1.18,
P03_L1_04b,P03,1,4,b,past,filtró,0.4,0.85,2,2,1,1,2,2,gri-fo,0.71,0.85,fil-TRÓ,8,8,1.184,1.15,
P03_L1_05a,P03,1,5,a,present,monta,0.46,0.68,2,2,1,1,2,2,tí-o,0.46,0.61,MON-ta,9,10,1.39,1.09,"total_syllable_count_mismatch(got 9,exp 10)"
P03_L1_05b,P03,1,5,b,past,montó,0.34,0.67,2,2,1,1,2,2,tí-o,0.55,0.67,mon-TÓ,9,10,1.209,1.15,"total_syllable_count_mismatch(got 9,exp 10)"
P03_L1_06a,P03,1,6,a,present,canta,0.53,0.76,2,2,1,1,2,2,a-ve,0.53,0.67,CAN-ta,8,8,1.37,1.17,
P03_L1_06b,P03,1,6,b,past,cantó,0.38,0.7,2,2,1,1,2,2,a-ve,0.59,0.7,can-TÓ,8,8,1.168,1.108,
P03_L1_07a,P03,1,7,a,present,junta,0.52,0.78,2,2,1,1,2,2,jo-ven,0.52,0.69,JUN-ta,9,9,1.37,1.23,
P03_L1_07b,P03,1,7,b,past,juntó,0.52,0.86,2,2,1,1,2,2,jo-ven,0.74,0.86,jun-TÓ,9,9,1.43,1.25,
P03_L1_08a,P03,1,8,a,present,marca,0.46,0.74,2,2,1,1,2,2,o-sa,0.46,0.64,MAR-ca,8,8,1.309,1.2,
P03_L1_08b,P03,1,8,b,past,marcó,0.49,0.8,2,2,1,1,2,2,o-sa,0.68,0.8,mar-CÓ,8,8,1.511,1.21,
P03_L1_09a,P03,1,9,a,present,mezcla,0.46,0.79,2,2,1,1,2,2,rí-o,0.46,0.63,MEZ-cla,9,9,1.289,1.11,
P03_L1_09b,P03,1,9,b,past,mezcló,0.49,0.81,2,2,1,1,2,2,rí-o,0.67,0.81,mez-CLÓ,9,9,1.652,1.18,"duration_gap(audio 1.65s,aligned 1.18s)"
P03_L1_10a,P03,1,10,a,present,sopla,0.61,0.95,2,2,1,1,2,2,sue-gro,0.61,0.79,SO-pla,8,8,1.39,1.25,
P03_L1_10b,P03,1,10,b,past,sopló,0.65,0.96,2,2,1,1,2,2,sue-gro,0.77,0.96,so-PLÓ,8,8,1.712,1.27,"duration_gap(audio 1.71s,aligned 1.27s)"
P03_L1_11a,P03,1,11,a,present,culpa,0.46,0.79,2,2,1,1,2,2,yer-no,0.46,0.67,CUL-pa,8,8,1.152,1.152,
P03_L1_11b,P03,1,11,b,past,culpó,0.48,0.82,2,2,1,1,2,2,yer-no,0.68,0.82,cul-PÓ,8,8,1.43,1.19,
P03_L1_12a,P03,1,12,a,present,mancha,1.19,1.47,2,2,1,1,2,2,tin-ta,1.19,1.36,MAN-cha,9,9,2.095,1.27,"duration_gap(audio 2.09s,aligned 1.27s)"
P03_L1_12b,P03,1,12,b,past,manchó,0.52,0.86,2,2,1,1,2,2,tin-ta,0.72,0.86,man-CHÓ,9,9,1.45,1.33,
P03_L1_13a,P03,1,13,a,present,gasta,0.6,0.88,2,2,1,1,2,2,do-ña,0.6,0.81,GAS-ta,9,9,1.293,1.193,
P03_L1_13b,P03,1,13,b,past,gastó,0.39,0.68,2,2,1,1,2,2,do-ña,0.58,0.68,gas-TÓ,9,9,0.992,0.992,
P03_L1_14a,P03,1,14,a,present,salta,0.71,0.98,2,2,1,1,2,2,pe-rra,0.71,0.88,SAL-ta,8,8,1.551,1.2,
P03_L1_14b,P03,1,14,b,past,saltó,0.51,0.79,2,2,1,1,2,2,pe-rra,0.7,0.79,sal-TÓ,8,8,1.672,1.14,"duration_gap(audio 1.67s,aligned 1.14s)"
P03_L1_15a,P03,1,15,a,present,corta,0.78,1.05,2,2,1,1,2,2,cú-ter,0.78,0.93,COR-ta,9,9,1.632,1.27,
P03_L1_15b,P03,1,15,b,past,cortó,0.52,0.82,2,2,1,1,2,2,cú-ter,0.73,0.82,cor-TÓ,9,9,1.511,1.36,
P03_L1_16a,P03,1,16,a,present,busca,0.5,0.79,2,2,1,1,2,2,ni-ña,0.5,0.69,BUS-ca,8,8,1.249,1.08,
P03_L1_16b,P03,1,16,b,past,buscó,0.64,0.97,2,2,1,1,2,2,ni-ña,0.82,0.97,bus-CÓ,8,8,1.491,1.24,
P03_L1_17a,P03,1,17,a,present,limpia,0.77,1.04,2,2,1,1,2,2,ma-dre,0.77,0.92,LIM-pia,8,8,1.712,1.24,"duration_gap(audio 1.71s,aligned 1.24s)"
P03_L1_17b,P03,1,17,b,past,limpió,0.59,0.86,2,2,1,1,2,2,ma-dre,0.73,0.86,lim-PIÓ,8,8,1.611,1.19,"duration_gap(audio 1.61s,aligned 1.19s)"
P03_L1_18a,P03,1,18,a,present,planta,0.65,0.92,2,2,1,1,2,2,hi-ja,0.65,0.83,PLAN-ta,7,7,1.269,1.069,
P03_L1_18b,P03,1,18,b,past,plantó,0.48,0.74,2,2,1,1,2,2,hi-ja,0.64,0.74,plan-TÓ,7,7,1.37,1.04,
P03_L1_19a,P03,1,19,a,present,filtra,0.49,0.84,2,2,1,1,2,2,ter-mo,0.49,0.74,FIL-tra,7,7,1.148,0.99,
P03_L1_19b,P03,1,19,b,past,filtró,0.59,0.97,2,2,1,1,2,2,ter-mo,0.86,0.97,fil-TRÓ,7,7,1.47,1.1,"duration_gap(audio 1.47s,aligned 1.10s)"
P03_L1_20a,P03,1,20,a,present,monta,0.55,0.83,2,2,1,1,2,2,tí-a,0.55,0.73,MON-ta,8,8,1.39,1.11,
P03_L1_20b,P03,1,20,b,past,montó,0.4,0.7,2,2,1,1,2,2,tí-a,0.57,0.7,mon-TÓ,8,8,1.309,1.1,
P03_L1_21a,P03,1,21,a,present,canta,0.87,1.09,2,2,1,1,2,2,nie-ta,0.87,1.02,CAN-ta,8,8,1.511,1.061,"duration_gap(audio 1.51s,aligned 1.06s)"
P03_L1_21b,P03,1,21,b,past,cantó,0.46,0.69,2,2,1,1,2,2,nie-ta,0.6,0.69,can-TÓ,8,8,1.329,1.06,
P03_L1_22a,P03,1,22,a,present,junta,0.34,0.61,2,2,1,1,2,2,du-que,0.34,0.52,JUN-ta,8,8,0.992,0.992,
P03_L1_22b,P03,1,22,b,past,juntó,0.64,0.96,2,2,1,1,2,2,du-que,0.85,0.96,jun-TÓ,8,8,1.345,1.045,
P03_L1_23a,P03,1,23,a,present,marca,0.56,0.81,2,2,1,1,2,2,pe-rro,0.56,0.75,MAR-ca,10,10,1.354,1.174,
P03_L1_23b,P03,1,23,b,past,marcó,0.51,0.77,2,2,1,1,2,2,pe-rro,0.68,0.77,mar-CÓ,10,10,1.41,1.31,
P03_L1_24a,P03,1,24,a,present,mezcla,0.59,0.95,2,2,1,1,2,2,lo-bo,0.59,0.79,MEZ-cla,8,8,1.571,1.14,"duration_gap(audio 1.57s,aligned 1.14s)"
P03_L1_24b,P03,1,24,b,past,mezcló,0.34,0.73,2,2,1,1,2,2,lo-bo,0.54,0.73,mez-CLÓ,8,8,1.36,1.19,
P03_L1_25a,P03,1,25,a,present,sopla,0.6,0.96,2,2,1,1,2,2,ne-ne,0.6,0.83,SO-pla,8,8,1.571,1.16,"duration_gap(audio 1.57s,aligned 1.16s)"
P03_L1_25b,P03,1,25,b,past,sopló,0.36,0.65,2,2,1,1,2,2,ne-ne,0.51,0.65,so-PLÓ,8,8,1.423,1.07,
P03_L1_26a,P03,1,26,a,present,culpa,0.72,1.01,2,2,1,1,2,2,da-ma,0.72,0.91,CUL-pa,9,9,1.464,1.224,
P03_L1_26b,P03,1,26,b,past,culpó,0.46,0.77,2,2,1,1,2,2,da-ma,0.65,0.77,cul-PÓ,9,9,1.248,1.248,
P03_L1_27a,P03,1,27,a,present,mancha,0.36,0.64,2,2,1,1,2,2,lo-do,0.36,0.54,MAN-cha,9,9,1.209,1.209,
P03_L1_27b,P03,1,27,b,past,manchó,0.45,0.81,2,2,1,1,2,2,lo-do,0.67,0.81,man-CHÓ,9,9,1.511,1.421,
P03_L1_28a,P03,1,28,a,present,gasta,0.44,0.7,2,2,1,1,2,2,chi-co,0.44,0.61,GAS-ta,8,8,1.289,1.11,
P03_L1_28b,P03,1,28,b,past,gastó,0.45,0.71,2,2,1,1,2,2,chi-co,0.62,0.71,gas-TÓ,8,8,1.289,1.06,
P03_L1_29a,P03,1,29,a,present,salta,0.62,0.88,2,2,1,1,2,2,so-cio,0.62,0.79,SAL-ta,8,8,1.309,1.139,
P03_L1_29b,P03,1,29,b,past,saltó,0.54,0.85,2,2,1,1,2,2,so-cio,0.75,0.85,sal-TÓ,8,8,1.551,1.12,"duration_gap(audio 1.55s,aligned 1.12s)"
P03_L1_30a,P03,1,30,a,present,corta,0.44,0.71,2,2,1,1,2,2,ne-na,0.44,0.61,COR-ta,10,10,1.39,1.27,
P03_L1_30b,P03,1,30,b,past,cortó,0.49,0.74,2,2,1,1,2,2,ne-na,0.63,0.74,cor-TÓ,10,10,1.39,1.3,
P03_L1_31a,P03,1,31,a,present,busca,0.58,0.82,2,2,1,1,2,2,mó-vil,0.58,0.71,BUS-ca,8,8,1.43,1.14,
P03_L1_31b,P03,1,31,b,past,buscó,0.46,0.7,2,2,1,1,2,2,mó-vil,0.6,0.7,bus-CÓ,8,8,1.249,1.14,
P03_L1_32a,P03,1,32,a,present,limpia,0.54,0.82,2,2,1,1,2,2,co-che,0.54,0.69,LIM-pia,8,8,1.35,1.09,
P03_L1_32b,P03,1,32,b,past,limpió,0.42,0.69,2,2,1,1,2,2,co-che,0.57,0.69,lim-PIÓ,8,8,1.269,1.08,
P03_L1_33a,P03,1,33,a,present,planta,0.62,0.86,2,2,1,1,2,2,rei-na,0.62,0.79,PLAN-ta,8,8,1.41,1.22,
P03_L1_33b,P03,1,33,b,past,plantó,0.57,0.82,2,2,1,1,2,2,rei-na,0.75,0.82,plan-TÓ,8,8,1.37,1.17,
P03_L1_34a,P03,1,34,a,present,filtra,0.72,1.03,2,2,1,1,2,2,ja-rra,0.72,0.94,FIL-tra,8,8,1.692,1.16,"duration_gap(audio 1.69s,aligned 1.16s)"
P03_L1_34b,P03,1,34,b,past,filtró,0.44,0.78,2,2,1,1,2,2,ja-rra,0.69,0.78,fil-TRÓ,8,8,1.309,1.15,
P03_L1_35a,P03,1,35,a,present,monta,0.58,0.83,2,2,1,1,2,2,mon-je,0.58,0.75,MON-ta,10,10,1.632,1.22,"duration_gap(audio 1.63s,aligned 1.22s)"
P03_L1_35b,P03,1,35,b,past,montó,0.47,0.72,2,2,1,1,2,2,mon-je,0.62,0.72,mon-TÓ,10,10,1.531,1.35,
P03_L1_36a,P03,1,36,a,present,canta,0.42,0.66,2,2,1,1,2,2,lo-ro,0.42,0.58,CAN-ta,10,10,1.41,1.26,
P03_L1_36b,P03,1,36,b,past,cantó,0.47,0.73,2,2,1,1,2,2,lo-ro,0.63,0.73,can-TÓ,10,10,1.591,1.24,
P03_L1_37a,P03,1,37,a,present,junta,0.52,0.78,2,2,1,1,2,2,cla-vo,0.52,0.68,JUN-ta,9,9,1.551,1.11,"duration_gap(audio 1.55s,aligned 1.11s)"
P03_L1_37b,P03,1,37,b,past,juntó,0.57,0.83,2,2,1,1,2,2,cla-vo,0.74,0.83,jun-TÓ,9,9,1.551,1.16,"duration_gap(audio 1.55s,aligned 1.16s)"
P03_L1_38a,P03,1,38,a,present,marca,0.58,0.88,2,2,1,1,2,2,sas-tre,0.58,0.8,MAR-ca,8,8,1.491,1.17,
P03_L1_38b,P03,1,38,b,past,marcó,0.51,0.83,2,2,1,1,2,2,sas-tre,0.73,0.83,mar-CÓ,8,8,1.47,1.16,
P03_L1_39a,P03,1,39,a,present,mezcla,0.65,0.97,2,2,1,1,2,2,bro-cha,0.65,0.83,MEZ-cla,9,9,1.712,1.41,
P03_L1_39b,P03,1,39,b,past,mezcló,0.49,0.82,2,2,1,1,2,2,bro-cha,0.65,0.82,mez-CLÓ,9,9,1.47,1.37,
P03_L1_40a,P03,1,40,a,present,sopla,0.53,0.82,2,2,1,1,2,2,sue-gra,0.53,0.69,SO-pla,8,8,1.551,1.26,
P03_L1_40b,P03,1,40,b,past,sopló,0.52,0.83,2,2,1,1,2,2,sue-gra,0.67,0.83,so-PLÓ,8,8,1.524,1.26,
P03_L1_41a,P03,1,41,a,present,culpa,0.64,0.89,2,2,1,1,2,2,con-de,0.64,0.81,CUL-pa,8,8,1.366,1.03,
P03_L1_41b,P03,1,41,b,past,culpó,0.43,0.7,2,2,1,1,2,2,con-de,0.61,0.7,cul-PÓ,8,8,1.085,1.05,
P03_L1_42a,P03,1,42,a,present,mancha,0.41,0.71,2,2,1,1,2,2,zu-mo,0.41,0.59,MAN-cha,10,10,1.546,1.35,
P03_L1_42b,P03,1,42,b,past,manchó,0.33,0.61,2,2,1,1,2,2,zu-mo,0.5,0.61,man-CHÓ,10,10,1.607,1.32,
P03_L1_43a,P03,1,43,a,present,gasta,0.72,0.98,2,2,1,1,2,2,jue-za,0.72,0.9,GAS-ta,8,8,1.647,1.24,
P03_L1_43b,P03,1,43,b,past,gastó,0.43,0.67,2,2,1,1,2,2,jue-za,0.58,0.67,gas-TÓ,8,8,1.346,1.16,
P03_L1_44a,P03,1,44,a,present,salta,0.47,0.75,2,2,1,1,2,2,ra-na,0.47,0.65,SAL-ta,8,8,1.429,1.14,
P03_L1_44b,P03,1,44,b,past,saltó,0.47,0.76,2,2,1,1,2,2,ra-na,0.65,0.76,sal-TÓ,8,8,1.349,1.19,
P03_L1_45a,P03,1,45,a,present,corta,0.61,0.87,2,2,1,1,2,2,lá-ser,0.61,0.79,COR-ta,9,9,1.528,1.11,"duration_gap(audio 1.53s,aligned 1.11s)"
P03_L1_45b,P03,1,45,b,past,cortó,0.47,0.71,2,2,1,1,2,2,lá-ser,0.64,0.71,cor-TÓ,9,9,1.33,1.13,
P03_L1_46a,P03,1,46,a,present,busca,0.56,0.84,2,2,1,1,2,2,pa-dre,0.56,0.74,BUS-ca,8,8,1.468,1.06,"duration_gap(audio 1.47s,aligned 1.06s)"
P03_L1_46b,P03,1,46,b,past,buscó,0.38,0.68,2,2,1,1,2,2,pa-dre,0.56,0.68,bus-CÓ,8,8,1.191,1.12,
P03_L1_47a,P03,1,47,a,present,limpia,0.54,0.82,2,2,1,1,2,2,llu-via,0.54,0.7,LIM-pia,8,8,1.449,1.14,
P03_L1_47b,P03,1,47,b,past,limpió,0.5,0.76,2,2,1,1,2,2,llu-via,0.64,0.76,lim-PIÓ,8,8,1.488,1.11,"duration_gap(audio 1.49s,aligned 1.11s)"
P03_L1_48a,P03,1,48,a,present,planta,0.61,0.86,2,2,1,1,2,2,lí-der,0.61,0.77,PLAN-ta,9,9,1.528,1.24,
P03_L1_48b,P03,1,48,b,past,plantó,0.46,0.72,2,2,1,1,2,2,lí-der,0.63,0.72,plan-TÓ,9,9,1.468,1.25,
P03_L1_49a,P03,1,49,a,present,filtra,0.44,0.75,2,2,1,1,2,2,te-la,0.44,0.67,FIL-tra,8,8,1.29,1.04,
P03_L1_49b,P03,1,49,b,past,filtró,0.4,0.73,2,2,1,1,2,2,te-la,0.64,0.73,fil-TRÓ,8,8,1.31,1.05,
P03_L1_50a,P03,1,50,a,present,monta,0.45,0.69,2,2,1,1,2,2,due-ña,0.45,0.6,MON-ta,8,8,1.25,1.14,
P03_L1_50b,P03,1,50,b,past,montó,0.41,0.67,2,2,1,1,2,2,due-ña,0.57,0.67,mon-TÓ,8,8,1.27,1.16,
P03_L1_51a,P03,1,51,a,present,canta,0.58,0.8,2,2,1,1,2,2,gor-da,0.58,0.72,CAN-ta,9,9,1.389,1.07,
P03_L1_51b,P03,1,51,b,past,cantó,0.73,1.03,2,2,1,1,2,2,gor-da,0.93,1.03,can-TÓ,9,9,1.726,1.32,
P03_L1_52a,P03,1,52,a,present,junta,0.62,0.87,2,2,1,1,2,2,pri-mo,0.62,0.79,JUN-ta,8,8,1.449,1.17,
P03_L1_52b,P03,1,52,b,past,juntó,0.42,0.71,2,2,1,1,2,2,pri-mo,0.62,0.71,jun-TÓ,8,8,1.25,1.06,
P03_L1_53a,P03,1,53,a,present,marca,0.46,0.79,2,2,1,1,2,2,hom-bre,0.46,0.67,MAR-ca,8,8,1.349,1.15,
P03_L1_53b,P03,1,53,b,past,marcó,0.4,0.68,2,2,1,1,2,2,hom-bre,0.59,0.68,mar-CÓ,8,8,1.33,1.15,
P03_L1_54a,P03,1,54,a,present,mezcla,0.48,0.83,2,2,1,1,2,2,la-go,0.48,0.65,MEZ-cla,8,8,1.409,1.22,
P03_L1_54b,P03,1,54,b,past,mezcló,0.38,0.73,2,2,1,1,2,2,la-go,0.56,0.73,mez-CLÓ,8,8,1.31,1.25,
P03_L1_55a,P03,1,55,a,present,sopla,0.63,0.99,2,2,1,1,2,2,chi-ca,0.63,0.86,SO-pla,8,8,1.528,1.3,
P03_L1_55b,P03,1,55,b,past,sopló,0.54,0.87,2,2,1,1,2,2,chi-ca,0.72,0.87,so-PLÓ,8,8,1.429,1.27,
P03_L1_56a,P03,1,56,a,present,culpa,0.6,0.89,2,2,1,1,2,2,a-ma,0.6,0.79,CUL-pa,9,9,1.488,1.23,
P03_L1_56b,P03,1,56,b,past,culpó,0.48,0.8,2,2,1,1,2,2,a-ma,0.68,0.8,cul-PÓ,9,9,1.505,1.26,
P03_L1_57a,P03,1,57,a,present,mancha,0.49,0.78,2,2,1,1,2,2,vi-no,0.49,0.65,MAN-cha,8,8,1.29,1.14,
P03_L1_57b,P03,1,57,b,past,manchó,0.46,0.76,2,2,1,1,2,2,vi-no,0.63,0.76,man-CHÓ,8,8,1.29,1.14,
P03_L1_58a,P03,1,58,a,present,gasta,0.5,0.78,2,2,1,1,2,2,ca-rro,0.5,0.68,GAS-ta,10,10,1.508,1.31,
P03_L1_58b,P03,1,58,b,past,gastó,0.49,0.76,2,2,1,1,2,2,ca-rro,0.66,0.76,gas-TÓ,10,10,1.528,1.32,
P03_L1_59a,P03,1,59,a,present,salta,0.54,0.81,2,2,1,1,2,2,ni-ño,0.54,0.73,SAL-ta,8,8,1.31,1.12,
P03_L1_59b,P03,1,59,b,past,saltó,0.46,0.78,2,2,1,1,2,2,ni-ño,0.67,0.78,sal-TÓ,8,8,1.349,1.21,
P03_L1_60a,P03,1,60,a,present,corta,0.64,0.88,2,2,1,1,2,2,ra-ta,0.64,0.81,COR-ta,8,8,1.429,1.19,
P03_L1_60b,P03,1,60,b,past,cortó,0.51,0.81,2,2,1,1,2,2,ra-ta,0.68,0.81,cor-TÓ,8,8,1.429,1.16,
P03_L1_61a,P03,1,61,a,present,busca,0.47,0.76,2,2,1,1,2,2,va-ca,0.47,0.63,BUS-ca,8,8,1.349,1.13,
P03_L1_61b,P03,1,61,b,past,buscó,0.42,0.77,2,2,1,1,2,2,va-ca,0.63,0.77,bus-CÓ,8,8,1.389,1.21,
P03_L1_62a,P03,1,62,a,present,limpia,0.46,0.71,2,2,1,1,2,2,pri-ma,0.46,0.59,LIM-pia,8,8,1.171,1.05,
P03_L1_62b,P03,1,62,b,past,limpió,0.62,0.93,2,2,1,1,2,2,pri-ma,0.78,0.93,lim-PIÓ,8,8,1.449,1.21,
P03_L1_63a,P03,1,63,a,present,planta,0.46,0.7,2,2,1,1,2,2,vie-ja,0.46,0.63,PLAN-ta,8,8,1.369,1.16,
P03_L1_63b,P03,1,63,b,past,plantó,0.46,0.75,2,2,1,1,2,2,vie-ja,0.65,0.75,plan-TÓ,8,8,1.369,1.21,
P03_L1_64a,P03,1,64,a,present,filtra,0.74,1.1,2,2,1,1,2,2,fil-tro,0.74,1.02,FIL-tra,8,8,1.667,1.27,
P03_L1_64b,P03,1,64,b,past,filtró,0.58,0.93,2,2,1,1,2,2,fil-tro,0.84,0.93,fil-TRÓ,8,8,1.468,1.26,
P03_L1_65a,P03,1,65,a,present,monta,0.56,0.85,2,2,1,1,2,2,je-fa,0.56,0.77,MON-ta,10,10,1.627,1.507,
P03_L1_65b,P03,1,65,b,past,montó,0.44,0.72,2,2,1,1,2,2,je-fa,0.64,0.72,mon-TÓ,10,10,1.468,1.438,
P03_L1_66a,P03,1,66,a,present,canta,0.55,0.81,2,2,1,1,2,2,gua-pa,0.55,0.71,CAN-ta,8,8,1.31,1.14,
P03_L1_66b,P03,1,66,b,past,cantó,0.49,0.78,2,2,1,1,2,2,gua-pa,0.67,0.78,can-TÓ,8,8,1.31,1.13,
P03_L1_67a,P03,1,67,a,present,junta,0.74,1.01,2,2,1,1,2,2,nue-ra,0.74,0.93,JUN-ta,8,8,1.647,1.2,"duration_gap(audio 1.65s,aligned 1.20s)"
P03_L1_67b,P03,1,67,b,past,juntó,0.58,0.95,2,2,1,1,2,2,nue-ra,0.82,0.95,jun-TÓ,8,8,1.548,1.408,
P03_L1_68a,P03,1,68,a,present,marca,0.65,0.94,2,2,1,1,2,2,gra-sa,0.65,0.84,MAR-ca,8,8,1.508,1.12,"duration_gap(audio 1.51s,aligned 1.12s)"
P03_L1_68b,P03,1,68,b,past,marcó,0.5,0.87,2,2,1,1,2,2,gra-sa,0.72,0.87,mar-CÓ,8,8,1.528,1.16,
P03_L1_69a,P03,1,69,a,present,mezcla,0.6,0.9,2,2,1,1,2,2,fla-ca,0.6,0.78,MEZ-cla,8,8,1.329,1.209,
P03_L1_69b,P03,1,69,b,past,mezcló,0.5,0.81,2,2,1,1,2,2,fla-ca,0.67,0.81,mez-CLÓ,8,8,1.29,1.2,
P03_L1_70a,P03,1,70,a,present,sopla,0.89,1.2,2,2,1,1,2,2,hués-ped,0.89,1.07,SO-pla,8,8,1.945,1.25,"duration_gap(audio 1.94s,aligned 1.25s)"
P03_L1_70b,P03,1,70,b,past,sopló,0.49,0.79,2,2,1,1,2,2,hués-ped,0.65,0.79,so-PLÓ,8,8,1.416,1.33,
P03_L1_71a,P03,1,71,a,present,culpa,0.57,0.84,2,2,1,1,2,2,cón-sul,0.57,0.73,CUL-pa,8,8,1.493,1.31,
P03_L1_71b,P03,1,71,b,past,culpó,0.48,0.74,2,2,1,1,2,2,cón-sul,0.63,0.74,cul-PÓ,8,8,1.673,1.33,
P03_L1_72a,P03,1,72,a,present,mancha,0.72,0.99,2,2,1,1,2,2,rue-da,0.72,0.88,MAN-cha,9,9,1.622,1.12,"duration_gap(audio 1.62s,aligned 1.12s)"
P03_L1_72b,P03,1,72,b,past,manchó,0.43,0.71,2,2,1,1,2,2,rue-da,0.59,0.71,man-CHÓ,9,9,1.364,1.18,
P03_L1_73a,P03,1,73,a,present,gasta,0.52,0.76,2,2,1,1,2,2,ri-ca,0.52,0.67,GAS-ta,9,9,1.364,1.19,
P03_L1_73b,P03,1,73,b,past,gastó,0.37,0.61,2,2,1,1,2,2,ri-ca,0.53,0.61,gas-TÓ,9,9,1.364,1.2,
P03_L1_74a,P03,1,74,a,present,salta,0.5,0.78,2,2,1,1,2,2,ca-bra,0.5,0.69,SAL-ta,8,8,1.313,1.2,
P03_L1_74b,P03,1,74,b,past,saltó,0.46,0.74,2,2,1,1,2,2,ca-bra,0.64,0.74,sal-TÓ,8,8,1.57,1.12,"duration_gap(audio 1.57s,aligned 1.12s)"
P03_L1_75a,P03,1,75,a,present,corta,0.64,0.92,2,2,1,1,2,2,mo-zo,0.64,0.8,COR-ta,8,8,1.647,1.24,
P03_L1_75b,P03,1,75,b,past,cortó,0.5,0.77,2,2,1,1,2,2,mo-zo,0.66,0.77,cor-TÓ,8,8,1.493,1.24,
P03_L1_76a,P03,1,76,a,present,busca,0.58,0.84,2,2,1,1,2,2,ru-bia,0.58,0.74,BUS-ca,9,9,1.596,1.22,
P03_L1_76b,P03,1,76,b,past,buscó,0.55,0.8,2,2,1,1,2,2,ru-bia,0.7,0.8,bus-CÓ,9,9,1.467,1.1,"duration_gap(audio 1.47s,aligned 1.10s)"
P03_L1_77a,P03,1,77,a,present,limpia,0.53,0.76,2,2,1,1,2,2,tra-po,0.53,0.66,LIM-pia,9,9,1.339,1.13,
P03_L1_77b,P03,1,77,b,past,limpió,0.49,0.74,2,2,1,1,2,2,tra-po,0.62,0.74,lim-PIÓ,9,9,1.519,1.16,
P03_L1_78a,P03,1,78,a,present,planta,0.49,0.77,2,2,1,1,2,2,cu-ra,0.49,0.7,PLAN-ta,9,9,1.39,1.39,
P03_L1_78b,P03,1,78,b,past,plantó,0.47,0.73,2,2,1,1,2,2,cu-ra,0.65,0.73,plan-TÓ,9,9,1.313,1.253,
P03_L1_79a,P03,1,79,a,present,filtra,0.64,0.95,2,2,1,1,2,2,ma-lla,0.64,0.87,FIL-tra,9,9,1.519,1.28,
P03_L1_79b,P03,1,79,b,past,filtró,0.4,0.71,2,2,1,1,2,2,ma-lla,0.64,0.71,fil-TRÓ,9,9,1.467,1.26,
P03_L1_80a,P03,1,80,a,present,monta,0.52,0.81,2,2,1,1,2,2,nie-to,0.52,0.71,MON-ta,11,11,1.57,1.35,
P03_L1_80b,P03,1,80,b,past,montó,0.38,0.68,2,2,1,1,2,2,nie-to,0.58,0.68,mon-TÓ,11,11,1.57,1.41,
P03_L1_81a,P03,1,81,a,present,canta,0.57,0.82,2,2,1,1,2,2,vie-jo,0.57,0.74,CAN-ta,9,9,1.519,1.14,
P03_L1_81b,P03,1,81,b,past,cantó,0.5,0.82,2,2,1,1,2,2,vie-jo,0.71,0.82,can-TÓ,9,9,1.442,1.13,
P03_L1_82a,P03,1,82,a,present,junta,0.69,0.97,2,2,1,1,2,2,ga-ta,0.69,0.87,JUN-ta,9,9,1.57,1.26,
P03_L1_82b,P03,1,82,b,past,juntó,0.38,0.7,2,2,1,1,2,2,ga-ta,0.58,0.7,jun-TÓ,9,9,1.442,1.25,
P03_L1_83a,P03,1,83,a,present,marca,0.81,1.09,2,2,1,1,2,2,bi-ci,0.81,1.0,MAR-ca,8,8,1.725,1.06,"duration_gap(audio 1.72s,aligned 1.06s)"
P03_L1_83b,P03,1,83,b,past,marcó,0.4,0.69,2,2,1,1,2,2,bi-ci,0.59,0.69,mar-CÓ,8,8,1.236,1.05,
P03_L1_84a,P03,1,84,a,present,mezcla,0.52,0.79,2,2,1,1,2,2,pre-sa,0.52,0.69,MEZ-cla,9,9,1.339,1.21,
P03_L1_84b,P03,1,84,b,past,mezcló,0.47,0.74,2,2,1,1,2,2,pre-sa,0.62,0.74,mez-CLÓ,9,9,1.364,1.23,
P03_L1_85a,P03,1,85,a,present,sopla,0.62,0.9,2,2,1,1,2,2,mon-ja,0.62,0.79,SO-pla,8,8,1.467,1.13,
P03_L1_85b,P03,1,85,b,past,sopló,0.46,0.73,2,2,1,1,2,2,mon-ja,0.61,0.73,so-PLÓ,8,8,1.261,1.11,
P03_L1_86a,P03,1,86,a,present,culpa,0.51,0.78,2,2,1,1,2,2,no-via,0.51,0.69,CUL-pa,8,8,1.21,1.17,
P03_L1_86b,P03,1,86,b,past,culpó,0.58,0.84,2,2,1,1,2,2,no-via,0.74,0.84,cul-PÓ,8,8,1.39,1.06,
P03_L1_87a,P03,1,87,a,present,mancha,0.53,0.83,2,2,1,1,2,2,san-gre,0.53,0.72,MAN-cha,8,8,1.442,1.28,
P03_L1_87b,P03,1,87,b,past,manchó,0.47,0.79,2,2,1,1,2,2,san-gre,0.65,0.79,man-CHÓ,8,8,1.339,1.26,
P03_L1_88a,P03,1,88,a,present,gasta,0.52,0.77,2,2,1,1,2,2,no-vio,0.52,0.7,GAS-ta,8,8,1.339,1.269,
P03_L1_88b,P03,1,88,b,past,gastó,0.48,0.72,2,2,1,1,2,2,no-vio,0.64,0.72,gas-TÓ,8,8,1.236,1.166,
P03_L1_89a,P03,1,89,a,present,salta,0.45,0.8,2,2,1,1,2,2,ma-go,0.45,0.71,SAL-ta,10,10,1.596,1.596,
P03_L1_89b,P03,1,89,b,past,saltó,0.57,0.89,2,2,1,1,2,2,ma-go,0.78,0.89,sal-TÓ,10,10,1.519,1.369,
P03_L1_90a,P03,1,90,a,present,corta,0.71,1.01,2,2,1,1,2,2,mu-la,0.71,0.88,COR-ta,8,8,1.313,1.103,
P03_L1_90b,P03,1,90,b,past,cortó,0.52,0.79,2,2,1,1,2,2,mu-la,0.69,0.79,cor-TÓ,8,8,1.284,1.1,
P03_L2_01a,P03,2,1,a,present,busca,0.5,0.77,2,2,1,1,2,2,due-ño,0.5,0.67,BUS-ca,8,8,1.343,1.14,
P03_L2_01b,P03,2,1,b,past,buscó,0.4,0.67,2,2,1,1,2,2,due-ño,0.55,0.67,bus-CÓ,8,8,1.126,1.1,
P03_L2_02a,P03,2,2,a,present,limpia,0.42,0.71,2,2,1,1,2,2,clo-ro,0.42,0.59,LIM-pia,8,8,1.182,1.15,
P03_L2_02b,P03,2,2,b,past,limpió,0.64,0.93,2,2,1,1,2,2,clo-ro,0.81,0.93,lim-PIÓ,8,8,1.354,1.204,
P03_L2_03a,P03,2,3,a,present,planta,0.53,0.81,2,2,1,1,2,2,hi-jo,0.53,0.72,PLAN-ta,8,8,1.204,1.024,
P03_L2_03b,P03,2,3,b,past,plantó,0.47,0.78,2,2,1,1,2,2,hi-jo,0.66,0.78,plan-TÓ,8,8,1.268,1.11,
P03_L2_04a,P03,2,4,a,present,filtra,0.42,0.8,2,2,1,1,2,2,gri-fo,0.42,0.71,FIL-tra,8,8,1.419,1.12,
P03_L2_04b,P03,2,4,b,past,filtró,0.56,0.87,2,2,1,1,2,2,gri-fo,0.78,0.87,fil-TRÓ,8,8,1.311,1.08,
P03_L2_05a,P03,2,5,a,present,monta,0.39,0.64,2,2,1,1,2,2,tí-o,0.39,0.57,MON-ta,9,10,1.44,1.14,"total_syllable_count_mismatch(got 9,exp 10)"
P03_L2_05b,P03,2,5,b,past,montó,0.54,0.78,2,2,1,1,2,2,tí-o,0.7,0.78,mon-TÓ,9,10,1.526,1.16,"total_syllable_count_mismatch(got 9,exp 10)"
P03_L2_06a,P03,2,6,a,present,canta,0.43,0.69,2,2,1,1,2,2,a-ve,0.43,0.6,CAN-ta,8,8,1.247,1.147,
P03_L2_06b,P03,2,6,b,past,cantó,0.41,0.69,2,2,1,1,2,2,a-ve,0.59,0.69,can-TÓ,8,8,1.483,1.2,
P03_L2_07a,P03,2,7,a,present,junta,0.49,0.79,2,2,1,1,2,2,jo-ven,0.49,0.69,JUN-ta,9,9,1.44,1.29,
P03_L2_07b,P03,2,7,b,past,juntó,0.52,0.82,2,2,1,1,2,2,jo-ven,0.71,0.82,jun-TÓ,9,9,1.397,1.3,
P03_L2_08a,P03,2,8,a,present,marca,0.61,0.91,2,2,1,1,2,2,o-sa,0.61,0.81,MAR-ca,8,8,1.548,1.31,
P03_L2_08b,P03,2,8,b,past,marcó,0.64,0.93,2,2,1,1,2,2,o-sa,0.82,0.93,mar-CÓ,8,8,1.913,1.32,"duration_gap(audio 1.91s,aligned 1.32s)"
P03_L2_09a,P03,2,9,a,present,mezcla,0.46,0.8,2,2,1,1,2,2,rí-o,0.46,0.63,MEZ-cla,9,9,1.268,1.09,
P03_L2_09b,P03,2,9,b,past,mezcló,0.38,0.72,2,2,1,1,2,2,rí-o,0.54,0.72,mez-CLÓ,9,9,1.247,1.15,
P03_L2_10a,P03,2,10,a,present,sopla,0.58,0.9,2,2,1,1,2,2,sue-gro,0.58,0.74,SO-pla,8,8,1.354,1.19,
P03_L2_10b,P03,2,10,b,past,sopló,0.57,0.89,2,2,1,1,2,2,sue-gro,0.73,0.89,so-PLÓ,8,8,1.333,1.2,
P03_L2_11a,P03,2,11,a,present,culpa,0.51,0.76,2,2,1,1,2,2,yer-no,0.51,0.66,CUL-pa,8,8,1.397,1.18,
P03_L2_11b,P03,2,11,b,past,culpó,0.58,0.89,2,2,1,1,2,2,yer-no,0.77,0.89,cul-PÓ,8,8,1.548,1.17,
P03_L2_12a,P03,2,12,a,present,mancha,0.53,0.83,2,2,1,1,2,2,tin-ta,0.53,0.7,MAN-cha,9,9,1.505,1.36,
P03_L2_12b,P03,2,12,b,past,manchó,0.66,1.0,2,2,1,1,2,2,tin-ta,0.86,1.0,man-CHÓ,9,9,1.591,1.37,
P03_L2_13a,P03,2,13,a,present,gasta,0.51,0.76,2,2,1,1,2,2,do-ña,0.51,0.67,GAS-ta,9,9,1.376,1.14,
P03_L2_13b,P03,2,13,b,past,gastó,0.56,0.83,2,2,1,1,2,2,do-ña,0.73,0.83,gas-TÓ,9,9,1.311,1.16,
P03_L2_14a,P03,2,14,a,present,salta,0.49,0.81,2,2,1,1,2,2,pe-rra,0.49,0.71,SAL-ta,8,8,1.311,1.19,
P03_L2_14b,P03,2,14,b,past,saltó,0.44,0.75,2,2,1,1,2,2,pe-rra,0.63,0.75,sal-TÓ,8,8,1.419,1.24,
P03_L2_15a,P03,2,15,a,present,corta,0.61,0.9,2,2,1,1,2,2,cú-ter,0.61,0.78,COR-ta,9,9,1.591,1.39,
P03_L2_15b,P03,2,15,b,past,cortó,0.5,0.78,2,2,1,1,2,2,cú-ter,0.67,0.78,cor-TÓ,9,9,1.483,1.29,
P03_L2_16a,P03,2,16,a,present,busca,0.66,0.96,2,2,1,1,2,2,ni-ña,0.66,0.86,BUS-ca,8,8,1.591,1.17,"duration_gap(audio 1.59s,aligned 1.17s)"
P03_L2_16b,P03,2,16,b,past,buscó,0.64,0.97,2,2,1,1,2,2,ni-ña,0.82,0.97,bus-CÓ,8,8,1.677,1.23,"duration_gap(audio 1.68s,aligned 1.23s)"
P03_L2_17a,P03,2,17,a,present,limpia,0.5,0.8,2,2,1,1,2,2,ma-dre,0.5,0.67,LIM-pia,8,8,1.483,1.23,
P03_L2_17b,P03,2,17,b,past,limpió,0.67,0.97,2,2,1,1,2,2,ma-dre,0.81,0.97,lim-PIÓ,8,8,1.548,1.27,
P03_L2_18a,P03,2,18,a,present,planta,0.48,0.77,2,2,1,1,2,2,hi-ja,0.48,0.66,PLAN-ta,7,7,1.182,1.122,
P03_L2_18b,P03,2,18,b,past,plantó,0.57,0.89,2,2,1,1,2,2,hi-ja,0.78,0.89,plan-TÓ,7,7,1.419,1.09,
P03_L2_19a,P03,2,19,a,present,filtra,0.5,0.85,2,2,1,1,2,2,ter-mo,0.5,0.76,FIL-tra,7,7,1.182,1.05,
P03_L2_19b,P03,2,19,b,past,filtró,0.52,0.9,2,2,1,1,2,2,ter-mo,0.77,0.9,fil-TRÓ,7,7,1.354,1.1,
P03_L2_20a,P03,2,20,a,present,monta,0.48,0.75,2,2,1,1,2,2,tí-a,0.48,0.65,MON-ta,8,8,1.182,1.052,
P03_L2_20b,P03,2,20,b,past,montó,0.43,0.74,2,2,1,1,2,2,tí-a,0.63,0.74,mon-TÓ,8,8,1.204,1.13,
P03_L2_21a,P03,2,21,a,present,canta,0.46,0.75,2,2,1,1,2,2,nie-ta,0.46,0.67,CAN-ta,8,8,1.311,1.12,
P03_L2_21b,P03,2,21,b,past,cantó,0.64,0.9,2,2,1,1,2,2,nie-ta,0.8,0.9,can-TÓ,8,8,1.333,1.133,
P03_L2_22a,P03,2,22,a,present,junta,0.52,0.78,2,2,1,1,2,2,du-que,0.52,0.68,JUN-ta,8,8,1.311,1.19,
P03_L2_22b,P03,2,22,b,past,juntó,0.43,0.73,2,2,1,1,2,2,du-que,0.61,0.73,jun-TÓ,8,8,1.182,1.1,
P03_L2_23a,P03,2,23,a,present,marca,0.41,0.72,2,2,1,1,2,2,pe-rro,0.41,0.63,MAR-ca,10,10,1.397,1.37,
P03_L2_23b,P03,2,23,b,past,marcó,0.49,0.78,2,2,1,1,2,2,pe-rro,0.69,0.78,mar-CÓ,10,10,1.397,1.287,
P03_L2_24a,P03,2,24,a,present,mezcla,0.37,0.69,2,2,1,1,2,2,lo-bo,0.37,0.54,MEZ-cla,8,8,1.182,1.12,
P03_L2_24b,P03,2,24,b,past,mezcló,0.58,0.89,2,2,1,1,2,2,lo-bo,0.74,0.89,mez-CLÓ,8,8,1.29,1.06,
P03_L2_25a,P03,2,25,a,present,sopla,0.47,0.78,2,2,1,1,2,2,ne-ne,0.47,0.67,SO-pla,8,8,1.268,1.1,
P03_L2_25b,P03,2,25,b,past,sopló,0.55,0.91,2,2,1,1,2,2,ne-ne,0.72,0.91,so-PLÓ,8,8,1.505,1.19,
P03_L2_26a,P03,2,26,a,present,culpa,0.4,0.71,2,2,1,1,2,2,da-ma,0.4,0.61,CUL-pa,9,9,1.397,1.31,
P03_L2_26b,P03,2,26,b,past,culpó,0.44,0.7,2,2,1,1,2,2,da-ma,0.6,0.7,cul-PÓ,9,9,1.397,1.34,
P03_L2_27a,P03,2,27,a,present,mancha,0.45,0.74,2,2,1,1,2,2,lo-do,0.45,0.63,MAN-cha,9,9,1.376,1.336,
P03_L2_27b,P03,2,27,b,past,manchó,0.52,0.86,2,2,1,1,2,2,lo-do,0.73,0.86,man-CHÓ,9,9,1.526,1.34,
P03_L2_28a,P03,2,28,a,present,gasta,0.44,0.72,2,2,1,1,2,2,chi-co,0.44,0.61,GAS-ta,8,8,1.247,1.16,
P03_L2_28b,P03,2,28,b,past,gastó,0.48,0.75,2,2,1,1,2,2,chi-co,0.64,0.75,gas-TÓ,8,8,1.182,1.092,
P03_L2_29a,P03,2,29,a,present,salta,0.47,0.76,2,2,1,1,2,2,so-cio,0.47,0.7,SAL-ta,8,8,1.376,1.25,
P03_L2_29b,P03,2,29,b,past,saltó,0.55,0.86,2,2,1,1,2,2,so-cio,0.76,0.86,sal-TÓ,8,8,1.354,1.18,
P03_L2_30a,P03,2,30,a,present,corta,0.47,0.74,2,2,1,1,2,2,ne-na,0.47,0.64,COR-ta,10,10,1.419,1.32,
P03_L2_30b,P03,2,30,b,past,cortó,0.52,0.79,2,2,1,1,2,2,ne-na,0.68,0.79,cor-TÓ,10,10,1.482,1.39,
P03_L2_31a,P03,2,31,a,present,busca,0.49,0.76,2,2,1,1,2,2,mó-vil,0.49,0.65,BUS-ca,8,8,1.268,1.18,
P03_L2_31b,P03,2,31,b,past,buscó,0.5,0.78,2,2,1,1,2,2,mó-vil,0.65,0.78,bus-CÓ,8,8,1.419,1.23,
P03_L2_32a,P03,2,32,a,present,limpia,0.57,0.85,2,2,1,1,2,2,co-che,0.57,0.71,LIM-pia,8,8,1.354,1.23,
P03_L2_32b,P03,2,32,b,past,limpió,0.55,0.85,2,2,1,1,2,2,co-che,0.72,0.85,lim-PIÓ,8,8,1.376,1.19,
P03_L2_33a,P03,2,33,a,present,planta,0.62,0.87,2,2,1,1,2,2,rei-na,0.62,0.8,PLAN-ta,8,8,1.483,1.2,
P03_L2_33b,P03,2,33,b,past,plantó,0.53,0.84,2,2,1,1,2,2,rei-na,0.73,0.84,plan-TÓ,8,8,1.333,1.22,
P03_L2_34a,P03,2,34,a,present,filtra,0.46,0.8,2,2,1,1,2,2,ja-rra,0.46,0.72,FIL-tra,8,8,1.311,1.21,
P03_L2_34b,P03,2,34,b,past,filtró,0.49,0.85,2,2,1,1,2,2,ja-rra,0.74,0.85,fil-TRÓ,8,8,1.333,1.23,
P03_L2_35a,P03,2,35,a,present,monta,0.51,0.83,2,2,1,1,2,2,mon-je,0.51,0.73,MON-ta,10,10,1.612,1.44,
P03_L2_35b,P03,2,35,b,past,montó,0.52,0.82,2,2,1,1,2,2,mon-je,0.72,0.82,mon-TÓ,10,10,1.505,1.395,
P03_L2_36a,P03,2,36,a,present,canta,0.45,0.72,2,2,1,1,2,2,lo-ro,0.45,0.63,CAN-ta,10,10,1.376,1.3,
P03_L2_36b,P03,2,36,b,past,cantó,0.42,0.7,2,2,1,1,2,2,lo-ro,0.59,0.7,can-TÓ,10,10,1.397,1.32,
P03_L2_37a,P03,2,37,a,present,junta,0.47,0.78,2,2,1,1,2,2,cla-vo,0.47,0.66,JUN-ta,9,9,1.354,1.26,
P03_L2_37b,P03,2,37,b,past,juntó,0.52,0.82,2,2,1,1,2,2,cla-vo,0.7,0.82,jun-TÓ,9,9,1.419,1.33,
P03_L2_38a,P03,2,38,a,present,marca,0.6,0.93,2,2,1,1,2,2,sas-tre,0.6,0.85,MAR-ca,8,8,1.44,1.37,
P03_L2_38b,P03,2,38,b,past,marcó,0.7,1.14,2,2,1,1,2,2,sas-tre,0.94,1.14,mar-CÓ,8,8,1.677,1.53,
P03_L2_39a,P03,2,39,a,present,mezcla,0.52,0.85,2,2,1,1,2,2,bro-cha,0.52,0.7,MEZ-cla,9,9,1.419,1.329,
P03_L2_39b,P03,2,39,b,past,mezcló,0.57,0.89,2,2,1,1,2,2,bro-cha,0.75,0.89,mez-CLÓ,9,9,1.462,1.352,
P03_L2_40a,P03,2,40,a,present,sopla,0.53,0.92,2,2,1,1,2,2,sue-gra,0.53,0.77,SO-pla,8,8,1.397,1.34,
P03_L2_40b,P03,2,40,b,past,sopló,0.54,0.89,2,2,1,1,2,2,sue-gra,0.74,0.89,so-PLÓ,8,8,1.419,1.36,
P03_L2_41a,P03,2,41,a,present,culpa,0.49,0.81,2,2,1,1,2,2,con-de,0.49,0.7,CUL-pa,8,8,1.182,1.142,
P03_L2_41b,P03,2,41,b,past,culpó,0.46,0.75,2,2,1,1,2,2,con-de,0.64,0.75,cul-PÓ,8,8,1.161,1.06,
P03_L2_42a,P03,2,42,a,present,mancha,0.5,0.85,2,2,1,1,2,2,zu-mo,0.5,0.7,MAN-cha,10,10,1.698,1.54,
P03_L2_42b,P03,2,42,b,past,manchó,0.46,0.76,2,2,1,1,2,2,zu-mo,0.62,0.76,man-CHÓ,10,10,1.526,1.5,
P03_L2_43a,P03,2,43,a,present,gasta,0.6,0.91,2,2,1,1,2,2,jue-za,0.6,0.81,GAS-ta,8,8,1.38,1.2,
P03_L2_43b,P03,2,43,b,past,gastó,0.62,0.93,2,2,1,1,2,2,jue-za,0.82,0.93,gas-TÓ,8,8,1.483,1.37,
P03_L2_44a,P03,2,44,a,present,salta,0.5,0.88,2,2,1,1,2,2,ra-na,0.5,0.76,SAL-ta,8,8,1.376,1.27,
P03_L2_44b,P03,2,44,b,past,saltó,0.53,0.86,2,2,1,1,2,2,ra-na,0.74,0.86,sal-TÓ,8,8,1.354,1.21,
P03_L2_45a,P03,2,45,a,present,corta,0.64,0.91,2,2,1,1,2,2,lá-ser,0.64,0.83,COR-ta,9,9,1.376,1.216,
P03_L2_45b,P03,2,45,b,past,cortó,0.66,0.91,2,2,1,1,2,2,lá-ser,0.82,0.91,cor-TÓ,9,9,1.419,1.18,
P03_L2_46a,P03,2,46,a,present,busca,0.43,0.75,2,2,1,1,2,2,pa-dre,0.43,0.64,BUS-ca,8,8,1.311,1.25,
P03_L2_46b,P03,2,46,b,past,buscó,0.45,0.78,2,2,1,1,2,2,pa-dre,0.63,0.78,bus-CÓ,8,8,1.29,1.26,
P03_L2_47a,P03,2,47,a,present,limpia,0.55,0.85,2,2,1,1,2,2,llu-via,0.55,0.72,LIM-pia,8,8,1.376,1.29,
P03_L2_47b,P03,2,47,b,past,limpió,0.57,0.88,2,2,1,1,2,2,llu-via,0.73,0.88,lim-PIÓ,8,8,1.354,1.19,
P03_L2_48a,P03,2,48,a,present,planta,0.62,0.97,2,2,1,1,2,2,lí-der,0.62,0.87,PLAN-ta,9,9,1.827,1.5,
P03_L2_48b,P03,2,48,b,past,plantó,0.54,0.84,2,2,1,1,2,2,lí-der,0.75,0.84,plan-TÓ,9,9,1.569,1.43,
P03_L2_49a,P03,2,49,a,present,filtra,0.52,0.92,2,2,1,1,2,2,te-la,0.52,0.83,FIL-tra,8,8,1.354,1.25,
P03_L2_49b,P03,2,49,b,past,filtró,0.52,0.85,2,2,1,1,2,2,te-la,0.77,0.85,fil-TRÓ,8,8,1.698,1.24,"duration_gap(audio 1.70s,aligned 1.24s)"
P03_L2_50a,P03,2,50,a,present,monta,0.68,1.03,2,2,1,1,2,2,due-ña,0.68,0.91,MON-ta,8,8,1.569,1.35,
P03_L2_50b,P03,2,50,b,past,montó,0.53,0.85,2,2,1,1,2,2,due-ña,0.72,0.85,mon-TÓ,8,8,1.462,1.33,
P03_L2_51a,P03,2,51,a,present,canta,0.55,0.84,2,2,1,1,2,2,gor-da,0.55,0.74,CAN-ta,9,9,1.548,1.32,
P03_L2_51b,P03,2,51,b,past,cantó,0.6,0.91,2,2,1,1,2,2,gor-da,0.78,0.91,can-TÓ,9,9,1.483,1.34,
P03_L2_52a,P03,2,52,a,present,junta,0.54,0.88,2,2,1,1,2,2,pri-mo,0.54,0.78,JUN-ta,8,8,1.44,1.24,
P03_L2_52b,P03,2,52,b,past,juntó,0.58,0.93,2,2,1,1,2,2,pri-mo,0.81,0.93,jun-TÓ,8,8,1.483,1.3,
P03_L2_53a,P03,2,53,a,present,marca,0.43,0.79,2,2,1,1,2,2,hom-bre,0.43,0.68,MAR-ca,8,8,1.397,1.3,
P03_L2_53b,P03,2,53,b,past,marcó,0.38,0.7,2,2,1,1,2,2,hom-bre,0.59,0.7,mar-CÓ,8,8,1.333,1.24,
P03_L2_54a,P03,2,54,a,present,mezcla,0.52,0.89,2,2,1,1,2,2,la-go,0.52,0.72,MEZ-cla,8,8,1.44,1.35,
P03_L2_54b,P03,2,54,b,past,mezcló,0.52,0.88,2,2,1,1,2,2,la-go,0.73,0.88,mez-CLÓ,8,8,1.505,1.29,
P03_L2_55a,P03,2,55,a,present,sopla,0.54,0.88,2,2,1,1,2,2,chi-ca,0.54,0.76,SO-pla,8,8,1.397,1.347,
P03_L2_55b,P03,2,55,b,past,sopló,0.52,0.86,2,2,1,1,2,2,chi-ca,0.73,0.86,so-PLÓ,8,8,1.376,1.316,
P03_L2_56a,P03,2,56,a,present,culpa,0.49,0.85,2,2,1,1,2,2,a-ma,0.49,0.71,CUL-pa,9,9,1.526,1.38,
P03_L2_56b,P03,2,56,b,past,culpó,0.48,0.79,2,2,1,1,2,2,a-ma,0.66,0.79,cul-PÓ,9,9,1.354,1.27,
P03_L2_57a,P03,2,57,a,present,mancha,0.56,0.91,2,2,1,1,2,2,vi-no,0.56,0.75,MAN-cha,8,8,1.526,1.29,
P03_L2_57b,P03,2,57,b,past,manchó,0.54,0.92,2,2,1,1,2,2,vi-no,0.75,0.92,man-CHÓ,8,8,1.44,1.27,
P03_L2_58a,P03,2,58,a,present,gasta,0.51,0.82,2,2,1,1,2,2,ca-rro,0.51,0.71,GAS-ta,10,10,1.548,1.46,
P03_L2_58b,P03,2,58,b,past,gastó,0.59,0.96,2,2,1,1,2,2,ca-rro,0.82,0.96,gas-TÓ,10,10,1.633,1.49,
P03_L2_59a,P03,2,59,a,present,salta,0.49,0.87,2,2,1,1,2,2,ni-ño,0.49,0.78,SAL-ta,8,8,1.505,1.38,
P03_L2_59b,P03,2,59,b,past,saltó,0.53,0.95,2,2,1,1,2,2,ni-ño,0.77,0.95,sal-TÓ,8,8,1.526,1.37,
P03_L2_60a,P03,2,60,a,present,corta,0.6,0.93,2,2,1,1,2,2,ra-ta,0.6,0.83,COR-ta,8,8,1.462,1.27,
P03_L2_60b,P03,2,60,b,past,cortó,0.57,0.9,2,2,1,1,2,2,ra-ta,0.77,0.9,cor-TÓ,8,8,1.419,1.3,
P03_L2_61a,P03,2,61,a,present,busca,0.61,0.96,2,2,1,1,2,2,va-ca,0.61,0.84,BUS-ca,8,8,1.569,1.27,
P03_L2_61b,P03,2,61,b,past,buscó,0.5,0.82,2,2,1,1,2,2,va-ca,0.69,0.82,bus-CÓ,8,8,1.376,1.27,
P03_L2_62a,P03,2,62,a,present,limpia,0.7,1.0,2,2,1,1,2,2,pri-ma,0.7,0.88,LIM-pia,8,8,1.655,1.21,"duration_gap(audio 1.66s,aligned 1.21s)"
P03_L2_62b,P03,2,62,b,past,limpió,0.54,0.85,2,2,1,1,2,2,pri-ma,0.72,0.85,lim-PIÓ,8,8,1.505,1.31,
P03_L2_63a,P03,2,63,a,present,planta,0.45,0.77,2,2,1,1,2,2,vie-ja,0.45,0.68,PLAN-ta,8,8,1.311,1.311,
P03_L2_63b,P03,2,63,b,past,plantó,0.5,0.83,2,2,1,1,2,2,vie-ja,0.71,0.83,plan-TÓ,8,8,1.419,1.39,
P03_L2_64a,P03,2,64,a,present,filtra,0.71,1.08,2,2,1,1,2,2,fil-tro,0.71,0.99,FIL-tra,8,8,1.612,1.38,
P03_L2_64b,P03,2,64,b,past,filtró,0.58,1.0,2,2,1,1,2,2,fil-tro,0.89,1.0,fil-TRÓ,8,8,1.44,1.34,
P03_L2_65a,P03,2,65,a,present,monta,0.5,0.87,2,2,1,1,2,2,je-fa,0.5,0.78,MON-ta,10,10,1.591,1.47,
P03_L2_65b,P03,2,65,b,past,montó,0.46,0.8,2,2,1,1,2,2,je-fa,0.69,0.8,mon-TÓ,10,10,1.612,1.5,
P03_L2_66a,P03,2,66,a,present,canta,0.45,0.74,2,2,1,1,2,2,gua-pa,0.45,0.63,CAN-ta,8,8,1.333,1.15,
P03_L2_66b,P03,2,66,b,past,cantó,0.49,0.79,2,2,1,1,2,2,gua-pa,0.67,0.79,can-TÓ,8,8,1.29,1.21,
P03_L2_67a,P03,2,67,a,present,junta,0.47,0.74,2,2,1,1,2,2,nue-ra,0.47,0.66,JUN-ta,8,8,1.376,1.26,
P03_L2_67b,P03,2,67,b,past,juntó,0.49,0.81,2,2,1,1,2,2,nue-ra,0.7,0.81,jun-TÓ,8,8,1.462,1.3,
P03_L2_68a,P03,2,68,a,present,marca,0.56,0.93,2,2,1,1,2,2,gra-sa,0.56,0.82,MAR-ca,8,8,1.505,1.25,
P03_L2_68b,P03,2,68,b,past,marcó,0.47,0.84,2,2,1,1,2,2,gra-sa,0.7,0.84,mar-CÓ,8,8,1.483,1.31,
P03_L2_69a,P03,2,69,a,present,mezcla,0.72,1.09,2,2,1,1,2,2,fla-ca,0.72,0.93,MEZ-cla,8,8,1.612,1.322,
P03_L2_69b,P03,2,69,b,past,mezcló,0.65,1.05,2,2,1,1,2,2,fla-ca,0.83,1.05,mez-CLÓ,8,8,1.569,1.349,
P03_L2_70a,P03,2,70,a,present,sopla,0.51,0.9,2,2,1,1,2,2,hués-ped,0.51,0.76,SO-pla,8,8,1.548,1.45,
P03_L2_70b,P03,2,70,b,past,sopló,0.56,0.92,2,2,1,1,2,2,hués-ped,0.77,0.92,so-PLÓ,8,8,1.505,1.42,
P03_L2_71a,P03,2,71,a,present,culpa,0.61,0.94,2,2,1,1,2,2,cón-sul,0.61,0.8,CUL-pa,8,8,1.72,1.54,
P03_L2_71b,P03,2,71,b,past,culpó,0.62,0.96,2,2,1,1,2,2,cón-sul,0.83,0.96,cul-PÓ,8,8,1.677,1.53,
P03_L2_72a,P03,2,72,a,present,mancha,0.46,0.8,2,2,1,1,2,2,rue-da,0.46,0.66,MAN-cha,9,9,1.44,1.39,
P03_L2_72b,P03,2,72,b,past,manchó,0.49,0.9,2,2,1,1,2,2,rue-da,0.72,0.9,man-CHÓ,9,9,1.526,1.44,
P03_L2_73a,P03,2,73,a,present,gasta,0.55,0.88,2,2,1,1,2,2,ri-ca,0.55,0.78,GAS-ta,9,9,1.526,1.4,
P03_L2_73b,P03,2,73,b,past,gastó,0.55,0.9,2,2,1,1,2,2,ri-ca,0.76,0.9,gas-TÓ,9,9,1.526,1.39,
P03_L2_74a,P03,2,74,a,present,salta,0.59,0.92,2,2,1,1,2,2,ca-bra,0.59,0.8,SAL-ta,8,8,1.505,1.35,
P03_L2_74b,P03,2,74,b,past,saltó,0.53,0.86,2,2,1,1,2,2,ca-bra,0.74,0.86,sal-TÓ,8,8,1.462,1.32,
P03_L2_75a,P03,2,75,a,present,corta,0.48,0.77,2,2,1,1,2,2,mo-zo,0.48,0.65,COR-ta,8,8,1.376,1.28,
P03_L2_75b,P03,2,75,b,past,cortó,0.43,0.71,2,2,1,1,2,2,mo-zo,0.57,0.71,cor-TÓ,8,8,1.419,1.26,
P03_L2_76a,P03,2,76,a,present,busca,0.46,0.78,2,2,1,1,2,2,ru-bia,0.46,0.67,BUS-ca,9,9,1.397,1.28,
P03_L2_76b,P03,2,76,b,past,buscó,0.52,0.86,2,2,1,1,2,2,ru-bia,0.7,0.86,bus-CÓ,9,9,1.397,1.28,
P03_L2_77a,P03,2,77,a,present,limpia,0.5,0.82,2,2,1,1,2,2,tra-po,0.5,0.68,LIM-pia,9,9,1.44,1.28,
P03_L2_77b,P03,2,77,b,past,limpió,0.51,0.8,2,2,1,1,2,2,tra-po,0.66,0.8,lim-PIÓ,9,9,1.311,1.241,
P03_L2_78a,P03,2,78,a,present,planta,0.57,0.87,2,2,1,1,2,2,cu-ra,0.57,0.79,PLAN-ta,9,9,1.44,1.34,
P03_L2_78b,P03,2,78,b,past,plantó,0.6,0.86,2,2,1,1,2,2,cu-ra,0.79,0.86,plan-TÓ,9,9,1.462,1.282,
P03_L2_79a,P03,2,79,a,present,filtra,0.58,0.92,2,2,1,1,2,2,ma-lla,0.58,0.83,FIL-tra,9,9,1.655,1.37,
P03_L2_79b,P03,2,79,b,past,filtró,0.6,0.95,2,2,1,1,2,2,ma-lla,0.85,0.95,fil-TRÓ,9,9,1.569,1.38,
P03_L2_80a,P03,2,80,a,present,monta,0.54,0.84,2,2,1,1,2,2,nie-to,0.54,0.75,MON-ta,11,11,1.655,1.46,
P03_L2_80b,P03,2,80,b,past,montó,0.46,0.75,2,2,1,1,2,2,nie-to,0.64,0.75,mon-TÓ,11,11,1.44,1.35,
P03_L2_81a,P03,2,81,a,present,canta,0.45,0.71,2,2,1,1,2,2,vie-jo,0.45,0.61,CAN-ta,9,9,1.354,1.19,
P03_L2_81b,P03,2,81,b,past,cantó,0.57,0.87,2,2,1,1,2,2,vie-jo,0.76,0.87,can-TÓ,9,9,1.419,1.289,
P03_L2_82a,P03,2,82,a,present,junta,0.53,0.89,2,2,1,1,2,2,ga-ta,0.53,0.77,JUN-ta,9,9,1.505,1.37,
P03_L2_82b,P03,2,82,b,past,juntó,0.55,0.87,2,2,1,1,2,2,ga-ta,0.76,0.87,jun-TÓ,9,9,1.505,1.36,
P03_L2_83a,P03,2,83,a,present,marca,0.5,0.83,2,2,1,1,2,2,bi-ci,0.5,0.73,MAR-ca,8,8,1.311,1.17,
P03_L2_83b,P03,2,83,b,past,marcó,0.48,0.83,2,2,1,1,2,2,bi-ci,0.7,0.83,mar-CÓ,8,8,1.311,1.17,
P03_L2_84a,P03,2,84,a,present,mezcla,0.48,0.89,2,2,1,1,2,2,pre-sa,0.48,0.72,MEZ-cla,9,9,1.526,1.48,
P03_L2_84b,P03,2,84,b,past,mezcló,0.6,0.92,2,2,1,1,2,2,pre-sa,0.78,0.92,mez-CLÓ,9,9,1.591,1.42,
P03_L2_85a,P03,2,85,a,present,sopla,0.56,0.87,2,2,1,1,2,2,mon-ja,0.56,0.75,SO-pla,8,8,1.397,1.26,
P03_L2_85b,P03,2,85,b,past,sopló,0.51,0.8,2,2,1,1,2,2,mon-ja,0.68,0.8,so-PLÓ,8,8,1.354,1.23,
P03_L2_86a,P03,2,86,a,present,culpa,0.77,1.1,2,2,1,1,2,2,no-via,0.77,0.98,CUL-pa,8,8,1.591,1.24,
P03_L2_86b,P03,2,86,b,past,culpó,0.49,0.91,2,2,1,1,2,2,no-via,0.68,0.91,cul-PÓ,8,8,1.44,1.41,
P03_L2_87a,P03,2,87,a,present,mancha,0.74,1.1,2,2,1,1,2,2,san-gre,0.74,0.94,MAN-cha,8,8,1.677,1.42,
P03_L2_87b,P03,2,87,b,past,manchó,0.54,0.93,2,2,1,1,2,2,san-gre,0.75,0.93,man-CHÓ,8,8,1.44,1.35,
P03_L2_88a,P03,2,88,a,present,gasta,0.53,0.82,2,2,1,1,2,2,no-vio,0.53,0.71,GAS-ta,8,8,1.311,1.221,
P03_L2_88b,P03,2,88,b,past,gastó,0.63,0.93,2,2,1,1,2,2,no-vio,0.82,0.93,gas-TÓ,8,8,1.548,1.29,
P03_L2_89a,P03,2,89,a,present,salta,0.53,0.92,2,2,1,1,2,2,ma-go,0.53,0.84,SAL-ta,10,10,1.741,1.56,
P03_L2_89b,P03,2,89,b,past,saltó,0.38,0.72,2,2,1,1,2,2,ma-go,0.61,0.72,sal-TÓ,10,10,1.548,1.43,
P03_L2_90a,P03,2,90,a,present,corta,0.58,0.86,2,2,1,1,2,2,mu-la,0.58,0.74,COR-ta,8,8,2.02,1.12,"duration_gap(audio 2.02s,aligned 1.12s)"
P03_L2_90b,P03,2,90,b,past,cortó,0.59,0.95,2,2,1,1,2,2,mu-la,0.77,0.95,cor-TÓ,8,8,1.612,1.28,
P04_L1_01a,P04,1,1,a,present,busca,0.78,1.16,2,2,1,1,2,2,due-ño,0.78,1.01,BUS-ca,8,8,1.779,1.7,
P04_L1_01b,P04,1,1,b,past,buscó,0.52,0.92,2,2,1,1,2,2,due-ño,0.75,0.92,bus-CÓ,8,8,1.569,1.48,
P04_L1_02a,P04,1,2,a,present,limpia,0.78,1.21,2,2,1,1,2,2,clo-ro,0.78,1.02,LIM-pia,8,8,1.927,1.82,
P04_L1_02b,P04,1,2,b,past,limpió,0.65,1.04,2,2,1,1,2,2,clo-ro,0.87,1.04,lim-PIÓ,8,8,1.969,1.84,
P04_L1_03a,P04,1,3,a,present,planta,0.73,1.13,2,2,1,1,2,2,hi-jo,0.73,1.01,PLAN-ta,8,8,1.821,1.68,
P04_L1_03b,P04,1,3,b,past,plantó,0.54,0.95,2,2,1,1,2,2,hi-jo,0.82,0.95,plan-TÓ,8,8,1.736,1.51,
P04_L1_04a,P04,1,4,a,present,filtra,0.84,1.28,2,2,1,1,2,2,gri-fo,0.84,1.15,FIL-tra,8,8,1.821,1.63,
P04_L1_04b,P04,1,4,b,past,filtró,0.6,1.27,2,2,1,1,2,2,gri-fo,1.12,1.27,fil-TRÓ,8,8,1.908,1.77,
P04_L1_05a,P04,1,5,a,present,monta,0.79,1.33,2,2,1,1,2,2,tí-o,0.79,1.13,MON-ta,9,10,2.043,1.923,"total_syllable_count_mismatch(got 9,exp 10)"
P04_L1_05b,P04,1,5,b,past,montó,0.67,1.03,2,2,1,1,2,2,tí-o,0.91,1.03,mon-TÓ,9,10,1.92,1.7,"total_syllable_count_mismatch(got 9,exp 10)"
P04_L1_06a,P04,1,6,a,present,canta,0.73,1.18,2,2,1,1,2,2,a-ve,0.73,1.0,CAN-ta,8,8,2.043,1.873,
P04_L1_06b,P04,1,6,b,past,cantó,0.75,1.15,2,2,1,1,2,2,a-ve,1.01,1.15,can-TÓ,8,8,1.92,1.68,
P04_L1_07a,P04,1,7,a,present,junta,0.87,1.4,2,2,1,1,2,2,jo-ven,0.87,1.24,JUN-ta,9,9,2.124,1.91,
P04_L1_07b,P04,1,7,b,past,juntó,0.64,1.09,2,2,1,1,2,2,jo-ven,0.95,1.09,jun-TÓ,9,9,1.757,1.73,
P04_L1_08a,P04,1,8,a,present,marca,0.69,1.11,2,2,1,1,2,2,o-sa,0.69,0.98,MAR-ca,8,8,1.838,1.65,
P04_L1_08b,P04,1,8,b,past,marcó,0.59,1.03,2,2,1,1,2,2,o-sa,0.88,1.03,mar-CÓ,8,8,1.798,1.77,
P04_L1_09a,P04,1,9,a,present,mezcla,0.54,1.2,2,2,1,1,2,2,rí-o,0.54,0.81,MEZ-cla,9,9,2.083,1.89,
P04_L1_09b,P04,1,9,b,past,mezcló,0.46,0.93,2,2,1,1,2,2,rí-o,0.68,0.93,mez-CLÓ,9,9,1.798,1.66,
P04_L1_10a,P04,1,10,a,present,sopla,0.96,1.39,2,2,1,1,2,2,sue-gro,0.96,1.21,SO-pla,8,8,1.961,1.73,
P04_L1_10b,P04,1,10,b,past,sopló,1.0,1.39,2,2,1,1,2,2,sue-gro,1.19,1.39,so-PLÓ,8,8,2.043,1.9,
P04_L1_11a,P04,1,11,a,present,culpa,1.01,1.49,2,2,1,1,2,2,yer-no,1.01,1.28,CUL-pa,8,8,2.206,1.72,
P04_L1_11b,P04,1,11,b,past,culpó,0.8,1.23,2,2,1,1,2,2,yer-no,1.0,1.23,cul-PÓ,8,8,1.798,1.628,
P04_L1_12a,P04,1,12,a,present,mancha,0.89,1.3,2,2,1,1,2,2,tin-ta,0.89,1.11,MAN-cha,9,9,2.009,1.71,
P04_L1_12b,P04,1,12,b,past,manchó,0.55,1.0,2,2,1,1,2,2,tin-ta,0.8,1.0,man-CHÓ,9,9,1.792,1.72,
P04_L1_13a,P04,1,13,a,present,gasta,0.64,0.99,2,2,1,1,2,2,do-ña,0.64,0.9,GAS-ta,9,9,1.586,1.46,
P04_L1_13b,P04,1,13,b,past,gastó,0.52,0.89,2,2,1,1,2,2,do-ña,0.78,0.89,gas-TÓ,9,9,1.498,1.498,
P04_L1_14a,P04,1,14,a,present,salta,0.64,1.06,2,2,1,1,2,2,pe-rra,0.64,0.92,SAL-ta,8,8,1.742,1.61,
P04_L1_14b,P04,1,14,b,past,saltó,0.79,1.28,2,2,1,1,2,2,pe-rra,1.11,1.28,sal-TÓ,8,8,2.109,1.86,
P04_L1_15a,P04,1,15,a,present,corta,0.95,1.33,2,2,1,1,2,2,cú-ter,0.95,1.2,COR-ta,9,9,1.948,1.75,
P04_L1_15b,P04,1,15,b,past,cortó,0.8,1.19,2,2,1,1,2,2,cú-ter,1.05,1.19,cor-TÓ,9,9,1.99,1.83,
P04_L1_16a,P04,1,16,a,present,busca,0.59,1.0,2,2,1,1,2,2,ni-ña,0.59,0.83,BUS-ca,8,8,1.495,1.4,
P04_L1_16b,P04,1,16,b,past,buscó,0.64,1.11,2,2,1,1,2,2,ni-ña,0.96,1.11,bus-CÓ,8,8,1.676,1.63,
P04_L1_17a,P04,1,17,a,present,limpia,0.78,1.2,2,2,1,1,2,2,ma-dre,0.78,1.01,LIM-pia,8,8,1.827,1.69,
P04_L1_17b,P04,1,17,b,past,limpió,0.57,0.97,2,2,1,1,2,2,ma-dre,0.78,0.97,lim-PIÓ,8,8,1.6,1.56,
P04_L1_18a,P04,1,18,a,present,planta,0.7,1.11,2,2,1,1,2,2,hi-ja,0.7,0.97,PLAN-ta,7,7,1.646,1.38,
P04_L1_18b,P04,1,18,b,past,plantó,0.52,0.97,2,2,1,1,2,2,hi-ja,0.82,0.97,plan-TÓ,7,7,1.678,1.56,
P04_L1_19a,P04,1,19,a,present,filtra,0.76,1.34,2,2,1,1,2,2,ter-mo,0.76,1.17,FIL-tra,7,7,1.911,1.7,
P04_L1_19b,P04,1,19,b,past,filtró,0.57,1.24,2,2,1,1,2,2,ter-mo,0.91,1.24,fil-TRÓ,7,7,1.8,1.72,
P04_L1_20a,P04,1,20,a,present,monta,0.61,1.02,2,2,1,1,2,2,tí-a,0.61,0.88,MON-ta,8,8,1.477,1.367,
P04_L1_20b,P04,1,20,b,past,montó,0.49,0.9,2,2,1,1,2,2,tí-a,0.76,0.9,mon-TÓ,8,8,1.463,1.39,
P04_L1_21a,P04,1,21,a,present,canta,0.73,1.09,2,2,1,1,2,2,nie-ta,0.73,0.95,CAN-ta,8,8,1.632,1.532,
P04_L1_21b,P04,1,21,b,past,cantó,0.6,0.93,2,2,1,1,2,2,nie-ta,0.83,0.93,can-TÓ,8,8,1.435,1.435,
P04_L1_22a,P04,1,22,a,present,junta,0.69,1.18,2,2,1,1,2,2,du-que,0.69,1.04,JUN-ta,8,8,1.843,1.75,
P04_L1_22b,P04,1,22,b,past,juntó,0.49,0.92,2,2,1,1,2,2,du-que,0.78,0.92,jun-TÓ,8,8,1.421,1.28,
P04_L1_23a,P04,1,23,a,present,marca,0.59,1.04,2,2,1,1,2,2,pe-rro,0.59,0.88,MAR-ca,10,10,2.068,1.96,
P04_L1_23b,P04,1,23,b,past,marcó,0.56,0.93,2,2,1,1,2,2,pe-rro,0.81,0.93,mar-CÓ,10,10,1.942,1.82,
P04_L1_24a,P04,1,24,a,present,mezcla,0.64,1.29,2,2,1,1,2,2,lo-bo,0.64,1.03,MEZ-cla,8,8,1.956,1.9,
P04_L1_24b,P04,1,24,b,past,mezcló,0.55,1.04,2,2,1,1,2,2,lo-bo,0.77,1.04,mez-CLÓ,8,8,1.73,1.66,
P04_L1_25a,P04,1,25,a,present,sopla,0.69,1.2,2,2,1,1,2,2,ne-ne,0.69,0.98,SO-pla,8,8,1.984,1.72,
P04_L1_25b,P04,1,25,b,past,sopló,0.63,1.05,2,2,1,1,2,2,ne-ne,0.88,1.05,so-PLÓ,8,8,1.884,1.53,
P04_L1_26a,P04,1,26,a,present,culpa,0.73,1.4,2,2,1,1,2,2,da-ma,0.73,1.06,CUL-pa,9,9,2.419,2.39,
P04_L1_26b,P04,1,26,b,past,culpó,0.63,0.98,2,2,1,1,2,2,da-ma,0.83,0.98,cul-PÓ,9,9,1.97,1.82,
P04_L1_27a,P04,1,27,a,present,mancha,1.14,1.77,2,2,1,1,2,2,lo-do,1.14,1.43,MAN-cha,9,9,2.983,2.843,
P04_L1_27b,P04,1,27,b,past,manchó,0.38,0.73,2,2,1,1,2,2,lo-do,0.6,0.73,man-CHÓ,9,9,1.59,1.59,
P04_L1_28a,P04,1,28,a,present,gasta,0.75,1.42,2,2,1,1,2,2,chi-co,0.75,1.15,GAS-ta,8,8,2.729,2.7,
P04_L1_28b,P04,1,28,b,past,gastó,0.71,1.13,2,2,1,1,2,2,chi-co,0.99,1.13,gas-TÓ,8,8,1.942,1.67,
P04_L1_29a,P04,1,29,a,present,salta,0.8,1.27,2,2,1,1,2,2,so-cio,0.8,1.1,SAL-ta,8,8,1.857,1.83,
P04_L1_29b,P04,1,29,b,past,saltó,0.68,1.12,2,2,1,1,2,2,so-cio,0.99,1.12,sal-TÓ,8,8,1.843,1.75,
P04_L1_30a,P04,1,30,a,present,corta,0.54,0.95,2,2,1,1,2,2,ne-na,0.54,0.76,COR-ta,10,10,1.979,1.81,
P04_L1_30b,P04,1,30,b,past,cortó,0.44,0.87,2,2,1,1,2,2,ne-na,0.68,0.87,cor-TÓ,10,10,1.828,1.67,
P04_L1_31a,P04,1,31,a,present,busca,0.69,1.09,2,2,1,1,2,2,mó-vil,0.69,0.94,BUS-ca,8,8,1.732,1.7,
P04_L1_31b,P04,1,31,b,past,buscó,0.67,1.1,2,2,1,1,2,2,mó-vil,0.95,1.1,bus-CÓ,8,8,1.937,1.76,
P04_L1_32a,P04,1,32,a,present,limpia,0.78,1.17,2,2,1,1,2,2,co-che,0.78,1.01,LIM-pia,8,8,1.751,1.61,
P04_L1_32b,P04,1,32,b,past,limpió,0.5,0.88,2,2,1,1,2,2,co-che,0.69,0.88,lim-PIÓ,8,8,1.441,1.39,
P04_L1_33a,P04,1,33,a,present,planta,0.82,1.43,2,2,1,1,2,2,rei-na,0.82,1.19,PLAN-ta,8,8,2.226,1.95,
P04_L1_33b,P04,1,33,b,past,plantó,0.84,1.27,2,2,1,1,2,2,rei-na,1.12,1.27,plan-TÓ,8,8,1.989,1.79,
P04_L1_34a,P04,1,34,a,present,filtra,0.84,1.37,2,2,1,1,2,2,ja-rra,0.84,1.23,FIL-tra,8,8,2.043,1.82,
P04_L1_34b,P04,1,34,b,past,filtró,0.64,1.19,2,2,1,1,2,2,ja-rra,1.05,1.19,fil-TRÓ,8,8,2.007,1.8,
P04_L1_35a,P04,1,35,a,present,monta,0.76,1.09,2,2,1,1,2,2,mon-je,0.76,0.99,MON-ta,10,10,2.177,1.78,
P04_L1_35b,P04,1,35,b,past,montó,0.85,1.2,2,2,1,1,2,2,mon-je,1.06,1.2,mon-TÓ,10,10,2.098,1.89,
P04_L1_36a,P04,1,36,a,present,canta,0.71,1.14,2,2,1,1,2,2,lo-ro,0.71,0.97,CAN-ta,10,10,2.043,1.91,
P04_L1_36b,P04,1,36,b,past,cantó,0.63,0.99,2,2,1,1,2,2,lo-ro,0.86,0.99,can-TÓ,10,10,1.879,1.72,
P04_L1_37a,P04,1,37,a,present,junta,0.84,1.22,2,2,1,1,2,2,cla-vo,0.84,1.09,JUN-ta,9,9,2.116,1.82,
P04_L1_37b,P04,1,37,b,past,juntó,0.6,1.04,2,2,1,1,2,2,cla-vo,0.9,1.04,jun-TÓ,9,9,1.751,1.56,
P04_L1_38a,P04,1,38,a,present,marca,0.88,1.26,2,2,1,1,2,2,sas-tre,0.88,1.14,MAR-ca,8,8,2.007,1.75,
P04_L1_38b,P04,1,38,b,past,marcó,0.86,1.36,2,2,1,1,2,2,sas-tre,1.19,1.36,mar-CÓ,8,8,2.062,1.86,
P04_L1_39a,P04,1,39,a,present,mezcla,0.77,1.44,2,2,1,1,2,2,bro-cha,0.77,1.02,MEZ-cla,9,9,2.335,2.22,
P04_L1_39b,P04,1,39,b,past,mezcló,0.64,1.16,2,2,1,1,2,2,bro-cha,0.88,1.16,mez-CLÓ,9,9,1.934,1.77,
P04_L1_40a,P04,1,40,a,present,sopla,1.07,1.64,2,2,1,1,2,2,sue-gra,1.07,1.34,SO-pla,8,8,2.499,2.15,
P04_L1_40b,P04,1,40,b,past,sopló,0.78,1.2,2,2,1,1,2,2,sue-gra,1.02,1.2,so-PLÓ,8,8,1.989,1.73,
P04_L1_41a,P04,1,41,a,present,culpa,0.73,1.21,2,2,1,1,2,2,con-de,0.73,0.94,CUL-pa,8,8,1.843,1.66,
P04_L1_41b,P04,1,41,b,past,culpó,0.75,1.26,2,2,1,1,2,2,con-de,1.06,1.26,cul-PÓ,8,8,2.116,1.63,
P04_L1_42a,P04,1,42,a,present,mancha,0.79,1.23,2,2,1,1,2,2,zu-mo,0.79,1.03,MAN-cha,10,10,2.262,1.99,
P04_L1_42b,P04,1,42,b,past,manchó,1.42,1.86,2,2,1,1,2,2,zu-mo,1.66,1.86,man-CHÓ,10,10,3.01,1.96,"duration_gap(audio 3.01s,aligned 1.96s)"
P04_L1_43a,P04,1,43,a,present,gasta,0.83,1.25,2,2,1,1,2,2,jue-za,0.83,1.11,GAS-ta,8,8,1.824,1.62,
P04_L1_43b,P04,1,43,b,past,gastó,0.67,1.03,2,2,1,1,2,2,jue-za,0.94,1.03,gas-TÓ,8,8,1.946,1.56,
P04_L1_44a,P04,1,44,a,present,salta,0.81,1.24,2,2,1,1,2,2,ra-na,0.81,1.11,SAL-ta,8,8,2.025,1.77,
P04_L1_44b,P04,1,44,b,past,saltó,0.55,0.98,2,2,1,1,2,2,ra-na,0.85,0.98,sal-TÓ,8,8,1.668,1.55,
P04_L1_45a,P04,1,45,a,present,corta,0.85,1.26,2,2,1,1,2,2,lá-ser,0.85,1.12,COR-ta,9,9,2.096,1.84,
P04_L1_45b,P04,1,45,b,past,cortó,0.69,1.18,2,2,1,1,2,2,lá-ser,0.93,1.18,cor-TÓ,9,9,1.803,1.72,
P04_L1_46a,P04,1,46,a,present,busca,0.76,1.19,2,2,1,1,2,2,pa-dre,0.76,1.03,BUS-ca,8,8,1.874,1.7,
P04_L1_46b,P04,1,46,b,past,buscó,0.51,0.93,2,2,1,1,2,2,pa-dre,0.78,0.93,bus-CÓ,8,8,1.533,1.42,
P04_L1_47a,P04,1,47,a,present,limpia,0.65,1.02,2,2,1,1,2,2,llu-via,0.65,0.84,LIM-pia,8,8,1.954,1.58,
P04_L1_47b,P04,1,47,b,past,limpió,0.64,1.05,2,2,1,1,2,2,llu-via,0.85,1.05,lim-PIÓ,8,8,2.144,1.69,
P04_L1_48a,P04,1,48,a,present,planta,0.87,1.31,2,2,1,1,2,2,lí-der,0.87,1.18,PLAN-ta,9,9,2.126,1.93,
P04_L1_48b,P04,1,48,b,past,plantó,0.65,1.08,2,2,1,1,2,2,lí-der,0.95,1.08,plan-TÓ,9,9,1.95,1.73,
P04_L1_49a,P04,1,49,a,present,filtra,0.46,1.04,2,2,1,1,2,2,te-la,0.46,0.89,FIL-tra,8,8,1.702,1.57,
P04_L1_49b,P04,1,49,b,past,filtró,0.58,1.03,2,2,1,1,2,2,te-la,0.93,1.03,fil-TRÓ,8,8,2.005,1.55,
P04_L1_50a,P04,1,50,a,present,monta,0.64,1.09,2,2,1,1,2,2,due-ña,0.64,0.95,MON-ta,8,8,1.783,1.75,
P04_L1_50b,P04,1,50,b,past,montó,0.79,1.22,2,2,1,1,2,2,due-ña,1.09,1.22,mon-TÓ,8,8,2.021,1.79,
P04_L1_51a,P04,1,51,a,present,canta,0.68,1.07,2,2,1,1,2,2,gor-da,0.68,0.91,CAN-ta,9,9,1.828,1.65,
P04_L1_51b,P04,1,51,b,past,cantó,0.76,1.15,2,2,1,1,2,2,gor-da,1.01,1.15,can-TÓ,9,9,1.953,1.79,
P04_L1_52a,P04,1,52,a,present,junta,0.69,1.11,2,2,1,1,2,2,pri-mo,0.69,0.96,JUN-ta,8,8,1.853,1.7,
P04_L1_52b,P04,1,52,b,past,juntó,0.6,0.98,2,2,1,1,2,2,pri-mo,0.87,0.98,jun-TÓ,8,8,1.778,1.56,
P04_L1_53a,P04,1,53,a,present,marca,0.66,1.08,2,2,1,1,2,2,hom-bre,0.66,0.93,MAR-ca,8,8,1.853,1.67,
P04_L1_53b,P04,1,53,b,past,marcó,0.63,1.04,2,2,1,1,2,2,hom-bre,0.89,1.04,mar-CÓ,8,8,1.903,1.71,
P04_L1_54a,P04,1,54,a,present,mezcla,0.67,1.36,2,2,1,1,2,2,la-go,0.67,0.95,MEZ-cla,8,8,2.053,1.89,
P04_L1_54b,P04,1,54,b,past,mezcló,0.69,1.2,2,2,1,1,2,2,la-go,0.93,1.2,mez-CLÓ,8,8,2.028,1.82,
P04_L1_55a,P04,1,55,a,present,sopla,0.76,1.36,2,2,1,1,2,2,chi-ca,0.76,1.06,SO-pla,8,8,2.353,1.83,
P04_L1_55b,P04,1,55,b,past,sopló,0.68,1.06,2,2,1,1,2,2,chi-ca,0.92,1.06,so-PLÓ,8,8,1.878,1.55,
P04_L1_56a,P04,1,56,a,present,culpa,0.64,1.1,2,2,1,1,2,2,a-ma,0.64,0.88,CUL-pa,9,9,1.953,1.89,
P04_L1_56b,P04,1,56,b,past,culpó,0.69,1.09,2,2,1,1,2,2,a-ma,0.89,1.09,cul-PÓ,9,9,1.712,1.59,
P04_L1_57a,P04,1,57,a,present,mancha,0.72,1.14,2,2,1,1,2,2,vi-no,0.72,0.95,MAN-cha,8,8,1.753,1.56,
P04_L1_57b,P04,1,57,b,past,manchó,0.62,1.02,2,2,1,1,2,2,vi-no,0.84,1.02,man-CHÓ,8,8,1.728,1.51,
P04_L1_58a,P04,1,58,a,present,gasta,0.7,1.07,2,2,1,1,2,2,ca-rro,0.7,0.93,GAS-ta,10,10,1.928,1.8,
P04_L1_58b,P04,1,58,b,past,gastó,0.59,1.01,2,2,1,1,2,2,ca-rro,0.87,1.01,gas-TÓ,10,10,2.702,1.84,"duration_gap(audio 2.70s,aligned 1.84s)"
P04_L1_59a,P04,1,59,a,present,salta,0.7,1.19,2,2,1,1,2,2,ni-ño,0.7,1.03,SAL-ta,8,8,2.167,1.84,
P04_L1_59b,P04,1,59,b,past,saltó,0.54,0.93,2,2,1,1,2,2,ni-ño,0.8,0.93,sal-TÓ,8,8,2.13,1.65,
P04_L1_60a,P04,1,60,a,present,corta,0.67,1.06,2,2,1,1,2,2,ra-ta,0.67,0.87,COR-ta,8,8,2.076,1.65,
P04_L1_60b,P04,1,60,b,past,cortó,0.79,1.18,2,2,1,1,2,2,ra-ta,1.01,1.18,cor-TÓ,8,8,2.329,1.76,
P04_L1_61a,P04,1,61,a,present,busca,0.79,1.21,2,2,1,1,2,2,va-ca,0.79,1.04,BUS-ca,8,8,2.143,1.5,"duration_gap(audio 2.14s,aligned 1.50s)"
P04_L1_61b,P04,1,61,b,past,buscó,0.67,1.08,2,2,1,1,2,2,va-ca,0.92,1.08,bus-CÓ,8,8,1.73,1.58,
P04_L1_62a,P04,1,62,a,present,limpia,0.59,0.98,2,2,1,1,2,2,pri-ma,0.59,0.8,LIM-pia,8,8,1.513,1.42,
P04_L1_62b,P04,1,62,b,past,limpió,0.48,0.96,2,2,1,1,2,2,pri-ma,0.71,0.96,lim-PIÓ,8,8,2.083,1.39,"duration_gap(audio 2.08s,aligned 1.39s)"
P04_L1_63a,P04,1,63,a,present,planta,0.91,1.28,2,2,1,1,2,2,vie-ja,0.91,1.16,PLAN-ta,8,8,2.337,1.85,
P04_L1_63b,P04,1,63,b,past,plantó,0.89,1.31,2,2,1,1,2,2,vie-ja,1.19,1.31,plan-TÓ,8,8,2.159,1.99,
P04_L1_64a,P04,1,64,a,present,filtra,0.89,1.44,2,2,1,1,2,2,fil-tro,0.89,1.29,FIL-tra,8,8,2.047,1.94,
P04_L1_64b,P04,1,64,b,past,filtró,0.93,1.47,2,2,1,1,2,2,fil-tro,1.33,1.47,fil-TRÓ,8,8,2.27,1.91,
P04_L1_65a,P04,1,65,a,present,monta,0.93,1.4,2,2,1,1,2,2,je-fa,0.93,1.22,MON-ta,10,10,2.387,1.99,
P04_L1_65b,P04,1,65,b,past,montó,0.48,0.83,2,2,1,1,2,2,je-fa,0.7,0.83,mon-TÓ,10,10,2.302,1.99,
P04_L1_66a,P04,1,66,a,present,canta,1.03,1.44,2,2,1,1,2,2,gua-pa,1.03,1.28,CAN-ta,8,8,2.002,1.69,
P04_L1_66b,P04,1,66,b,past,cantó,0.61,1.03,2,2,1,1,2,2,gua-pa,0.87,1.03,can-TÓ,8,8,1.748,1.57,
P04_L1_67a,P04,1,67,a,present,junta,0.6,1.12,2,2,1,1,2,2,nue-ra,0.6,0.97,JUN-ta,8,8,1.918,1.858,
P04_L1_67b,P04,1,67,b,past,juntó,0.78,1.28,2,2,1,1,2,2,nue-ra,1.1,1.28,jun-TÓ,8,8,1.94,1.68,
P04_L1_68a,P04,1,68,a,present,marca,0.87,1.24,2,2,1,1,2,2,gra-sa,0.87,1.1,MAR-ca,8,8,1.828,1.57,
P04_L1_68b,P04,1,68,b,past,marcó,0.65,1.06,2,2,1,1,2,2,gra-sa,0.93,1.06,mar-CÓ,8,8,1.612,1.58,
P04_L1_69a,P04,1,69,a,present,mezcla,0.9,1.36,2,2,1,1,2,2,fla-ca,0.9,1.16,MEZ-cla,8,8,1.885,1.565,
P04_L1_69b,P04,1,69,b,past,mezcló,0.62,1.17,2,2,1,1,2,2,fla-ca,0.89,1.17,mez-CLÓ,8,8,1.996,1.72,
P04_L1_70a,P04,1,70,a,present,sopla,1.06,1.65,2,2,1,1,2,2,hués-ped,1.06,1.34,SO-pla,8,8,2.465,1.97,
P04_L1_70b,P04,1,70,b,past,sopló,0.84,1.24,2,2,1,1,2,2,hués-ped,1.09,1.24,so-PLÓ,8,8,1.956,1.74,
P04_L1_71a,P04,1,71,a,present,culpa,0.76,1.2,2,2,1,1,2,2,cón-sul,0.76,0.96,CUL-pa,8,8,2.159,2.05,
P04_L1_71b,P04,1,71,b,past,culpó,0.89,1.28,2,2,1,1,2,2,cón-sul,1.14,1.28,cul-PÓ,8,8,1.915,1.835,
P04_L1_72a,P04,1,72,a,present,mancha,0.85,1.37,2,2,1,1,2,2,rue-da,0.85,1.11,MAN-cha,9,9,1.833,1.613,
P04_L1_72b,P04,1,72,b,past,manchó,0.59,1.05,2,2,1,1,2,2,rue-da,0.86,1.05,man-CHÓ,9,9,1.854,1.67,
P04_L1_73a,P04,1,73,a,present,gasta,1.09,1.54,2,2,1,1,2,2,ri-ca,1.09,1.42,GAS-ta,9,9,2.312,1.88,
P04_L1_73b,P04,1,73,b,past,gastó,0.58,1.06,2,2,1,1,2,2,ri-ca,0.91,1.06,gas-TÓ,9,9,2.157,1.81,
P04_L1_74a,P04,1,74,a,present,salta,0.64,1.15,2,2,1,1,2,2,ca-bra,0.64,0.98,SAL-ta,8,8,1.793,1.72,
P04_L1_74b,P04,1,74,b,past,saltó,0.75,1.18,2,2,1,1,2,2,ca-bra,1.01,1.18,sal-TÓ,8,8,2.167,1.34,"duration_gap(audio 2.17s,aligned 1.34s)"
P04_L1_75a,P04,1,75,a,present,corta,0.88,1.27,2,2,1,1,2,2,mo-zo,0.88,1.09,COR-ta,8,8,1.889,1.61,
P04_L1_75b,P04,1,75,b,past,cortó,0.63,1.0,2,2,1,1,2,2,mo-zo,0.84,1.0,cor-TÓ,8,8,1.83,1.67,
P04_L1_76a,P04,1,76,a,present,busca,0.82,1.2,2,2,1,1,2,2,ru-bia,0.82,1.05,BUS-ca,9,9,1.775,1.45,
P04_L1_76b,P04,1,76,b,past,buscó,0.62,1.02,2,2,1,1,2,2,ru-bia,0.88,1.02,bus-CÓ,9,9,1.852,1.55,
P04_L1_77a,P04,1,77,a,present,limpia,0.86,1.24,2,2,1,1,2,2,tra-po,0.86,1.08,LIM-pia,9,9,1.932,1.652,
P04_L1_77b,P04,1,77,b,past,limpió,0.63,1.01,2,2,1,1,2,2,tra-po,0.84,1.01,lim-PIÓ,9,9,1.99,1.71,
P04_L1_78a,P04,1,78,a,present,planta,0.72,1.1,2,2,1,1,2,2,cu-ra,0.72,0.99,PLAN-ta,9,9,1.927,1.74,
P04_L1_78b,P04,1,78,b,past,plantó,0.64,1.09,2,2,1,1,2,2,cu-ra,0.97,1.09,plan-TÓ,9,9,1.856,1.74,
P04_L1_79a,P04,1,79,a,present,filtra,0.68,1.16,2,2,1,1,2,2,ma-lla,0.68,1.02,FIL-tra,9,9,1.796,1.6,
P04_L1_79b,P04,1,79,b,past,filtró,0.49,1.01,2,2,1,1,2,2,ma-lla,0.88,1.01,fil-TRÓ,9,9,1.739,1.69,
P04_L1_80a,P04,1,80,a,present,monta,0.73,1.17,2,2,1,1,2,2,nie-to,0.73,1.0,MON-ta,11,11,2.161,2.09,
P04_L1_80b,P04,1,80,b,past,montó,0.61,1.04,2,2,1,1,2,2,nie-to,0.9,1.04,mon-TÓ,11,11,2.179,1.89,
P04_L1_81a,P04,1,81,a,present,canta,0.76,1.19,2,2,1,1,2,2,vie-jo,0.76,1.0,CAN-ta,9,9,1.921,1.68,
P04_L1_81b,P04,1,81,b,past,cantó,0.62,0.94,2,2,1,1,2,2,vie-jo,0.85,0.94,can-TÓ,9,9,1.606,1.4,
P04_L1_82a,P04,1,82,a,present,junta,0.69,1.13,2,2,1,1,2,2,ga-ta,0.69,0.99,JUN-ta,9,9,1.906,1.66,
P04_L1_82b,P04,1,82,b,past,juntó,0.59,0.99,2,2,1,1,2,2,ga-ta,0.86,0.99,jun-TÓ,9,9,1.846,1.55,
P04_L1_83a,P04,1,83,a,present,marca,0.54,1.08,2,2,1,1,2,2,bi-ci,0.54,0.87,MAR-ca,8,8,1.872,1.49,
P04_L1_83b,P04,1,83,b,past,marcó,0.55,0.93,2,2,1,1,2,2,bi-ci,0.81,0.93,mar-CÓ,8,8,1.741,1.32,
P04_L1_84a,P04,1,84,a,present,mezcla,0.73,1.24,2,2,1,1,2,2,pre-sa,0.73,1.0,MEZ-cla,9,9,1.949,1.76,
P04_L1_84b,P04,1,84,b,past,mezcló,0.73,1.16,2,2,1,1,2,2,pre-sa,0.93,1.16,mez-CLÓ,9,9,1.957,1.84,
P04_L1_85a,P04,1,85,a,present,sopla,0.76,1.14,2,2,1,1,2,2,mon-ja,0.76,0.99,SO-pla,8,8,1.749,1.6,
P04_L1_85b,P04,1,85,b,past,sopló,0.61,0.98,2,2,1,1,2,2,mon-ja,0.81,0.98,so-PLÓ,8,8,1.632,1.43,
P04_L1_86a,P04,1,86,a,present,culpa,0.74,1.14,2,2,1,1,2,2,no-via,0.74,0.96,CUL-pa,8,8,1.735,1.49,
P04_L1_86b,P04,1,86,b,past,culpó,0.59,1.05,2,2,1,1,2,2,no-via,0.81,1.05,cul-PÓ,8,8,1.874,1.52,
P04_L1_87a,P04,1,87,a,present,mancha,0.74,1.21,2,2,1,1,2,2,san-gre,0.74,0.99,MAN-cha,8,8,1.755,1.67,
P04_L1_87b,P04,1,87,b,past,manchó,0.64,1.03,2,2,1,1,2,2,san-gre,0.86,1.03,man-CHÓ,8,8,1.923,1.64,
P04_L1_88a,P04,1,88,a,present,gasta,0.79,1.15,2,2,1,1,2,2,no-vio,0.79,1.04,GAS-ta,8,8,1.704,1.564,
P04_L1_88b,P04,1,88,b,past,gastó,0.57,0.9,2,2,1,1,2,2,no-vio,0.8,0.9,gas-TÓ,8,8,1.685,1.685,
P04_L1_89a,P04,1,89,a,present,salta,0.83,1.25,2,2,1,1,2,2,ma-go,0.83,1.12,SAL-ta,10,10,2.1,1.79,
P04_L1_89b,P04,1,89,b,past,saltó,0.82,1.21,2,2,1,1,2,2,ma-go,1.09,1.21,sal-TÓ,10,10,2.098,1.73,
P04_L1_90a,P04,1,90,a,present,corta,0.8,1.16,2,2,1,1,2,2,mu-la,0.8,0.99,COR-ta,8,8,1.761,1.31,"duration_gap(audio 1.76s,aligned 1.31s)"
P04_L1_90b,P04,1,90,b,past,cortó,0.53,0.89,2,2,1,1,2,2,mu-la,0.73,0.89,cor-TÓ,8,8,1.386,1.24,
P04_L2_01a,P04,2,1,a,present,busca,0.66,1.04,2,2,1,1,2,2,due-ño,0.66,0.88,BUS-ca,8,8,1.677,1.59,
P04_L2_01b,P04,2,1,b,past,buscó,0.82,1.19,2,2,1,1,2,2,due-ño,1.04,1.19,bus-CÓ,8,8,1.819,1.61,
P04_L2_02a,P04,2,2,a,present,limpia,0.81,1.19,2,2,1,1,2,2,clo-ro,0.81,1.03,LIM-pia,8,8,1.715,1.625,
P04_L2_02b,P04,2,2,b,past,limpió,0.98,1.41,2,2,1,1,2,2,clo-ro,1.23,1.41,lim-PIÓ,8,8,2.118,1.89,
P04_L2_03a,P04,2,3,a,present,planta,0.61,1.0,2,2,1,1,2,2,hi-jo,0.61,0.88,PLAN-ta,8,8,1.736,1.47,
P04_L2_03b,P04,2,3,b,past,plantó,0.56,1.05,2,2,1,1,2,2,hi-jo,0.86,1.05,plan-TÓ,8,8,1.767,1.69,
P04_L2_04a,P04,2,4,a,present,filtra,0.78,1.35,2,2,1,1,2,2,gri-fo,0.78,1.19,FIL-tra,8,8,2.054,1.8,
P04_L2_04b,P04,2,4,b,past,filtró,0.82,1.43,2,2,1,1,2,2,gri-fo,1.28,1.43,fil-TRÓ,8,8,2.012,1.89,
P04_L2_05a,P04,2,5,a,present,monta,1.08,1.5,2,2,1,1,2,2,tí-o,1.08,1.36,MON-ta,9,10,2.245,1.67,"total_syllable_count_mismatch(got 9,exp 10);duration_gap(audio 2.24s,aligned 1.67s)"
P04_L2_05b,P04,2,5,b,past,montó,0.72,1.14,2,2,1,1,2,2,tí-o,0.97,1.14,mon-TÓ,9,10,1.863,1.68,"total_syllable_count_mismatch(got 9,exp 10)"
P04_L2_06a,P04,2,6,a,present,canta,0.84,1.24,2,2,1,1,2,2,a-ve,0.84,1.1,CAN-ta,8,8,2.033,1.803,
P04_L2_06b,P04,2,6,b,past,cantó,0.72,1.22,2,2,1,1,2,2,a-ve,1.05,1.22,can-TÓ,8,8,2.139,1.83,
P04_L2_07a,P04,2,7,a,present,junta,0.82,1.26,2,2,1,1,2,2,jo-ven,0.82,1.11,JUN-ta,9,9,2.075,1.83,
P04_L2_07b,P04,2,7,b,past,juntó,0.79,1.29,2,2,1,1,2,2,jo-ven,1.13,1.29,jun-TÓ,9,9,2.139,1.89,
P04_L2_08a,P04,2,8,a,present,marca,0.85,1.3,2,2,1,1,2,2,o-sa,0.85,1.14,MAR-ca,8,8,2.033,1.72,
P04_L2_08b,P04,2,8,b,past,marcó,0.88,1.32,2,2,1,1,2,2,o-sa,1.16,1.32,mar-CÓ,8,8,2.202,1.81,
P04_L2_09a,P04,2,9,a,present,mezcla,0.59,1.19,2,2,1,1,2,2,rí-o,0.59,0.89,MEZ-cla,9,9,1.906,1.66,
P04_L2_09b,P04,2,9,b,past,mezcló,0.91,1.57,2,2,1,1,2,2,rí-o,1.18,1.57,mez-CLÓ,9,9,2.266,1.74,
P04_L2_10a,P04,2,10,a,present,sopla,0.86,1.31,2,2,1,1,2,2,sue-gro,0.86,1.1,SO-pla,8,8,2.012,1.76,
P04_L2_10b,P04,2,10,b,past,sopló,0.88,1.4,2,2,1,1,2,2,sue-gro,1.13,1.4,so-PLÓ,8,8,2.181,1.87,
P04_L2_11a,P04,2,11,a,present,culpa,0.77,1.16,2,2,1,1,2,2,yer-no,0.77,0.98,CUL-pa,8,8,1.694,1.594,
P04_L2_11b,P04,2,11,b,past,culpó,0.78,1.17,2,2,1,1,2,2,yer-no,1.0,1.17,cul-PÓ,8,8,1.8,1.72,
P04_L2_12a,P04,2,12,a,present,mancha,0.72,1.2,2,2,1,1,2,2,tin-ta,0.72,0.95,MAN-cha,9,9,1.863,1.61,
P04_L2_12b,P04,2,12,b,past,manchó,0.82,1.3,2,2,1,1,2,2,tin-ta,1.07,1.3,man-CHÓ,9,9,2.075,1.92,
P04_L2_13a,P04,2,13,a,present,gasta,0.79,1.16,2,2,1,1,2,2,do-ña,0.79,1.02,GAS-ta,9,9,1.758,1.48,
P04_L2_13b,P04,2,13,b,past,gastó,0.71,1.08,2,2,1,1,2,2,do-ña,0.95,1.08,gas-TÓ,9,9,1.609,1.43,
P04_L2_14a,P04,2,14,a,present,salta,0.65,1.12,2,2,1,1,2,2,pe-rra,0.65,0.94,SAL-ta,8,8,2.245,1.77,
P04_L2_14b,P04,2,14,b,past,saltó,0.82,1.29,2,2,1,1,2,2,pe-rra,1.13,1.29,sal-TÓ,8,8,2.075,1.82,
P04_L2_15a,P04,2,15,a,present,corta,0.79,1.13,2,2,1,1,2,2,cú-ter,0.79,0.97,COR-ta,9,9,1.779,1.63,
P04_L2_15b,P04,2,15,b,past,cortó,0.76,1.17,2,2,1,1,2,2,cú-ter,0.98,1.17,cor-TÓ,9,9,1.948,1.84,
P04_L2_16a,P04,2,16,a,present,busca,0.53,0.95,2,2,1,1,2,2,ni-ña,0.53,0.75,BUS-ca,8,8,1.525,1.29,
P04_L2_16b,P04,2,16,b,past,buscó,0.6,1.04,2,2,1,1,2,2,ni-ña,0.89,1.04,bus-CÓ,8,8,1.969,1.57,
P04_L2_17a,P04,2,17,a,present,limpia,0.67,1.08,2,2,1,1,2,2,ma-dre,0.67,0.89,LIM-pia,8,8,1.694,1.53,
P04_L2_17b,P04,2,17,b,past,limpió,0.76,1.13,2,2,1,1,2,2,ma-dre,0.96,1.13,lim-PIÓ,8,8,1.821,1.67,
P04_L2_18a,P04,2,18,a,present,planta,0.72,1.14,2,2,1,1,2,2,hi-ja,0.72,1.02,PLAN-ta,7,7,1.715,1.25,"duration_gap(audio 1.72s,aligned 1.25s)"
P04_L2_18b,P04,2,18,b,past,plantó,0.72,1.15,2,2,1,1,2,2,hi-ja,0.98,1.15,plan-TÓ,7,7,1.8,1.54,
P04_L2_19a,P04,2,19,a,present,filtra,0.64,1.2,2,2,1,1,2,2,ter-mo,0.64,1.06,FIL-tra,7,7,1.821,1.58,
P04_L2_19b,P04,2,19,b,past,filtró,0.66,1.22,2,2,1,1,2,2,ter-mo,1.07,1.22,fil-TRÓ,7,7,1.948,1.59,
P04_L2_20a,P04,2,20,a,present,monta,0.54,0.95,2,2,1,1,2,2,tí-a,0.54,0.78,MON-ta,8,8,1.546,1.51,
P04_L2_20b,P04,2,20,b,past,montó,0.65,1.06,2,2,1,1,2,2,tí-a,0.9,1.06,mon-TÓ,8,8,1.869,1.55,
P04_L2_21a,P04,2,21,a,present,canta,0.49,0.87,2,2,1,1,2,2,nie-ta,0.49,0.74,CAN-ta,8,8,1.376,1.3,
P04_L2_21b,P04,2,21,b,past,cantó,0.81,1.19,2,2,1,1,2,2,nie-ta,1.06,1.19,can-TÓ,8,8,1.906,1.42,"duration_gap(audio 1.91s,aligned 1.42s)"
P04_L2_22a,P04,2,22,a,present,junta,0.81,1.25,2,2,1,1,2,2,du-que,0.81,1.1,JUN-ta,8,8,2.012,1.82,
P04_L2_22b,P04,2,22,b,past,juntó,0.7,1.15,2,2,1,1,2,2,du-que,0.97,1.15,jun-TÓ,8,8,1.863,1.65,
P04_L2_23a,P04,2,23,a,present,marca,0.81,1.19,2,2,1,1,2,2,pe-rro,0.81,1.07,MAR-ca,10,10,2.308,1.8,
P04_L2_23b,P04,2,23,b,past,marcó,0.93,1.34,2,2,1,1,2,2,pe-rro,1.22,1.34,mar-CÓ,10,10,2.562,1.96,
P04_L2_24a,P04,2,24,a,present,mezcla,0.48,1.05,2,2,1,1,2,2,lo-bo,0.48,0.73,MEZ-cla,8,8,1.746,1.6,
P04_L2_24b,P04,2,24,b,past,mezcló,0.98,1.48,2,2,1,1,2,2,lo-bo,1.2,1.48,mez-CLÓ,8,8,2.266,1.74,
P04_L2_25a,P04,2,25,a,present,sopla,0.49,0.9,2,2,1,1,2,2,ne-ne,0.49,0.72,SO-pla,8,8,1.54,1.45,
P04_L2_25b,P04,2,25,b,past,sopló,0.68,1.06,2,2,1,1,2,2,ne-ne,0.91,1.06,so-PLÓ,8,8,1.842,1.51,
P04_L2_26a,P04,2,26,a,present,culpa,0.73,1.09,2,2,1,1,2,2,da-ma,0.73,0.88,CUL-pa,9,9,2.029,1.87,
P04_L2_26b,P04,2,26,b,past,culpó,0.73,1.18,2,2,1,1,2,2,da-ma,0.92,1.18,cul-PÓ,9,9,2.012,1.78,
P04_L2_27a,P04,2,27,a,present,mancha,0.65,1.02,2,2,1,1,2,2,lo-do,0.65,0.85,MAN-cha,9,9,2.033,1.923,
P04_L2_27b,P04,2,27,b,past,manchó,0.65,1.05,2,2,1,1,2,2,lo-do,0.88,1.05,man-CHÓ,9,9,1.863,1.723,
P04_L2_28a,P04,2,28,a,present,gasta,0.64,1.0,2,2,1,1,2,2,chi-co,0.64,0.88,GAS-ta,8,8,1.821,1.57,
P04_L2_28b,P04,2,28,b,past,gastó,0.87,1.3,2,2,1,1,2,2,chi-co,1.14,1.3,gas-TÓ,8,8,1.927,1.73,
P04_L2_29a,P04,2,29,a,present,salta,0.85,1.26,2,2,1,1,2,2,so-cio,0.85,1.12,SAL-ta,8,8,2.181,1.67,
P04_L2_29b,P04,2,29,b,past,saltó,0.93,1.44,2,2,1,1,2,2,so-cio,1.22,1.44,sal-TÓ,8,8,2.181,1.95,
P04_L2_30a,P04,2,30,a,present,corta,0.63,0.99,2,2,1,1,2,2,ne-na,0.63,0.81,COR-ta,10,10,1.99,1.93,
P04_L2_30b,P04,2,30,b,past,cortó,0.87,1.28,2,2,1,1,2,2,ne-na,1.09,1.28,cor-TÓ,10,10,2.288,1.97,
P04_L2_31a,P04,2,31,a,present,busca,0.63,1.0,2,2,1,1,2,2,mó-vil,0.63,0.86,BUS-ca,8,8,1.99,1.53,
P04_L2_31b,P04,2,31,b,past,buscó,0.58,0.94,2,2,1,1,2,2,mó-vil,0.8,0.94,bus-CÓ,8,8,2.033,1.62,
P04_L2_32a,P04,2,32,a,present,limpia,0.64,1.01,2,2,1,1,2,2,co-che,0.64,0.87,LIM-pia,8,8,1.999,1.47,"duration_gap(audio 2.00s,aligned 1.47s)"
P04_L2_32b,P04,2,32,b,past,limpió,0.62,1.01,2,2,1,1,2,2,co-che,0.83,1.01,lim-PIÓ,8,8,1.655,1.5,
P04_L2_33a,P04,2,33,a,present,planta,0.62,0.99,2,2,1,1,2,2,rei-na,0.62,0.89,PLAN-ta,8,8,1.978,1.47,"duration_gap(audio 1.98s,aligned 1.47s)"
P04_L2_33b,P04,2,33,b,past,plantó,0.58,1.01,2,2,1,1,2,2,rei-na,0.84,1.01,plan-TÓ,8,8,1.72,1.52,
P04_L2_34a,P04,2,34,a,present,filtra,0.51,1.04,2,2,1,1,2,2,ja-rra,0.51,0.91,FIL-tra,8,8,1.72,1.52,
P04_L2_34b,P04,2,34,b,past,filtró,0.73,1.2,2,2,1,1,2,2,ja-rra,1.08,1.2,fil-TRÓ,8,8,1.784,1.58,
P04_L2_35a,P04,2,35,a,present,monta,0.57,0.98,2,2,1,1,2,2,mon-je,0.57,0.85,MON-ta,10,10,2.279,1.74,
P04_L2_35b,P04,2,35,b,past,montó,0.94,1.3,2,2,1,1,2,2,mon-je,1.18,1.3,mon-TÓ,10,10,2.386,1.92,
P04_L2_36a,P04,2,36,a,present,canta,0.47,0.82,2,2,1,1,2,2,lo-ro,0.47,0.7,CAN-ta,10,10,1.784,1.55,
P04_L2_36b,P04,2,36,b,past,cantó,0.61,0.99,2,2,1,1,2,2,lo-ro,0.85,0.99,can-TÓ,10,10,2.031,1.7,
P04_L2_37a,P04,2,37,a,present,junta,0.64,1.06,2,2,1,1,2,2,cla-vo,0.64,0.91,JUN-ta,9,9,1.849,1.65,
P04_L2_37b,P04,2,37,b,past,juntó,0.62,0.99,2,2,1,1,2,2,cla-vo,0.87,0.99,jun-TÓ,9,9,1.892,1.6,
P04_L2_38a,P04,2,38,a,present,marca,0.81,1.27,2,2,1,1,2,2,sas-tre,0.81,1.09,MAR-ca,8,8,2.064,1.7,
P04_L2_38b,P04,2,38,b,past,marcó,0.7,1.11,2,2,1,1,2,2,sas-tre,0.96,1.11,mar-CÓ,8,8,2.021,1.73,
P04_L2_39a,P04,2,39,a,present,mezcla,0.58,1.07,2,2,1,1,2,2,bro-cha,0.58,0.81,MEZ-cla,9,9,1.827,1.71,
P04_L2_39b,P04,2,39,b,past,mezcló,0.63,1.11,2,2,1,1,2,2,bro-cha,0.86,1.11,mez-CLÓ,9,9,2.214,1.78,
P04_L2_40a,P04,2,40,a,present,sopla,0.65,1.12,2,2,1,1,2,2,sue-gra,0.65,0.88,SO-pla,8,8,1.999,1.8,
P04_L2_40b,P04,2,40,b,past,sopló,0.77,1.14,2,2,1,1,2,2,sue-gra,0.99,1.14,so-PLÓ,8,8,2.171,1.57,"duration_gap(audio 2.17s,aligned 1.57s)"
P04_L2_41a,P04,2,41,a,present,culpa,0.57,0.97,2,2,1,1,2,2,con-de,0.57,0.8,CUL-pa,8,8,1.698,1.37,
P04_L2_41b,P04,2,41,b,past,culpó,1.01,1.44,2,2,1,1,2,2,con-de,1.26,1.44,cul-PÓ,8,8,2.279,1.88,
P04_L2_42a,P04,2,42,a,present,mancha,0.53,0.94,2,2,1,1,2,2,zu-mo,0.53,0.75,MAN-cha,10,10,2.107,1.77,
P04_L2_42b,P04,2,42,b,past,manchó,0.71,1.1,2,2,1,1,2,2,zu-mo,0.93,1.1,man-CHÓ,10,10,2.021,1.84,
P04_L2_43a,P04,2,43,a,present,gasta,0.81,1.18,2,2,1,1,2,2,jue-za,0.81,1.07,GAS-ta,8,8,1.892,1.61,
P04_L2_43b,P04,2,43,b,past,gastó,0.7,1.11,2,2,1,1,2,2,jue-za,0.97,1.11,gas-TÓ,8,8,1.827,1.62,
P04_L2_44a,P04,2,44,a,present,salta,0.56,1.04,2,2,1,1,2,2,ra-na,0.56,0.89,SAL-ta,8,8,1.738,1.54,
P04_L2_44b,P04,2,44,b,past,saltó,0.88,1.31,2,2,1,1,2,2,ra-na,1.17,1.31,sal-TÓ,8,8,2.042,1.66,
P04_L2_45a,P04,2,45,a,present,corta,0.88,1.28,2,2,1,1,2,2,lá-ser,0.88,1.1,COR-ta,9,9,1.919,1.55,
P04_L2_45b,P04,2,45,b,past,cortó,0.9,1.42,2,2,1,1,2,2,lá-ser,1.15,1.42,cor-TÓ,9,9,2.047,1.81,
P04_L2_46a,P04,2,46,a,present,busca,0.62,1.07,2,2,1,1,2,2,pa-dre,0.62,0.91,BUS-ca,8,8,1.706,1.46,
P04_L2_46b,P04,2,46,b,past,buscó,0.89,1.28,2,2,1,1,2,2,pa-dre,1.13,1.28,bus-CÓ,8,8,1.983,1.773,
P04_L2_47a,P04,2,47,a,present,limpia,0.77,1.36,2,2,1,1,2,2,llu-via,0.77,1.1,LIM-pia,8,8,1.919,1.83,
P04_L2_47b,P04,2,47,b,past,limpió,1.08,1.51,2,2,1,1,2,2,llu-via,1.29,1.51,lim-PIÓ,8,8,2.154,1.82,
P04_L2_48a,P04,2,48,a,present,planta,0.63,1.18,2,2,1,1,2,2,lí-der,0.63,1.0,PLAN-ta,9,9,2.133,2.02,
P04_L2_48b,P04,2,48,b,past,plantó,0.81,1.21,2,2,1,1,2,2,lí-der,1.05,1.21,plan-TÓ,9,9,2.09,1.8,
P04_L2_49a,P04,2,49,a,present,filtra,0.55,1.0,2,2,1,1,2,2,te-la,0.55,0.9,FIL-tra,8,8,1.813,1.49,
P04_L2_49b,P04,2,49,b,past,filtró,0.92,1.36,2,2,1,1,2,2,te-la,1.25,1.36,fil-TRÓ,8,8,2.154,1.62,
P04_L2_50a,P04,2,50,a,present,monta,0.56,0.93,2,2,1,1,2,2,due-ña,0.56,0.78,MON-ta,8,8,1.678,1.49,
P04_L2_50b,P04,2,50,b,past,montó,0.74,1.13,2,2,1,1,2,2,due-ña,0.99,1.13,mon-TÓ,8,8,1.941,1.62,
P04_L2_51a,P04,2,51,a,present,canta,1.02,1.4,2,2,1,1,2,2,gor-da,1.02,1.27,CAN-ta,9,9,2.656,1.26,"duration_gap(audio 2.66s,aligned 1.26s)"
P04_L2_51b,P04,2,51,b,past,cantó,0.89,1.31,2,2,1,1,2,2,gor-da,1.16,1.31,can-TÓ,9,9,2.024,1.83,
P04_L2_52a,P04,2,52,a,present,junta,0.69,1.11,2,2,1,1,2,2,pri-mo,0.69,0.98,JUN-ta,8,8,1.834,1.58,
P04_L2_52b,P04,2,52,b,past,juntó,0.67,1.08,2,2,1,1,2,2,pri-mo,0.97,1.08,jun-TÓ,8,8,2.193,1.68,
P04_L2_53a,P04,2,53,a,present,marca,0.67,1.06,2,2,1,1,2,2,hom-bre,0.67,0.93,MAR-ca,8,8,2.066,1.52,"duration_gap(audio 2.07s,aligned 1.52s)"
P04_L2_53b,P04,2,53,b,past,marcó,0.69,1.08,2,2,1,1,2,2,hom-bre,0.94,1.08,mar-CÓ,8,8,1.687,1.44,
P04_L2_54a,P04,2,54,a,present,mezcla,0.53,1.02,2,2,1,1,2,2,la-go,0.53,0.82,MEZ-cla,8,8,1.935,1.55,
P04_L2_54b,P04,2,54,b,past,mezcló,0.63,1.1,2,2,1,1,2,2,la-go,0.87,1.1,mez-CLÓ,8,8,1.961,1.71,
P04_L2_55a,P04,2,55,a,present,sopla,0.5,0.87,2,2,1,1,2,2,chi-ca,0.5,0.71,SO-pla,8,8,1.597,1.3,
P04_L2_55b,P04,2,55,b,past,sopló,0.67,1.17,2,2,1,1,2,2,chi-ca,0.88,1.17,so-PLÓ,8,8,1.997,1.62,
P04_L2_56a,P04,2,56,a,present,culpa,0.63,0.98,2,2,1,1,2,2,a-ma,0.63,0.84,CUL-pa,9,9,1.968,1.58,
P04_L2_56b,P04,2,56,b,past,culpó,0.61,0.95,2,2,1,1,2,2,a-ma,0.79,0.95,cul-PÓ,9,9,1.878,1.54,
P04_L2_57a,P04,2,57,a,present,mancha,0.64,1.05,2,2,1,1,2,2,vi-no,0.64,0.87,MAN-cha,8,8,1.789,1.48,
P04_L2_57b,P04,2,57,b,past,manchó,0.56,0.99,2,2,1,1,2,2,vi-no,0.77,0.99,man-CHÓ,8,8,1.699,1.6,
P04_L2_58a,P04,2,58,a,present,gasta,0.64,1.03,2,2,1,1,2,2,ca-rro,0.64,0.89,GAS-ta,10,10,2.087,1.74,
P04_L2_58b,P04,2,58,b,past,gastó,0.86,1.25,2,2,1,1,2,2,ca-rro,1.13,1.25,gas-TÓ,10,10,2.415,1.77,"duration_gap(audio 2.42s,aligned 1.77s)"
P04_L2_59a,P04,2,59,a,present,salta,0.57,0.98,2,2,1,1,2,2,ni-ño,0.57,0.85,SAL-ta,8,8,1.912,1.56,
P04_L2_59b,P04,2,59,b,past,saltó,0.7,1.14,2,2,1,1,2,2,ni-ño,1.01,1.14,sal-TÓ,8,8,1.789,1.59,
P04_L2_60a,P04,2,60,a,present,corta,0.57,1.03,2,2,1,1,2,2,ra-ta,0.57,0.84,COR-ta,8,8,2.182,1.42,"duration_gap(audio 2.18s,aligned 1.42s)"
P04_L2_60b,P04,2,60,b,past,cortó,0.65,1.0,2,2,1,1,2,2,ra-ta,0.84,1.0,cor-TÓ,8,8,1.583,1.52,
P04_L2_61a,P04,2,61,a,present,busca,0.52,0.88,2,2,1,1,2,2,va-ca,0.52,0.75,BUS-ca,8,8,2.026,1.45,"duration_gap(audio 2.03s,aligned 1.45s)"
P04_L2_61b,P04,2,61,b,past,buscó,0.48,0.86,2,2,1,1,2,2,va-ca,0.71,0.86,bus-CÓ,8,8,1.628,1.49,
P04_L2_62a,P04,2,62,a,present,limpia,0.71,1.1,2,2,1,1,2,2,pri-ma,0.71,0.92,LIM-pia,8,8,1.922,1.57,
P04_L2_62b,P04,2,62,b,past,limpió,0.54,0.94,2,2,1,1,2,2,pri-ma,0.75,0.94,lim-PIÓ,8,8,1.714,1.36,
P04_L2_63a,P04,2,63,a,present,planta,0.59,1.02,2,2,1,1,2,2,vie-ja,0.59,0.83,PLAN-ta,8,8,1.766,1.64,
P04_L2_63b,P04,2,63,b,past,plantó,0.59,0.95,2,2,1,1,2,2,vie-ja,0.84,0.95,plan-TÓ,8,8,2.043,1.64,
P04_L2_64a,P04,2,64,a,present,filtra,0.81,1.34,2,2,1,1,2,2,fil-tro,0.81,1.19,FIL-tra,8,8,1.942,1.73,
P04_L2_64b,P04,2,64,b,past,filtró,1.07,1.56,2,2,1,1,2,2,fil-tro,1.43,1.56,fil-TRÓ,8,8,2.28,1.84,
P04_L2_65a,P04,2,65,a,present,monta,0.63,0.98,2,2,1,1,2,2,je-fa,0.63,0.86,MON-ta,10,10,2.365,1.7,"duration_gap(audio 2.37s,aligned 1.70s)"
P04_L2_65b,P04,2,65,b,past,montó,0.64,1.05,2,2,1,1,2,2,je-fa,0.87,1.05,mon-TÓ,10,10,2.069,1.949,
P04_L2_66a,P04,2,66,a,present,canta,1.03,1.38,2,2,1,1,2,2,gua-pa,1.03,1.25,CAN-ta,8,8,1.996,1.5,
P04_L2_66b,P04,2,66,b,past,cantó,0.59,0.97,2,2,1,1,2,2,gua-pa,0.84,0.97,can-TÓ,8,8,1.597,1.53,
P04_L2_67a,P04,2,67,a,present,junta,0.65,1.1,2,2,1,1,2,2,nue-ra,0.65,0.94,JUN-ta,8,8,2.033,1.58,
P04_L2_67b,P04,2,67,b,past,juntó,1.25,1.7,2,2,1,1,2,2,nue-ra,1.56,1.7,jun-TÓ,8,8,2.36,1.78,
P04_L2_68a,P04,2,68,a,present,marca,0.64,1.01,2,2,1,1,2,2,gra-sa,0.64,0.88,MAR-ca,8,8,1.525,1.3,
P04_L2_68b,P04,2,68,b,past,marcó,0.51,0.89,2,2,1,1,2,2,gra-sa,0.77,0.89,mar-CÓ,8,8,1.67,1.39,
P04_L2_69a,P04,2,69,a,present,mezcla,0.64,1.09,2,2,1,1,2,2,fla-ca,0.64,0.89,MEZ-cla,8,8,1.888,1.26,"duration_gap(audio 1.89s,aligned 1.26s)"
P04_L2_69b,P04,2,69,b,past,mezcló,0.81,1.27,2,2,1,1,2,2,fla-ca,1.04,1.27,mez-CLÓ,8,8,1.888,1.49,
P04_L2_70a,P04,2,70,a,present,sopla,0.94,1.36,2,2,1,1,2,2,hués-ped,0.94,1.17,SO-pla,8,8,2.105,1.88,
P04_L2_70b,P04,2,70,b,past,sopló,0.84,1.23,2,2,1,1,2,2,hués-ped,1.07,1.23,so-PLÓ,8,8,2.033,1.8,
P04_L2_71a,P04,2,71,a,present,culpa,1.19,1.55,2,2,1,1,2,2,cón-sul,1.19,1.4,CUL-pa,8,8,2.396,2.05,
P04_L2_71b,P04,2,71,b,past,culpó,1.13,1.55,2,2,1,1,2,2,cón-sul,1.38,1.55,cul-PÓ,8,8,2.214,2.014,
P04_L2_72a,P04,2,72,a,present,mancha,0.87,1.34,2,2,1,1,2,2,rue-da,0.87,1.14,MAN-cha,9,9,1.851,1.571,
P04_L2_72b,P04,2,72,b,past,manchó,0.78,1.16,2,2,1,1,2,2,rue-da,0.99,1.16,man-CHÓ,9,9,1.924,1.63,
P04_L2_73a,P04,2,73,a,present,gasta,0.57,0.94,2,2,1,1,2,2,ri-ca,0.57,0.83,GAS-ta,9,9,1.978,1.57,
P04_L2_73b,P04,2,73,b,past,gastó,0.85,1.22,2,2,1,1,2,2,ri-ca,1.13,1.22,gas-TÓ,9,9,1.998,1.68,
P04_L2_74a,P04,2,74,a,present,salta,0.61,1.04,2,2,1,1,2,2,ca-bra,0.61,0.88,SAL-ta,8,8,1.901,1.69,
P04_L2_74b,P04,2,74,b,past,saltó,0.67,1.12,2,2,1,1,2,2,ca-bra,0.98,1.12,sal-TÓ,8,8,1.77,1.51,
P04_L2_75a,P04,2,75,a,present,corta,0.73,1.07,2,2,1,1,2,2,mo-zo,0.73,0.9,COR-ta,8,8,1.81,1.4,
P04_L2_75b,P04,2,75,b,past,cortó,0.72,1.08,2,2,1,1,2,2,mo-zo,0.9,1.08,cor-TÓ,8,8,1.823,1.67,
P04_L2_76a,P04,2,76,a,present,busca,0.64,1.02,2,2,1,1,2,2,ru-bia,0.64,0.86,BUS-ca,9,9,1.857,1.38,"duration_gap(audio 1.86s,aligned 1.38s)"
P04_L2_76b,P04,2,76,b,past,buscó,1.03,1.43,2,2,1,1,2,2,ru-bia,1.31,1.43,bus-CÓ,9,9,2.121,1.58,"duration_gap(audio 2.12s,aligned 1.58s)"
P04_L2_77a,P04,2,77,a,present,limpia,0.74,1.08,2,2,1,1,2,2,tra-po,0.74,0.9,LIM-pia,9,9,2.422,1.66,"duration_gap(audio 2.42s,aligned 1.66s)"
P04_L2_77b,P04,2,77,b,past,limpió,0.68,1.02,2,2,1,1,2,2,tra-po,0.85,1.02,lim-PIÓ,9,9,2.036,1.66,
P04_L2_78a,P04,2,78,a,present,planta,0.59,0.95,2,2,1,1,2,2,cu-ra,0.59,0.85,PLAN-ta,9,9,1.833,1.44,
P04_L2_78b,P04,2,78,b,past,plantó,0.86,1.44,2,2,1,1,2,2,cu-ra,1.16,1.44,plan-TÓ,9,9,2.281,1.85,
P04_L2_79a,P04,2,79,a,present,filtra,0.62,1.04,2,2,1,1,2,2,ma-lla,0.62,0.95,FIL-tra,9,9,1.639,1.529,
P04_L2_79b,P04,2,79,b,past,filtró,0.7,1.14,2,2,1,1,2,2,ma-lla,1.03,1.14,fil-TRÓ,9,9,1.745,1.4,
P04_L2_80a,P04,2,80,a,present,monta,0.52,1.01,2,2,1,1,2,2,nie-to,0.52,0.85,MON-ta,11,11,1.832,1.832,
P04_L2_80b,P04,2,80,b,past,montó,0.55,0.91,2,2,1,1,2,2,nie-to,0.79,0.91,mon-TÓ,11,11,1.768,1.74,
P04_L2_81a,P04,2,81,a,present,canta,0.76,1.1,2,2,1,1,2,2,vie-jo,0.76,0.97,CAN-ta,9,9,1.921,1.33,"duration_gap(audio 1.92s,aligned 1.33s)"
P04_L2_81b,P04,2,81,b,past,cantó,0.55,0.93,2,2,1,1,2,2,vie-jo,0.79,0.93,can-TÓ,9,9,1.648,1.62,
P04_L2_82a,P04,2,82,a,present,junta,0.63,1.03,2,2,1,1,2,2,ga-ta,0.63,0.89,JUN-ta,9,9,1.813,1.49,
P04_L2_82b,P04,2,82,b,past,juntó,0.49,0.88,2,2,1,1,2,2,ga-ta,0.74,0.88,jun-TÓ,9,9,1.631,1.58,
P04_L2_83a,P04,2,83,a,present,marca,0.64,0.98,2,2,1,1,2,2,bi-ci,0.64,0.88,MAR-ca,8,8,1.638,1.26,
P04_L2_83b,P04,2,83,b,past,marcó,0.68,1.07,2,2,1,1,2,2,bi-ci,0.91,1.07,mar-CÓ,8,8,1.784,1.44,
P04_L2_84a,P04,2,84,a,present,mezcla,0.59,0.96,2,2,1,1,2,2,pre-sa,0.59,0.8,MEZ-cla,9,9,1.579,1.41,
P04_L2_84b,P04,2,84,b,past,mezcló,0.65,1.03,2,2,1,1,2,2,pre-sa,0.85,1.03,mez-CLÓ,9,9,2.042,1.67,
P04_L2_85a,P04,2,85,a,present,sopla,0.55,0.88,2,2,1,1,2,2,mon-ja,0.55,0.75,SO-pla,8,8,1.443,1.37,
P04_L2_85b,P04,2,85,b,past,sopló,0.76,1.11,2,2,1,1,2,2,mon-ja,0.97,1.11,so-PLÓ,8,8,1.756,1.5,
P04_L2_86a,P04,2,86,a,present,culpa,0.62,0.99,2,2,1,1,2,2,no-via,0.62,0.82,CUL-pa,8,8,1.77,1.28,"duration_gap(audio 1.77s,aligned 1.28s)"
P04_L2_86b,P04,2,86,b,past,culpó,0.77,1.13,2,2,1,1,2,2,no-via,0.95,1.13,cul-PÓ,8,8,1.838,1.46,
P04_L2_87a,P04,2,87,a,present,mancha,0.65,1.05,2,2,1,1,2,2,san-gre,0.65,0.86,MAN-cha,8,8,1.643,1.54,
P04_L2_87b,P04,2,87,b,past,manchó,0.65,1.02,2,2,1,1,2,2,san-gre,0.84,1.02,man-CHÓ,8,8,1.655,1.58,
P04_L2_88a,P04,2,88,a,present,gasta,0.65,1.01,2,2,1,1,2,2,no-vio,0.65,0.87,GAS-ta,8,8,1.608,1.36,
P04_L2_88b,P04,2,88,b,past,gastó,0.72,1.05,2,2,1,1,2,2,no-vio,0.94,1.05,gas-TÓ,8,8,1.691,1.471,
P04_L2_89a,P04,2,89,a,present,salta,0.46,0.9,2,2,1,1,2,2,ma-go,0.46,0.74,SAL-ta,10,10,1.608,1.57,
P04_L2_89b,P04,2,89,b,past,saltó,0.54,1.22,2,2,1,1,2,2,ma-go,0.89,1.22,sal-TÓ,10,10,2.128,2.128,
P04_L2_90a,P04,2,90,a,present,corta,0.51,0.87,2,2,1,1,2,2,mu-la,0.51,0.75,COR-ta,8,8,1.236,1.08,
P04_L2_90b,P04,2,90,b,past,cortó,0.57,0.88,2,2,1,1,2,2,mu-la,0.73,0.88,cor-TÓ,8,8,1.378,1.27,
P05_L1_01a,P05,1,1,a,present,busca,0.61,1.05,2,2,1,1,2,2,due-ño,0.61,0.86,BUS-ca,8,8,1.733,1.58,
P05_L1_01b,P05,1,1,b,past,buscó,0.5,0.98,2,2,1,1,2,2,due-ño,0.72,0.98,bus-CÓ,8,8,1.534,1.34,
P05_L1_02a,P05,1,2,a,present,limpia,0.71,1.09,2,2,1,1,2,2,clo-ro,0.71,0.92,LIM-pia,8,8,1.649,1.53,
P05_L1_02b,P05,1,2,b,past,limpió,0.64,0.99,2,2,1,1,2,2,clo-ro,0.85,0.99,lim-PIÓ,8,8,1.805,1.55,
P05_L1_03a,P05,1,3,a,present,planta,0.63,1.01,2,2,1,1,2,2,hi-jo,0.63,0.9,PLAN-ta,8,8,1.941,1.34,"duration_gap(audio 1.94s,aligned 1.34s)"
P05_L1_03b,P05,1,3,b,past,plantó,0.45,0.82,2,2,1,1,2,2,hi-jo,0.73,0.82,plan-TÓ,8,8,1.335,1.18,
P05_L1_04a,P05,1,4,a,present,filtra,0.73,1.21,2,2,1,1,2,2,gri-fo,0.73,1.12,FIL-tra,8,8,1.607,1.47,
P05_L1_04b,P05,1,4,b,past,filtró,0.75,1.23,2,2,1,1,2,2,gri-fo,1.1,1.23,fil-TRÓ,8,8,1.551,1.32,
P05_L1_05a,P05,1,5,a,present,monta,0.63,0.99,2,2,1,1,2,2,tí-o,0.63,0.85,MON-ta,9,10,1.733,1.38,"total_syllable_count_mismatch(got 9,exp 10)"
P05_L1_05b,P05,1,5,b,past,montó,0.56,0.91,2,2,1,1,2,2,tí-o,0.79,0.91,mon-TÓ,9,10,1.497,1.27,"total_syllable_count_mismatch(got 9,exp 10)"
P05_L1_06a,P05,1,6,a,present,canta,0.92,1.26,2,2,1,1,2,2,a-ve,0.92,1.14,CAN-ta,8,8,2.009,1.499,"duration_gap(audio 2.01s,aligned 1.50s)"
P05_L1_06b,P05,1,6,b,past,cantó,0.62,0.97,2,2,1,1,2,2,a-ve,0.83,0.97,can-TÓ,8,8,1.891,1.671,
P05_L1_07a,P05,1,7,a,present,junta,0.85,1.27,2,2,1,1,2,2,jo-ven,0.85,1.14,JUN-ta,9,9,1.851,1.49,
P05_L1_07b,P05,1,7,b,past,juntó,0.67,1.07,2,2,1,1,2,2,jo-ven,0.94,1.07,jun-TÓ,9,9,1.733,1.45,
P05_L1_08a,P05,1,8,a,present,marca,0.56,0.95,2,2,1,1,2,2,o-sa,0.56,0.8,MAR-ca,8,8,1.654,1.34,
P05_L1_08b,P05,1,8,b,past,marcó,0.59,0.96,2,2,1,1,2,2,o-sa,0.82,0.96,mar-CÓ,8,8,1.772,1.25,"duration_gap(audio 1.77s,aligned 1.25s)"
P05_L1_09a,P05,1,9,a,present,mezcla,0.7,1.16,2,2,1,1,2,2,rí-o,0.7,0.95,MEZ-cla,9,9,1.733,1.42,
P05_L1_09b,P05,1,9,b,past,mezcló,0.73,1.24,2,2,1,1,2,2,rí-o,0.99,1.24,mez-CLÓ,9,9,2.048,1.62,
P05_L1_10a,P05,1,10,a,present,sopla,1.13,1.64,2,2,1,1,2,2,sue-gro,1.13,1.33,SO-pla,8,8,2.284,1.64,"duration_gap(audio 2.28s,aligned 1.64s)"
P05_L1_10b,P05,1,10,b,past,sopló,0.8,1.21,2,2,1,1,2,2,sue-gro,0.95,1.21,so-PLÓ,8,8,2.166,1.44,"duration_gap(audio 2.17s,aligned 1.44s)"
P05_L1_11a,P05,1,11,a,present,culpa,0.83,1.17,2,2,1,1,2,2,yer-no,0.83,1.0,CUL-pa,8,8,1.891,1.35,"duration_gap(audio 1.89s,aligned 1.35s)"
P05_L1_11b,P05,1,11,b,past,culpó,0.7,1.05,2,2,1,1,2,2,yer-no,0.89,1.05,cul-PÓ,8,8,1.733,1.39,
P05_L1_12a,P05,1,12,a,present,mancha,0.91,1.28,2,2,1,1,2,2,tin-ta,0.91,1.13,MAN-cha,9,9,1.851,1.55,
P05_L1_12b,P05,1,12,b,past,manchó,0.66,1.01,2,2,1,1,2,2,tin-ta,0.85,1.01,man-CHÓ,9,9,1.93,1.52,
P05_L1_13a,P05,1,13,a,present,gasta,0.98,1.28,2,2,1,1,2,2,do-ña,0.98,1.19,GAS-ta,9,9,1.891,1.32,"duration_gap(audio 1.89s,aligned 1.32s)"
P05_L1_13b,P05,1,13,b,past,gastó,0.62,0.94,2,2,1,1,2,2,do-ña,0.84,0.94,gas-TÓ,9,9,1.497,1.34,
P05_L1_14a,P05,1,14,a,present,salta,0.93,1.31,2,2,1,1,2,2,pe-rra,0.93,1.17,SAL-ta,8,8,1.969,1.47,"duration_gap(audio 1.97s,aligned 1.47s)"
P05_L1_14b,P05,1,14,b,past,saltó,0.7,1.07,2,2,1,1,2,2,pe-rra,0.94,1.07,sal-TÓ,8,8,1.93,1.36,"duration_gap(audio 1.93s,aligned 1.36s)"
P05_L1_15a,P05,1,15,a,present,corta,0.83,1.14,2,2,1,1,2,2,cú-ter,0.83,1.02,COR-ta,9,9,1.851,1.64,
P05_L1_15b,P05,1,15,b,past,cortó,0.66,0.99,2,2,1,1,2,2,cú-ter,0.86,0.99,cor-TÓ,9,9,1.812,1.63,
P05_L1_16a,P05,1,16,a,present,busca,0.67,0.98,2,2,1,1,2,2,ni-ña,0.67,0.86,BUS-ca,8,8,2.442,1.28,"duration_gap(audio 2.44s,aligned 1.28s)"
P05_L1_16b,P05,1,16,b,past,buscó,0.56,1.0,2,2,1,1,2,2,ni-ña,0.75,1.0,bus-CÓ,8,8,1.772,1.13,"duration_gap(audio 1.77s,aligned 1.13s)"
P05_L1_17a,P05,1,17,a,present,limpia,0.91,1.22,2,2,1,1,2,2,ma-dre,0.91,1.1,LIM-pia,8,8,1.733,1.25,"duration_gap(audio 1.73s,aligned 1.25s)"
P05_L1_17b,P05,1,17,b,past,limpió,0.65,1.03,2,2,1,1,2,2,ma-dre,0.85,1.03,lim-PIÓ,8,8,1.969,1.42,"duration_gap(audio 1.97s,aligned 1.42s)"
P05_L1_18a,P05,1,18,a,present,planta,0.61,1.03,2,2,1,1,2,2,hi-ja,0.61,0.91,PLAN-ta,7,7,1.772,1.37,
P05_L1_18b,P05,1,18,b,past,plantó,0.68,1.17,2,2,1,1,2,2,hi-ja,1.01,1.17,plan-TÓ,7,7,1.851,1.39,
P05_L1_19a,P05,1,19,a,present,filtra,1.05,1.52,2,2,1,1,2,2,ter-mo,1.05,1.41,FIL-tra,7,7,1.93,1.41,"duration_gap(audio 1.93s,aligned 1.41s)"
P05_L1_19b,P05,1,19,b,past,filtró,0.59,1.03,2,2,1,1,2,2,ter-mo,0.93,1.03,fil-TRÓ,7,7,1.733,1.39,
P05_L1_20a,P05,1,20,a,present,monta,0.82,1.18,2,2,1,1,2,2,tí-a,0.82,1.05,MON-ta,8,8,2.166,1.31,"duration_gap(audio 2.17s,aligned 1.31s)"
P05_L1_20b,P05,1,20,b,past,montó,0.65,0.95,2,2,1,1,2,2,tí-a,0.82,0.95,mon-TÓ,8,8,1.457,1.34,
P05_L1_21a,P05,1,21,a,present,canta,0.87,1.19,2,2,1,1,2,2,nie-ta,0.87,1.07,CAN-ta,8,8,1.733,1.29,"duration_gap(audio 1.73s,aligned 1.29s)"
P05_L1_21b,P05,1,21,b,past,cantó,0.7,1.06,2,2,1,1,2,2,nie-ta,0.93,1.06,can-TÓ,8,8,1.891,1.24,"duration_gap(audio 1.89s,aligned 1.24s)"
P05_L1_22a,P05,1,22,a,present,junta,0.75,1.24,2,2,1,1,2,2,du-que,0.75,1.06,JUN-ta,8,8,1.969,1.57,
P05_L1_22b,P05,1,22,b,past,juntó,0.54,0.93,2,2,1,1,2,2,du-que,0.81,0.93,jun-TÓ,8,8,1.969,1.36,"duration_gap(audio 1.97s,aligned 1.36s)"
P05_L1_23a,P05,1,23,a,present,marca,0.72,1.05,2,2,1,1,2,2,pe-rro,0.72,0.94,MAR-ca,10,10,2.048,1.64,
P05_L1_23b,P05,1,23,b,past,marcó,0.54,0.86,2,2,1,1,2,2,pe-rro,0.74,0.86,mar-CÓ,10,10,1.851,1.49,
P05_L1_24a,P05,1,24,a,present,mezcla,0.61,1.09,2,2,1,1,2,2,lo-bo,0.61,0.91,MEZ-cla,8,8,1.772,1.43,
P05_L1_24b,P05,1,24,b,past,mezcló,0.58,0.96,2,2,1,1,2,2,lo-bo,0.78,0.96,mez-CLÓ,8,8,1.851,1.31,"duration_gap(audio 1.85s,aligned 1.31s)"
P05_L1_25a,P05,1,25,a,present,sopla,0.54,0.91,2,2,1,1,2,2,ne-ne,0.54,0.76,SO-pla,8,8,1.85,1.29,"duration_gap(audio 1.85s,aligned 1.29s)"
P05_L1_25b,P05,1,25,b,past,sopló,0.62,1.02,2,2,1,1,2,2,ne-ne,0.83,1.02,so-PLÓ,8,8,1.772,1.3,"duration_gap(audio 1.77s,aligned 1.30s)"
P05_L1_26a,P05,1,26,a,present,culpa,0.74,1.11,2,2,1,1,2,2,da-ma,0.74,0.95,CUL-pa,9,9,1.772,1.552,
P05_L1_26b,P05,1,26,b,past,culpó,0.48,0.84,2,2,1,1,2,2,da-ma,0.69,0.84,cul-PÓ,9,9,1.851,1.51,
P05_L1_27a,P05,1,27,a,present,mancha,0.54,0.88,2,2,1,1,2,2,lo-do,0.54,0.74,MAN-cha,9,9,1.694,1.544,
P05_L1_27b,P05,1,27,b,past,manchó,0.35,0.65,2,2,1,1,2,2,lo-do,0.52,0.65,man-CHÓ,9,9,1.536,1.22,
P05_L1_28a,P05,1,28,a,present,gasta,0.54,0.84,2,2,1,1,2,2,chi-co,0.54,0.73,GAS-ta,8,8,1.542,1.34,
P05_L1_28b,P05,1,28,b,past,gastó,0.61,0.96,2,2,1,1,2,2,chi-co,0.83,0.96,gas-TÓ,8,8,1.739,1.31,
P05_L1_29a,P05,1,29,a,present,salta,0.92,1.27,2,2,1,1,2,2,so-cio,0.92,1.17,SAL-ta,8,8,1.956,1.46,"duration_gap(audio 1.96s,aligned 1.46s)"
P05_L1_29b,P05,1,29,b,past,saltó,0.69,1.01,2,2,1,1,2,2,so-cio,0.9,1.01,sal-TÓ,8,8,1.917,1.33,"duration_gap(audio 1.92s,aligned 1.33s)"
P05_L1_30a,P05,1,30,a,present,corta,1.13,1.47,2,2,1,1,2,2,ne-na,1.13,1.3,COR-ta,10,10,2.431,1.67,"duration_gap(audio 2.43s,aligned 1.67s)"
P05_L1_30b,P05,1,30,b,past,cortó,0.69,1.0,2,2,1,1,2,2,ne-na,0.87,1.0,cor-TÓ,10,10,1.897,1.47,
P05_L1_31a,P05,1,31,a,present,busca,0.78,1.08,2,2,1,1,2,2,mó-vil,0.78,0.97,BUS-ca,8,8,1.897,1.38,"duration_gap(audio 1.90s,aligned 1.38s)"
P05_L1_31b,P05,1,31,b,past,buscó,0.81,1.13,2,2,1,1,2,2,mó-vil,1.02,1.13,bus-CÓ,8,8,2.549,1.26,"duration_gap(audio 2.55s,aligned 1.26s)"
P05_L1_32a,P05,1,32,a,present,limpia,0.87,1.15,2,2,1,1,2,2,co-che,0.87,1.02,LIM-pia,8,8,1.719,1.26,"duration_gap(audio 1.72s,aligned 1.26s)"
P05_L1_32b,P05,1,32,b,past,limpió,0.59,0.89,2,2,1,1,2,2,co-che,0.73,0.89,lim-PIÓ,8,8,1.66,1.27,
P05_L1_33a,P05,1,33,a,present,planta,0.6,0.93,2,2,1,1,2,2,rei-na,0.6,0.83,PLAN-ta,8,8,1.648,1.38,
P05_L1_33b,P05,1,33,b,past,plantó,0.67,0.97,2,2,1,1,2,2,rei-na,0.89,0.97,plan-TÓ,8,8,1.621,1.32,
P05_L1_34a,P05,1,34,a,present,filtra,0.9,1.31,2,2,1,1,2,2,ja-rra,0.9,1.24,FIL-tra,8,8,2.055,1.48,"duration_gap(audio 2.06s,aligned 1.48s)"
P05_L1_34b,P05,1,34,b,past,filtró,0.7,1.08,2,2,1,1,2,2,ja-rra,1.0,1.08,fil-TRÓ,8,8,1.542,1.26,
P05_L1_35a,P05,1,35,a,present,monta,1.09,1.39,2,2,1,1,2,2,mon-je,1.09,1.29,MON-ta,10,10,2.055,1.42,"duration_gap(audio 2.06s,aligned 1.42s)"
P05_L1_35b,P05,1,35,b,past,montó,0.86,1.15,2,2,1,1,2,2,mon-je,1.05,1.15,mon-TÓ,10,10,2.174,1.4,"duration_gap(audio 2.17s,aligned 1.40s)"
P05_L1_36a,P05,1,36,a,present,canta,0.82,1.1,2,2,1,1,2,2,lo-ro,0.82,1.02,CAN-ta,10,10,2.199,1.33,"duration_gap(audio 2.20s,aligned 1.33s)"
P05_L1_36b,P05,1,36,b,past,cantó,0.51,0.81,2,2,1,1,2,2,lo-ro,0.7,0.81,can-TÓ,10,10,1.583,1.4,
P05_L1_37a,P05,1,37,a,present,junta,0.79,1.16,2,2,1,1,2,2,cla-vo,0.79,1.04,JUN-ta,9,9,1.909,1.36,"duration_gap(audio 1.91s,aligned 1.36s)"
P05_L1_37b,P05,1,37,b,past,juntó,0.57,0.93,2,2,1,1,2,2,cla-vo,0.81,0.93,jun-TÓ,9,9,1.629,1.23,
P05_L1_38a,P05,1,38,a,present,marca,0.79,1.28,2,2,1,1,2,2,sas-tre,0.79,1.05,MAR-ca,8,8,2.018,1.61,
P05_L1_38b,P05,1,38,b,past,marcó,0.6,0.96,2,2,1,1,2,2,sas-tre,0.83,0.96,mar-CÓ,8,8,1.647,1.51,
P05_L1_39a,P05,1,39,a,present,mezcla,0.85,1.24,2,2,1,1,2,2,bro-cha,0.85,1.05,MEZ-cla,9,9,1.963,1.71,
P05_L1_39b,P05,1,39,b,past,mezcló,0.64,1.02,2,2,1,1,2,2,bro-cha,0.82,1.02,mez-CLÓ,9,9,1.665,1.54,
P05_L1_40a,P05,1,40,a,present,sopla,0.88,1.26,2,2,1,1,2,2,sue-gra,0.88,1.07,SO-pla,8,8,1.837,1.56,
P05_L1_40b,P05,1,40,b,past,sopló,0.77,1.15,2,2,1,1,2,2,sue-gra,0.96,1.15,so-PLÓ,8,8,1.819,1.47,
P05_L1_41a,P05,1,41,a,present,culpa,0.58,0.89,2,2,1,1,2,2,con-de,0.58,0.75,CUL-pa,8,8,1.438,1.22,
P05_L1_41b,P05,1,41,b,past,culpó,0.66,0.98,2,2,1,1,2,2,con-de,0.87,0.98,cul-PÓ,8,8,1.882,1.32,"duration_gap(audio 1.88s,aligned 1.32s)"
P05_L1_42a,P05,1,42,a,present,mancha,0.67,1.11,2,2,1,1,2,2,zu-mo,0.67,0.9,MAN-cha,10,10,2.099,1.8,
P05_L1_42b,P05,1,42,b,past,manchó,0.58,0.92,2,2,1,1,2,2,zu-mo,0.78,0.92,man-CHÓ,10,10,1.8,1.59,
P05_L1_43a,P05,1,43,a,present,gasta,1.04,1.36,2,2,1,1,2,2,jue-za,1.04,1.27,GAS-ta,8,8,1.828,1.36,"duration_gap(audio 1.83s,aligned 1.36s)"
P05_L1_43b,P05,1,43,b,past,gastó,0.63,0.92,2,2,1,1,2,2,jue-za,0.83,0.92,gas-TÓ,8,8,1.574,1.27,
P05_L1_44a,P05,1,44,a,present,salta,0.6,0.93,2,2,1,1,2,2,ra-na,0.6,0.82,SAL-ta,8,8,1.592,1.36,
P05_L1_44b,P05,1,44,b,past,saltó,0.56,0.88,2,2,1,1,2,2,ra-na,0.76,0.88,sal-TÓ,8,8,1.42,1.24,
P05_L1_45a,P05,1,45,a,present,corta,0.82,1.13,2,2,1,1,2,2,lá-ser,0.82,1.01,COR-ta,9,9,1.701,1.371,
P05_L1_45b,P05,1,45,b,past,cortó,0.72,1.06,2,2,1,1,2,2,lá-ser,0.89,1.06,cor-TÓ,9,9,1.683,1.33,
P05_L1_46a,P05,1,46,a,present,busca,0.72,1.03,2,2,1,1,2,2,pa-dre,0.72,0.93,BUS-ca,8,8,1.647,1.12,"duration_gap(audio 1.65s,aligned 1.12s)"
P05_L1_46b,P05,1,46,b,past,buscó,0.66,0.97,2,2,1,1,2,2,pa-dre,0.86,0.97,bus-CÓ,8,8,1.629,1.14,"duration_gap(audio 1.63s,aligned 1.14s)"
P05_L1_47a,P05,1,47,a,present,limpia,0.7,0.99,2,2,1,1,2,2,llu-via,0.7,0.87,LIM-pia,8,8,1.583,1.34,
P05_L1_47b,P05,1,47,b,past,limpió,0.57,0.9,2,2,1,1,2,2,llu-via,0.74,0.9,lim-PIÓ,8,8,1.493,1.14,
P05_L1_48a,P05,1,48,a,present,planta,0.81,1.13,2,2,1,1,2,2,lí-der,0.81,1.04,PLAN-ta,9,9,1.855,1.52,
P05_L1_48b,P05,1,48,b,past,plantó,0.81,1.13,2,2,1,1,2,2,lí-der,1.01,1.13,plan-TÓ,9,9,1.9,1.5,
P05_L1_49a,P05,1,49,a,present,filtra,0.69,1.1,2,2,1,1,2,2,te-la,0.69,1.01,FIL-tra,8,8,1.574,1.34,
P05_L1_49b,P05,1,49,b,past,filtró,0.81,1.21,2,2,1,1,2,2,te-la,1.14,1.21,fil-TRÓ,8,8,1.927,1.34,"duration_gap(audio 1.93s,aligned 1.34s)"
P05_L1_50a,P05,1,50,a,present,monta,0.67,0.97,2,2,1,1,2,2,due-ña,0.67,0.86,MON-ta,8,8,1.538,1.29,
P05_L1_50b,P05,1,50,b,past,montó,0.6,0.9,2,2,1,1,2,2,due-ña,0.79,0.9,mon-TÓ,8,8,1.502,1.3,
P05_L1_51a,P05,1,51,a,present,canta,0.56,0.99,2,2,1,1,2,2,gor-da,0.56,0.81,CAN-ta,9,9,1.574,1.48,
P05_L1_51b,P05,1,51,b,past,cantó,0.56,0.86,2,2,1,1,2,2,gor-da,0.74,0.86,can-TÓ,9,9,1.409,1.23,
P05_L1_52a,P05,1,52,a,present,junta,0.55,0.87,2,2,1,1,2,2,pri-mo,0.55,0.8,JUN-ta,8,8,1.592,1.28,
P05_L1_52b,P05,1,52,b,past,juntó,0.62,0.94,2,2,1,1,2,2,pri-mo,0.86,0.94,jun-TÓ,8,8,1.553,1.27,
P05_L1_53a,P05,1,53,a,present,marca,0.77,1.11,2,2,1,1,2,2,hom-bre,0.77,0.99,MAR-ca,8,8,1.658,1.23,"duration_gap(audio 1.66s,aligned 1.23s)"
P05_L1_53b,P05,1,53,b,past,marcó,0.62,0.98,2,2,1,1,2,2,hom-bre,0.83,0.98,mar-CÓ,8,8,1.542,1.31,
P05_L1_54a,P05,1,54,a,present,mezcla,0.43,0.86,2,2,1,1,2,2,la-go,0.43,0.65,MEZ-cla,8,8,1.466,1.2,
P05_L1_54b,P05,1,54,b,past,mezcló,0.54,0.95,2,2,1,1,2,2,la-go,0.72,0.95,mez-CLÓ,8,8,1.529,1.22,
P05_L1_55a,P05,1,55,a,present,sopla,0.57,0.89,2,2,1,1,2,2,chi-ca,0.57,0.78,SO-pla,8,8,1.378,1.19,
P05_L1_55b,P05,1,55,b,past,sopló,0.5,0.78,2,2,1,1,2,2,chi-ca,0.67,0.78,so-PLÓ,8,8,1.333,1.08,
P05_L1_56a,P05,1,56,a,present,culpa,0.64,0.94,2,2,1,1,2,2,a-ma,0.64,0.81,CUL-pa,9,9,1.562,1.41,
P05_L1_56b,P05,1,56,b,past,culpó,0.46,0.82,2,2,1,1,2,2,a-ma,0.69,0.82,cul-PÓ,9,9,1.456,1.37,
P05_L1_57a,P05,1,57,a,present,mancha,0.57,0.92,2,2,1,1,2,2,vi-no,0.57,0.76,MAN-cha,8,8,1.523,1.28,
P05_L1_57b,P05,1,57,b,past,manchó,0.42,0.73,2,2,1,1,2,2,vi-no,0.59,0.73,man-CHÓ,8,8,1.265,1.18,
P05_L1_58a,P05,1,58,a,present,gasta,0.64,0.92,2,2,1,1,2,2,ca-rro,0.64,0.82,GAS-ta,10,10,1.638,1.49,
P05_L1_58b,P05,1,58,b,past,gastó,0.46,0.77,2,2,1,1,2,2,ca-rro,0.67,0.77,gas-TÓ,10,10,1.427,1.37,
P05_L1_59a,P05,1,59,a,present,salta,0.5,0.87,2,2,1,1,2,2,ni-ño,0.5,0.76,SAL-ta,8,8,1.466,1.39,
P05_L1_59b,P05,1,59,b,past,saltó,0.51,0.84,2,2,1,1,2,2,ni-ño,0.73,0.84,sal-TÓ,8,8,1.379,1.28,
P05_L1_60a,P05,1,60,a,present,corta,0.84,1.14,2,2,1,1,2,2,ra-ta,0.84,1.01,COR-ta,8,8,1.744,1.29,"duration_gap(audio 1.74s,aligned 1.29s)"
P05_L1_60b,P05,1,60,b,past,cortó,0.65,0.93,2,2,1,1,2,2,ra-ta,0.8,0.93,cor-TÓ,8,8,1.447,1.19,
P05_L1_61a,P05,1,61,a,present,busca,0.91,1.26,2,2,1,1,2,2,va-ca,0.91,1.14,BUS-ca,8,8,1.891,1.36,"duration_gap(audio 1.89s,aligned 1.36s)"
P05_L1_61b,P05,1,61,b,past,buscó,0.55,0.9,2,2,1,1,2,2,va-ca,0.77,0.9,bus-CÓ,8,8,1.862,1.28,"duration_gap(audio 1.86s,aligned 1.28s)"
P05_L1_62a,P05,1,62,a,present,limpia,0.56,0.83,2,2,1,1,2,2,pri-ma,0.56,0.73,LIM-pia,8,8,1.226,1.12,
P05_L1_62b,P05,1,62,b,past,limpió,0.53,0.85,2,2,1,1,2,2,pri-ma,0.71,0.85,lim-PIÓ,8,8,1.312,1.12,
P05_L1_63a,P05,1,63,a,present,planta,0.52,0.82,2,2,1,1,2,2,vie-ja,0.52,0.72,PLAN-ta,8,8,1.456,1.34,
P05_L1_63b,P05,1,63,b,past,plantó,0.62,0.98,2,2,1,1,2,2,vie-ja,0.89,0.98,plan-TÓ,8,8,1.648,1.41,
P05_L1_64a,P05,1,64,a,present,filtra,0.84,1.34,2,2,1,1,2,2,fil-tro,0.84,1.25,FIL-tra,8,8,1.763,1.59,
P05_L1_64b,P05,1,64,b,past,filtró,0.63,1.03,2,2,1,1,2,2,fil-tro,0.95,1.03,fil-TRÓ,8,8,1.416,1.29,
P05_L1_65a,P05,1,65,a,present,monta,0.7,1.0,2,2,1,1,2,2,je-fa,0.7,0.91,MON-ta,10,10,1.83,1.59,
P05_L1_65b,P05,1,65,b,past,montó,0.63,0.93,2,2,1,1,2,2,je-fa,0.83,0.93,mon-TÓ,10,10,1.724,1.57,
P05_L1_66a,P05,1,66,a,present,canta,0.61,0.92,2,2,1,1,2,2,gua-pa,0.61,0.8,CAN-ta,8,8,1.399,1.32,
P05_L1_66b,P05,1,66,b,past,cantó,0.65,0.95,2,2,1,1,2,2,gua-pa,0.83,0.95,can-TÓ,8,8,1.485,1.29,
P05_L1_67a,P05,1,67,a,present,junta,0.53,0.83,2,2,1,1,2,2,nue-ra,0.53,0.74,JUN-ta,8,8,1.429,1.25,
P05_L1_67b,P05,1,67,b,past,juntó,0.58,1.05,2,2,1,1,2,2,nue-ra,0.83,1.05,jun-TÓ,8,8,1.724,1.38,
P05_L1_68a,P05,1,68,a,present,marca,0.69,0.98,2,2,1,1,2,2,gra-sa,0.69,0.87,MAR-ca,8,8,1.476,1.32,
P05_L1_68b,P05,1,68,b,past,marcó,0.63,0.95,2,2,1,1,2,2,gra-sa,0.82,0.95,mar-CÓ,8,8,1.429,1.23,
P05_L1_69a,P05,1,69,a,present,mezcla,0.92,1.27,2,2,1,1,2,2,fla-ca,0.92,1.12,MEZ-cla,8,8,1.631,1.341,
P05_L1_69b,P05,1,69,b,past,mezcló,0.53,0.96,2,2,1,1,2,2,fla-ca,0.74,0.96,mez-CLÓ,8,8,1.666,1.666,
P05_L1_70a,P05,1,70,a,present,sopla,0.84,1.25,2,2,1,1,2,2,hués-ped,0.84,1.09,SO-pla,8,8,2.072,1.63,
P05_L1_70b,P05,1,70,b,past,sopló,0.68,1.15,2,2,1,1,2,2,hués-ped,0.93,1.15,so-PLÓ,8,8,1.676,1.5,
P05_L1_71a,P05,1,71,a,present,culpa,0.76,1.08,2,2,1,1,2,2,cón-sul,0.76,0.96,CUL-pa,8,8,1.782,1.69,
P05_L1_71b,P05,1,71,b,past,culpó,0.82,1.15,2,2,1,1,2,2,cón-sul,1.0,1.15,cul-PÓ,8,8,1.828,1.58,
P05_L1_72a,P05,1,72,a,present,mancha,0.55,0.84,2,2,1,1,2,2,rue-da,0.55,0.71,MAN-cha,9,9,1.356,1.21,
P05_L1_72b,P05,1,72,b,past,manchó,0.64,0.92,2,2,1,1,2,2,rue-da,0.78,0.92,man-CHÓ,9,9,1.706,1.15,"duration_gap(audio 1.71s,aligned 1.15s)"
P05_L1_73a,P05,1,73,a,present,gasta,0.79,1.11,2,2,1,1,2,2,ri-ca,0.79,1.0,GAS-ta,9,9,1.798,1.41,
P05_L1_73b,P05,1,73,b,past,gastó,0.54,0.84,2,2,1,1,2,2,ri-ca,0.73,0.84,gas-TÓ,9,9,1.569,1.39,
P05_L1_74a,P05,1,74,a,present,salta,0.82,1.14,2,2,1,1,2,2,ca-bra,0.82,1.03,SAL-ta,8,8,1.569,1.269,
P05_L1_74b,P05,1,74,b,past,saltó,0.71,1.04,2,2,1,1,2,2,ca-bra,0.9,1.04,sal-TÓ,8,8,1.432,1.292,
P05_L1_75a,P05,1,75,a,present,corta,0.75,1.07,2,2,1,1,2,2,mo-zo,0.75,0.95,COR-ta,8,8,1.569,1.399,
P05_L1_75b,P05,1,75,b,past,cortó,0.67,0.99,2,2,1,1,2,2,mo-zo,0.83,0.99,cor-TÓ,8,8,1.65,1.33,
P05_L1_76a,P05,1,76,a,present,busca,0.73,1.02,2,2,1,1,2,2,ru-bia,0.73,0.92,BUS-ca,9,9,1.539,1.29,
P05_L1_76b,P05,1,76,b,past,buscó,0.65,0.96,2,2,1,1,2,2,ru-bia,0.86,0.96,bus-CÓ,9,9,1.493,1.4,
P05_L1_77a,P05,1,77,a,present,limpia,0.53,0.81,2,2,1,1,2,2,tra-po,0.53,0.69,LIM-pia,9,9,1.63,1.37,
P05_L1_77b,P05,1,77,b,past,limpió,0.57,0.86,2,2,1,1,2,2,tra-po,0.73,0.86,lim-PIÓ,9,9,1.478,1.22,
P05_L1_78a,P05,1,78,a,present,planta,0.68,0.95,2,2,1,1,2,2,cu-ra,0.68,0.87,PLAN-ta,9,9,1.6,1.31,
P05_L1_78b,P05,1,78,b,past,plantó,0.5,0.78,2,2,1,1,2,2,cu-ra,0.7,0.78,plan-TÓ,9,9,1.486,1.37,
P05_L1_79a,P05,1,79,a,present,filtra,0.68,1.06,2,2,1,1,2,2,ma-lla,0.68,0.98,FIL-tra,9,9,1.711,1.45,
P05_L1_79b,P05,1,79,b,past,filtró,0.46,0.82,2,2,1,1,2,2,ma-lla,0.76,0.82,fil-TRÓ,9,9,1.498,1.37,
P05_L1_80a,P05,1,80,a,present,monta,0.67,0.99,2,2,1,1,2,2,nie-to,0.67,0.88,MON-ta,11,11,1.897,1.58,
P05_L1_80b,P05,1,80,b,past,montó,0.59,0.91,2,2,1,1,2,2,nie-to,0.78,0.91,mon-TÓ,11,11,1.789,1.43,
P05_L1_81a,P05,1,81,a,present,canta,0.65,0.94,2,2,1,1,2,2,vie-jo,0.65,0.85,CAN-ta,9,9,1.602,1.26,
P05_L1_81b,P05,1,81,b,past,cantó,0.58,0.89,2,2,1,1,2,2,vie-jo,0.79,0.89,can-TÓ,9,9,1.505,1.2,
P05_L1_82a,P05,1,82,a,present,junta,0.71,1.08,2,2,1,1,2,2,ga-ta,0.71,0.95,JUN-ta,9,9,1.675,1.42,
P05_L1_82b,P05,1,82,b,past,juntó,0.51,0.86,2,2,1,1,2,2,ga-ta,0.73,0.86,jun-TÓ,9,9,1.38,1.3,
P05_L1_83a,P05,1,83,a,present,marca,0.75,1.09,2,2,1,1,2,2,bi-ci,0.75,0.97,MAR-ca,8,8,1.566,1.19,
P05_L1_83b,P05,1,83,b,past,marcó,0.71,1.03,2,2,1,1,2,2,bi-ci,0.92,1.03,mar-CÓ,8,8,1.498,1.188,
P05_L1_84a,P05,1,84,a,present,mezcla,0.72,1.05,2,2,1,1,2,2,pre-sa,0.72,0.92,MEZ-cla,9,9,1.585,1.28,
P05_L1_84b,P05,1,84,b,past,mezcló,0.5,0.82,2,2,1,1,2,2,pre-sa,0.69,0.82,mez-CLÓ,9,9,1.528,1.37,
P05_L1_85a,P05,1,85,a,present,sopla,0.67,0.96,2,2,1,1,2,2,mon-ja,0.67,0.85,SO-pla,8,8,1.395,1.25,
P05_L1_85b,P05,1,85,b,past,sopló,0.7,0.98,2,2,1,1,2,2,mon-ja,0.87,0.98,so-PLÓ,8,8,1.705,1.18,"duration_gap(audio 1.71s,aligned 1.18s)"
P05_L1_86a,P05,1,86,a,present,culpa,0.58,0.94,2,2,1,1,2,2,no-via,0.58,0.78,CUL-pa,8,8,1.42,1.31,
P05_L1_86b,P05,1,86,b,past,culpó,0.52,0.86,2,2,1,1,2,2,no-via,0.71,0.86,cul-PÓ,8,8,1.445,1.22,
P05_L1_87a,P05,1,87,a,present,mancha,0.71,1.09,2,2,1,1,2,2,san-gre,0.71,0.91,MAN-cha,8,8,1.731,1.52,
P05_L1_87b,P05,1,87,b,past,manchó,0.66,0.96,2,2,1,1,2,2,san-gre,0.83,0.96,man-CHÓ,8,8,1.672,1.35,
P05_L1_88a,P05,1,88,a,present,gasta,0.69,0.99,2,2,1,1,2,2,no-vio,0.69,0.89,GAS-ta,8,8,1.557,1.457,
P05_L1_88b,P05,1,88,b,past,gastó,0.5,0.78,2,2,1,1,2,2,no-vio,0.69,0.78,gas-TÓ,8,8,1.369,1.11,
P05_L1_89a,P05,1,89,a,present,salta,0.56,0.86,2,2,1,1,2,2,ma-go,0.56,0.77,SAL-ta,10,10,1.63,1.49,
P05_L1_89b,P05,1,89,b,past,saltó,0.47,0.82,2,2,1,1,2,2,ma-go,0.71,0.82,sal-TÓ,10,10,1.717,1.51,
P05_L1_90a,P05,1,90,a,present,corta,0.67,0.96,2,2,1,1,2,2,mu-la,0.67,0.85,COR-ta,8,8,1.348,1.188,
P05_L1_90b,P05,1,90,b,past,cortó,0.48,0.76,2,2,1,1,2,2,mu-la,0.65,0.76,cor-TÓ,8,8,1.069,1.009,
P05_L2_01a,P05,2,1,a,present,busca,0.55,0.89,2,2,1,1,2,2,due-ño,0.55,0.77,BUS-ca,8,8,1.462,1.28,
P05_L2_01b,P05,2,1,b,past,buscó,0.82,1.24,2,2,1,1,2,2,due-ño,1.07,1.24,bus-CÓ,8,8,1.754,1.34,
P05_L2_02a,P05,2,2,a,present,limpia,0.67,0.98,2,2,1,1,2,2,clo-ro,0.67,0.85,LIM-pia,8,8,1.499,1.3,
P05_L2_02b,P05,2,2,b,past,limpió,0.48,0.79,2,2,1,1,2,2,clo-ro,0.67,0.79,lim-PIÓ,8,8,1.266,1.24,
P05_L2_03a,P05,2,3,a,present,planta,0.55,0.88,2,2,1,1,2,2,hi-jo,0.55,0.79,PLAN-ta,8,8,1.499,1.08,"duration_gap(audio 1.50s,aligned 1.08s)"
P05_L2_03b,P05,2,3,b,past,plantó,0.93,1.26,2,2,1,1,2,2,hi-jo,1.14,1.26,plan-TÓ,8,8,1.696,1.16,"duration_gap(audio 1.70s,aligned 1.16s)"
P05_L2_04a,P05,2,4,a,present,filtra,0.63,1.02,2,2,1,1,2,2,gri-fo,0.63,0.94,FIL-tra,8,8,1.487,1.24,
P05_L2_04b,P05,2,4,b,past,filtró,0.8,1.22,2,2,1,1,2,2,gri-fo,1.13,1.22,fil-TRÓ,8,8,1.622,1.31,
P05_L2_05a,P05,2,5,a,present,monta,0.58,0.85,2,2,1,1,2,2,tí-o,0.58,0.76,MON-ta,9,10,1.683,1.22,"total_syllable_count_mismatch(got 9,exp 10);duration_gap(audio 1.68s,aligned 1.22s)"
P05_L2_05b,P05,2,5,b,past,montó,0.74,1.05,2,2,1,1,2,2,tí-o,0.96,1.05,mon-TÓ,9,10,1.646,1.3,"total_syllable_count_mismatch(got 9,exp 10)"
P05_L2_06a,P05,2,6,a,present,canta,0.56,0.86,2,2,1,1,2,2,a-ve,0.56,0.76,CAN-ta,8,8,1.56,1.36,
P05_L2_06b,P05,2,6,b,past,cantó,0.51,0.86,2,2,1,1,2,2,a-ve,0.75,0.86,can-TÓ,8,8,1.769,1.4,
P05_L2_07a,P05,2,7,a,present,junta,0.71,1.05,2,2,1,1,2,2,jo-ven,0.71,0.95,JUN-ta,9,9,1.794,1.35,
P05_L2_07b,P05,2,7,b,past,juntó,0.56,0.93,2,2,1,1,2,2,jo-ven,0.82,0.93,jun-TÓ,9,9,1.696,1.35,
P05_L2_08a,P05,2,8,a,present,marca,0.57,0.9,2,2,1,1,2,2,o-sa,0.57,0.78,MAR-ca,8,8,1.401,1.22,
P05_L2_08b,P05,2,8,b,past,marcó,0.87,1.2,2,2,1,1,2,2,o-sa,1.08,1.2,mar-CÓ,8,8,1.831,1.28,"duration_gap(audio 1.83s,aligned 1.28s)"
P05_L2_09a,P05,2,9,a,present,mezcla,0.9,1.3,2,2,1,1,2,2,rí-o,0.9,1.1,MEZ-cla,9,9,1.843,1.25,"duration_gap(audio 1.84s,aligned 1.25s)"
P05_L2_09b,P05,2,9,b,past,mezcló,0.71,1.05,2,2,1,1,2,2,rí-o,0.88,1.05,mez-CLÓ,9,9,1.56,1.31,
P05_L2_10a,P05,2,10,a,present,sopla,0.81,1.2,2,2,1,1,2,2,sue-gro,0.81,1.04,SO-pla,8,8,1.99,1.37,"duration_gap(audio 1.99s,aligned 1.37s)"
P05_L2_10b,P05,2,10,b,past,sopló,0.74,1.13,2,2,1,1,2,2,sue-gro,0.92,1.13,so-PLÓ,8,8,1.659,1.4,
P05_L2_11a,P05,2,11,a,present,culpa,0.61,1.01,2,2,1,1,2,2,yer-no,0.61,0.77,CUL-pa,8,8,1.524,1.424,
P05_L2_11b,P05,2,11,b,past,culpó,0.73,1.1,2,2,1,1,2,2,yer-no,0.96,1.1,cul-PÓ,8,8,1.659,1.47,
P05_L2_12a,P05,2,12,a,present,mancha,0.68,0.99,2,2,1,1,2,2,tin-ta,0.68,0.85,MAN-cha,9,9,1.708,1.31,
P05_L2_12b,P05,2,12,b,past,manchó,0.63,0.93,2,2,1,1,2,2,tin-ta,0.79,0.93,man-CHÓ,9,9,1.585,1.27,
P05_L2_13a,P05,2,13,a,present,gasta,0.56,0.85,2,2,1,1,2,2,do-ña,0.56,0.76,GAS-ta,9,9,1.339,1.18,
P05_L2_13b,P05,2,13,b,past,gastó,0.82,1.13,2,2,1,1,2,2,do-ña,1.03,1.13,gas-TÓ,9,9,1.646,1.306,
P05_L2_14a,P05,2,14,a,present,salta,0.55,0.86,2,2,1,1,2,2,pe-rra,0.55,0.75,SAL-ta,8,8,1.499,1.26,
P05_L2_14b,P05,2,14,b,past,saltó,0.69,1.03,2,2,1,1,2,2,pe-rra,0.92,1.03,sal-TÓ,8,8,1.782,1.33,"duration_gap(audio 1.78s,aligned 1.33s)"
P05_L2_15a,P05,2,15,a,present,corta,0.77,1.07,2,2,1,1,2,2,cú-ter,0.77,0.96,COR-ta,9,9,1.56,1.331,
P05_L2_15b,P05,2,15,b,past,cortó,0.68,0.97,2,2,1,1,2,2,cú-ter,0.89,0.97,cor-TÓ,9,9,1.597,1.43,
P05_L2_16a,P05,2,16,a,present,busca,0.46,0.76,2,2,1,1,2,2,ni-ña,0.46,0.64,BUS-ca,8,8,1.457,1.08,"duration_gap(audio 1.46s,aligned 1.08s)"
P05_L2_16b,P05,2,16,b,past,buscó,1.19,1.49,2,2,1,1,2,2,ni-ña,1.37,1.49,bus-CÓ,8,8,1.925,1.1,"duration_gap(audio 1.93s,aligned 1.10s)"
P05_L2_17a,P05,2,17,a,present,limpia,0.74,1.01,2,2,1,1,2,2,ma-dre,0.74,0.9,LIM-pia,8,8,1.531,1.23,
P05_L2_17b,P05,2,17,b,past,limpió,0.73,1.03,2,2,1,1,2,2,ma-dre,0.88,1.03,lim-PIÓ,8,8,1.658,1.34,
P05_L2_18a,P05,2,18,a,present,planta,0.68,0.95,2,2,1,1,2,2,hi-ja,0.68,0.86,PLAN-ta,7,7,1.633,1.17,"duration_gap(audio 1.63s,aligned 1.17s)"
P05_L2_18b,P05,2,18,b,past,plantó,0.59,0.92,2,2,1,1,2,2,hi-ja,0.81,0.92,plan-TÓ,7,7,1.454,1.294,
P05_L2_19a,P05,2,19,a,present,filtra,0.59,1.01,2,2,1,1,2,2,ter-mo,0.59,0.91,FIL-tra,7,7,1.684,1.19,"duration_gap(audio 1.68s,aligned 1.19s)"
P05_L2_19b,P05,2,19,b,past,filtró,0.72,1.12,2,2,1,1,2,2,ter-mo,1.03,1.12,fil-TRÓ,7,7,1.607,1.28,
P05_L2_20a,P05,2,20,a,present,monta,0.58,0.88,2,2,1,1,2,2,tí-a,0.58,0.79,MON-ta,8,8,1.454,1.19,
P05_L2_20b,P05,2,20,b,past,montó,0.66,1.01,2,2,1,1,2,2,tí-a,0.87,1.01,mon-TÓ,8,8,1.454,1.264,
P05_L2_21a,P05,2,21,a,present,canta,0.67,0.94,2,2,1,1,2,2,nie-ta,0.67,0.86,CAN-ta,8,8,1.48,1.13,
P05_L2_21b,P05,2,21,b,past,cantó,0.77,1.09,2,2,1,1,2,2,nie-ta,0.96,1.09,can-TÓ,8,8,1.735,1.36,
P05_L2_22a,P05,2,22,a,present,junta,0.73,1.09,2,2,1,1,2,2,du-que,0.73,0.98,JUN-ta,8,8,1.582,1.2,
P05_L2_22b,P05,2,22,b,past,juntó,0.52,0.87,2,2,1,1,2,2,du-que,0.77,0.87,jun-TÓ,8,8,1.505,1.31,
P05_L2_23a,P05,2,23,a,present,marca,0.65,0.96,2,2,1,1,2,2,pe-rro,0.65,0.87,MAR-ca,10,10,1.811,1.37,
P05_L2_23b,P05,2,23,b,past,marcó,0.52,0.83,2,2,1,1,2,2,pe-rro,0.75,0.83,mar-CÓ,10,10,1.582,1.492,
P05_L2_24a,P05,2,24,a,present,mezcla,0.69,1.09,2,2,1,1,2,2,lo-bo,0.69,0.9,MEZ-cla,8,8,1.837,1.25,"duration_gap(audio 1.84s,aligned 1.25s)"
P05_L2_24b,P05,2,24,b,past,mezcló,0.66,1.08,2,2,1,1,2,2,lo-bo,0.88,1.08,mez-CLÓ,8,8,1.76,1.31,"duration_gap(audio 1.76s,aligned 1.31s)"
P05_L2_25a,P05,2,25,a,present,sopla,0.72,1.09,2,2,1,1,2,2,ne-ne,0.72,0.94,SO-pla,8,8,1.607,1.21,
P05_L2_25b,P05,2,25,b,past,sopló,0.78,1.15,2,2,1,1,2,2,ne-ne,0.93,1.15,so-PLÓ,8,8,1.658,1.24,"duration_gap(audio 1.66s,aligned 1.24s)"
P05_L2_26a,P05,2,26,a,present,culpa,1.03,1.29,2,2,1,1,2,2,da-ma,1.03,1.17,CUL-pa,9,9,1.939,1.39,"duration_gap(audio 1.94s,aligned 1.39s)"
P05_L2_26b,P05,2,26,b,past,culpó,0.81,1.13,2,2,1,1,2,2,da-ma,0.94,1.13,cul-PÓ,9,9,1.888,1.51,
P05_L2_27a,P05,2,27,a,present,mancha,0.54,0.84,2,2,1,1,2,2,lo-do,0.54,0.72,MAN-cha,9,9,1.454,1.294,
P05_L2_27b,P05,2,27,b,past,manchó,0.79,1.1,2,2,1,1,2,2,lo-do,0.98,1.1,man-CHÓ,9,9,1.735,1.335,
P05_L2_28a,P05,2,28,a,present,gasta,0.65,0.92,2,2,1,1,2,2,chi-co,0.65,0.83,GAS-ta,8,8,1.429,1.17,
P05_L2_28b,P05,2,28,b,past,gastó,0.95,1.26,2,2,1,1,2,2,chi-co,1.15,1.26,gas-TÓ,8,8,1.735,1.18,"duration_gap(audio 1.73s,aligned 1.18s)"
P05_L2_29a,P05,2,29,a,present,salta,0.8,1.08,2,2,1,1,2,2,so-cio,0.8,1.0,SAL-ta,8,8,1.607,1.29,
P05_L2_29b,P05,2,29,b,past,saltó,0.95,1.28,2,2,1,1,2,2,so-cio,1.17,1.28,sal-TÓ,8,8,1.888,1.44,
P05_L2_30a,P05,2,30,a,present,corta,0.57,0.85,2,2,1,1,2,2,ne-na,0.57,0.73,COR-ta,10,10,1.633,1.43,
P05_L2_30b,P05,2,30,b,past,cortó,0.86,1.14,2,2,1,1,2,2,ne-na,1.04,1.14,cor-TÓ,10,10,1.709,1.319,
P05_L2_31a,P05,2,31,a,present,busca,0.49,0.8,2,2,1,1,2,2,mó-vil,0.49,0.7,BUS-ca,8,8,1.582,1.23,
P05_L2_31b,P05,2,31,b,past,buscó,0.81,1.16,2,2,1,1,2,2,mó-vil,1.04,1.16,bus-CÓ,8,8,1.684,1.374,
P05_L2_32a,P05,2,32,a,present,limpia,0.63,0.89,2,2,1,1,2,2,co-che,0.63,0.77,LIM-pia,8,8,1.582,1.11,"duration_gap(audio 1.58s,aligned 1.11s)"
P05_L2_32b,P05,2,32,b,past,limpió,0.73,1.01,2,2,1,1,2,2,co-che,0.88,1.01,lim-PIÓ,8,8,1.429,1.129,
P05_L2_33a,P05,2,33,a,present,planta,0.61,0.96,2,2,1,1,2,2,rei-na,0.61,0.86,PLAN-ta,8,8,1.735,1.32,
P05_L2_33b,P05,2,33,b,past,plantó,0.77,1.09,2,2,1,1,2,2,rei-na,1.01,1.09,plan-TÓ,8,8,1.633,1.33,
P05_L2_34a,P05,2,34,a,present,filtra,0.59,0.96,2,2,1,1,2,2,ja-rra,0.59,0.87,FIL-tra,8,8,1.454,1.25,
P05_L2_34b,P05,2,34,b,past,filtró,0.83,1.2,2,2,1,1,2,2,ja-rra,1.13,1.2,fil-TRÓ,8,8,1.607,1.19,"duration_gap(audio 1.61s,aligned 1.19s)"
P05_L2_35a,P05,2,35,a,present,monta,0.63,0.9,2,2,1,1,2,2,mon-je,0.63,0.8,MON-ta,10,10,1.76,1.43,
P05_L2_35b,P05,2,35,b,past,montó,0.76,1.09,2,2,1,1,2,2,mon-je,0.99,1.09,mon-TÓ,10,10,1.888,1.43,
P05_L2_36a,P05,2,36,a,present,canta,0.5,0.77,2,2,1,1,2,2,lo-ro,0.5,0.68,CAN-ta,10,10,1.607,1.17,"duration_gap(audio 1.61s,aligned 1.17s)"
P05_L2_36b,P05,2,36,b,past,cantó,0.66,0.97,2,2,1,1,2,2,lo-ro,0.85,0.97,can-TÓ,10,10,1.786,1.36,
P05_L2_37a,P05,2,37,a,present,junta,0.59,0.97,2,2,1,1,2,2,cla-vo,0.59,0.82,JUN-ta,9,9,1.786,1.34,
P05_L2_37b,P05,2,37,b,past,juntó,0.66,0.96,2,2,1,1,2,2,cla-vo,0.87,0.96,jun-TÓ,9,9,1.556,1.16,"duration_gap(audio 1.56s,aligned 1.16s)"
P05_L2_38a,P05,2,38,a,present,marca,0.67,0.99,2,2,1,1,2,2,sas-tre,0.67,0.87,MAR-ca,8,8,1.48,1.22,
P05_L2_38b,P05,2,38,b,past,marcó,1.01,1.39,2,2,1,1,2,2,sas-tre,1.28,1.39,mar-CÓ,8,8,1.939,1.47,
P05_L2_39a,P05,2,39,a,present,mezcla,0.61,0.94,2,2,1,1,2,2,bro-cha,0.61,0.8,MEZ-cla,9,9,1.709,1.43,
P05_L2_39b,P05,2,39,b,past,mezcló,0.86,1.22,2,2,1,1,2,2,bro-cha,1.05,1.22,mez-CLÓ,9,9,1.862,1.43,
P05_L2_40a,P05,2,40,a,present,sopla,0.92,1.29,2,2,1,1,2,2,sue-gra,0.92,1.14,SO-pla,8,8,1.939,1.45,"duration_gap(audio 1.94s,aligned 1.45s)"
P05_L2_40b,P05,2,40,b,past,sopló,0.93,1.31,2,2,1,1,2,2,sue-gra,1.14,1.31,so-PLÓ,8,8,2.015,1.49,"duration_gap(audio 2.02s,aligned 1.49s)"
P05_L2_41a,P05,2,41,a,present,culpa,0.58,0.93,2,2,1,1,2,2,con-de,0.58,0.75,CUL-pa,8,8,1.556,1.28,
P05_L2_41b,P05,2,41,b,past,culpó,0.67,1.02,2,2,1,1,2,2,con-de,0.88,1.02,cul-PÓ,8,8,1.531,1.28,
P05_L2_42a,P05,2,42,a,present,mancha,0.44,0.73,2,2,1,1,2,2,zu-mo,0.44,0.61,MAN-cha,10,10,1.531,1.46,
P05_L2_42b,P05,2,42,b,past,manchó,0.53,0.84,2,2,1,1,2,2,zu-mo,0.71,0.84,man-CHÓ,10,10,1.582,1.48,
P05_L2_43a,P05,2,43,a,present,gasta,0.64,0.9,2,2,1,1,2,2,jue-za,0.64,0.82,GAS-ta,8,8,1.505,1.22,
P05_L2_43b,P05,2,43,b,past,gastó,0.78,1.09,2,2,1,1,2,2,jue-za,1.0,1.09,gas-TÓ,8,8,1.76,1.22,"duration_gap(audio 1.76s,aligned 1.22s)"
P05_L2_44a,P05,2,44,a,present,salta,0.56,0.85,2,2,1,1,2,2,ra-na,0.56,0.77,SAL-ta,8,8,1.403,1.25,
P05_L2_44b,P05,2,44,b,past,saltó,0.61,0.95,2,2,1,1,2,2,ra-na,0.81,0.95,sal-TÓ,8,8,1.556,1.38,
P05_L2_45a,P05,2,45,a,present,corta,0.55,0.84,2,2,1,1,2,2,lá-ser,0.55,0.74,COR-ta,9,9,1.556,1.25,
P05_L2_45b,P05,2,45,b,past,cortó,0.63,0.97,2,2,1,1,2,2,lá-ser,0.77,0.97,cor-TÓ,9,9,1.505,1.385,
P05_L2_46a,P05,2,46,a,present,busca,0.55,0.88,2,2,1,1,2,2,pa-dre,0.55,0.77,BUS-ca,8,8,1.582,1.15,"duration_gap(audio 1.58s,aligned 1.15s)"
P05_L2_46b,P05,2,46,b,past,buscó,0.68,1.03,2,2,1,1,2,2,pa-dre,0.91,1.03,bus-CÓ,8,8,1.48,1.26,
P05_L2_47a,P05,2,47,a,present,limpia,0.52,0.86,2,2,1,1,2,2,llu-via,0.52,0.71,LIM-pia,8,8,1.352,1.32,
P05_L2_47b,P05,2,47,b,past,limpió,0.83,1.14,2,2,1,1,2,2,llu-via,1.01,1.14,lim-PIÓ,8,8,1.658,1.278,
P05_L2_48a,P05,2,48,a,present,planta,0.64,0.93,2,2,1,1,2,2,lí-der,0.64,0.85,PLAN-ta,9,9,1.658,1.21,"duration_gap(audio 1.66s,aligned 1.21s)"
P05_L2_48b,P05,2,48,b,past,plantó,0.86,1.17,2,2,1,1,2,2,lí-der,1.07,1.17,plan-TÓ,9,9,1.811,1.47,
P05_L2_49a,P05,2,49,a,present,filtra,0.57,0.92,2,2,1,1,2,2,te-la,0.57,0.85,FIL-tra,8,8,1.556,1.26,
P05_L2_49b,P05,2,49,b,past,filtró,0.83,1.22,2,2,1,1,2,2,te-la,1.14,1.22,fil-TRÓ,8,8,1.811,1.38,
P05_L2_50a,P05,2,50,a,present,monta,0.63,0.93,2,2,1,1,2,2,due-ña,0.63,0.84,MON-ta,8,8,1.582,1.39,
P05_L2_50b,P05,2,50,b,past,montó,0.72,1.03,2,2,1,1,2,2,due-ña,0.92,1.03,mon-TÓ,8,8,1.556,1.21,
P05_L2_51a,P05,2,51,a,present,canta,0.59,0.84,2,2,1,1,2,2,gor-da,0.59,0.75,CAN-ta,9,9,1.934,1.15,"duration_gap(audio 1.93s,aligned 1.15s)"
P05_L2_51b,P05,2,51,b,past,cantó,0.8,1.1,2,2,1,1,2,2,gor-da,0.98,1.1,can-TÓ,9,9,1.658,1.33,
P05_L2_52a,P05,2,52,a,present,junta,0.39,0.69,2,2,1,1,2,2,pri-mo,0.39,0.62,JUN-ta,8,8,1.289,1.15,
P05_L2_52b,P05,2,52,b,past,juntó,0.76,1.11,2,2,1,1,2,2,pri-mo,1.02,1.11,jun-TÓ,8,8,1.627,1.36,
P05_L2_53a,P05,2,53,a,present,marca,0.48,0.81,2,2,1,1,2,2,hom-bre,0.48,0.69,MAR-ca,8,8,1.535,1.19,
P05_L2_53b,P05,2,53,b,past,marcó,0.54,0.9,2,2,1,1,2,2,hom-bre,0.77,0.9,mar-CÓ,8,8,1.443,1.19,
P05_L2_54a,P05,2,54,a,present,mezcla,0.79,1.14,2,2,1,1,2,2,la-go,0.79,0.98,MEZ-cla,8,8,1.504,1.164,
P05_L2_54b,P05,2,54,b,past,mezcló,0.91,1.27,2,2,1,1,2,2,la-go,1.08,1.27,mez-CLÓ,8,8,1.842,1.25,"duration_gap(audio 1.84s,aligned 1.25s)"
P05_L2_55a,P05,2,55,a,present,sopla,0.54,0.9,2,2,1,1,2,2,chi-ca,0.54,0.75,SO-pla,8,8,1.688,1.2,"duration_gap(audio 1.69s,aligned 1.20s)"
P05_L2_55b,P05,2,55,b,past,sopló,0.6,0.89,2,2,1,1,2,2,chi-ca,0.76,0.89,so-PLÓ,8,8,1.412,1.27,
P05_L2_56a,P05,2,56,a,present,culpa,0.5,0.84,2,2,1,1,2,2,a-ma,0.5,0.73,CUL-pa,9,9,1.872,1.25,"duration_gap(audio 1.87s,aligned 1.25s)"
P05_L2_56b,P05,2,56,b,past,culpó,0.63,1.01,2,2,1,1,2,2,a-ma,0.87,1.01,cul-PÓ,9,9,1.75,1.34,
P05_L2_57a,P05,2,57,a,present,mancha,0.42,0.71,2,2,1,1,2,2,vi-no,0.42,0.58,MAN-cha,8,8,1.166,1.14,
P05_L2_57b,P05,2,57,b,past,manchó,0.78,1.09,2,2,1,1,2,2,vi-no,0.95,1.09,man-CHÓ,8,8,1.658,1.12,"duration_gap(audio 1.66s,aligned 1.12s)"
P05_L2_58a,P05,2,58,a,present,gasta,0.58,0.83,2,2,1,1,2,2,ca-rro,0.58,0.74,GAS-ta,10,10,1.78,1.33,"duration_gap(audio 1.78s,aligned 1.33s)"
P05_L2_58b,P05,2,58,b,past,gastó,0.36,0.68,2,2,1,1,2,2,ca-rro,0.56,0.68,gas-TÓ,10,10,1.473,1.35,
P05_L2_59a,P05,2,59,a,present,salta,0.32,0.63,2,2,1,1,2,2,ni-ño,0.32,0.52,SAL-ta,8,8,1.565,1.11,"duration_gap(audio 1.57s,aligned 1.11s)"
P05_L2_59b,P05,2,59,b,past,saltó,0.51,0.81,2,2,1,1,2,2,ni-ño,0.7,0.81,sal-TÓ,8,8,1.351,1.16,
P05_L2_60a,P05,2,60,a,present,corta,0.62,0.92,2,2,1,1,2,2,ra-ta,0.62,0.81,COR-ta,8,8,1.535,1.19,
P05_L2_60b,P05,2,60,b,past,cortó,0.52,0.8,2,2,1,1,2,2,ra-ta,0.71,0.8,cor-TÓ,8,8,1.351,1.21,
P05_L2_61a,P05,2,61,a,present,busca,0.32,0.63,2,2,1,1,2,2,va-ca,0.32,0.51,BUS-ca,8,8,1.443,1.13,
P05_L2_61b,P05,2,61,b,past,buscó,0.67,1.01,2,2,1,1,2,2,va-ca,0.87,1.01,bus-CÓ,8,8,1.477,1.19,
P05_L2_62a,P05,2,62,a,present,limpia,0.49,0.79,2,2,1,1,2,2,pri-ma,0.49,0.66,LIM-pia,8,8,1.614,1.15,"duration_gap(audio 1.61s,aligned 1.15s)"
P05_L2_62b,P05,2,62,b,past,limpió,0.63,0.95,2,2,1,1,2,2,pri-ma,0.84,0.95,lim-PIÓ,8,8,1.339,1.2,
P05_L2_63a,P05,2,63,a,present,planta,0.62,0.87,2,2,1,1,2,2,vie-ja,0.62,0.8,PLAN-ta,8,8,1.649,1.23,"duration_gap(audio 1.65s,aligned 1.23s)"
P05_L2_63b,P05,2,63,b,past,plantó,0.76,1.02,2,2,1,1,2,2,vie-ja,0.94,1.02,plan-TÓ,8,8,1.511,1.311,
P05_L2_64a,P05,2,64,a,present,filtra,0.61,1.07,2,2,1,1,2,2,fil-tro,0.61,0.97,FIL-tra,8,8,1.717,1.46,
P05_L2_64b,P05,2,64,b,past,filtró,1.18,1.61,2,2,1,1,2,2,fil-tro,1.52,1.61,fil-TRÓ,8,8,2.129,1.57,"duration_gap(audio 2.13s,aligned 1.57s)"
P05_L2_65a,P05,2,65,a,present,monta,0.54,0.81,2,2,1,1,2,2,je-fa,0.54,0.73,MON-ta,10,10,1.683,1.4,
P05_L2_65b,P05,2,65,b,past,montó,0.91,1.19,2,2,1,1,2,2,je-fa,1.1,1.19,mon-TÓ,10,10,1.889,1.459,
P05_L2_66a,P05,2,66,a,present,canta,0.71,1.0,2,2,1,1,2,2,gua-pa,0.71,0.9,CAN-ta,8,8,1.546,1.42,
P05_L2_66b,P05,2,66,b,past,cantó,0.44,0.76,2,2,1,1,2,2,gua-pa,0.64,0.76,can-TÓ,8,8,1.339,1.2,
P05_L2_67a,P05,2,67,a,present,junta,0.54,0.87,2,2,1,1,2,2,nue-ra,0.54,0.78,JUN-ta,8,8,1.442,1.372,
P05_L2_67b,P05,2,67,b,past,juntó,0.5,0.8,2,2,1,1,2,2,nue-ra,0.73,0.8,jun-TÓ,8,8,1.546,1.29,
P05_L2_68a,P05,2,68,a,present,marca,0.64,0.94,2,2,1,1,2,2,gra-sa,0.64,0.83,MAR-ca,8,8,1.477,1.19,
P05_L2_68b,P05,2,68,b,past,marcó,0.57,0.88,2,2,1,1,2,2,gra-sa,0.75,0.88,mar-CÓ,8,8,1.305,1.22,
P05_L2_69a,P05,2,69,a,present,mezcla,0.68,1.04,2,2,1,1,2,2,fla-ca,0.68,0.87,MEZ-cla,8,8,1.717,1.26,"duration_gap(audio 1.72s,aligned 1.26s)"
P05_L2_69b,P05,2,69,b,past,mezcló,0.68,1.04,2,2,1,1,2,2,fla-ca,0.88,1.04,mez-CLÓ,8,8,1.752,1.602,
P05_L2_70a,P05,2,70,a,present,sopla,0.65,0.99,2,2,1,1,2,2,hués-ped,0.65,0.86,SO-pla,8,8,1.58,1.31,
P05_L2_70b,P05,2,70,b,past,sopló,0.64,0.99,2,2,1,1,2,2,hués-ped,0.85,0.99,so-PLÓ,8,8,1.614,1.35,
P05_L2_71a,P05,2,71,a,present,culpa,0.61,1.02,2,2,1,1,2,2,cón-sul,0.61,0.88,CUL-pa,8,8,1.752,1.62,
P05_L2_71b,P05,2,71,b,past,culpó,0.6,1.05,2,2,1,1,2,2,cón-sul,0.8,1.05,cul-PÓ,8,8,1.82,1.73,
P05_L2_72a,P05,2,72,a,present,mancha,0.48,0.76,2,2,1,1,2,2,rue-da,0.48,0.65,MAN-cha,9,9,1.546,1.27,
P05_L2_72b,P05,2,72,b,past,manchó,0.84,1.14,2,2,1,1,2,2,rue-da,1.02,1.14,man-CHÓ,9,9,1.717,1.27,"duration_gap(audio 1.72s,aligned 1.27s)"
P05_L2_73a,P05,2,73,a,present,gasta,0.55,0.9,2,2,1,1,2,2,ri-ca,0.55,0.77,GAS-ta,9,9,1.752,1.36,
P05_L2_73b,P05,2,73,b,past,gastó,0.56,0.84,2,2,1,1,2,2,ri-ca,0.76,0.84,gas-TÓ,9,9,1.408,1.318,
P05_L2_74a,P05,2,74,a,present,salta,0.52,0.83,2,2,1,1,2,2,ca-bra,0.52,0.73,SAL-ta,8,8,1.271,1.271,
P05_L2_74b,P05,2,74,b,past,saltó,0.81,1.11,2,2,1,1,2,2,ca-bra,1.01,1.11,sal-TÓ,8,8,1.511,1.141,
P05_L2_75a,P05,2,75,a,present,corta,0.74,1.03,2,2,1,1,2,2,mo-zo,0.74,0.93,COR-ta,8,8,1.722,1.24,"duration_gap(audio 1.72s,aligned 1.24s)"
P05_L2_75b,P05,2,75,b,past,cortó,0.82,1.07,2,2,1,1,2,2,mo-zo,0.95,1.07,cor-TÓ,8,8,1.667,1.27,
P05_L2_76a,P05,2,76,a,present,busca,0.6,0.92,2,2,1,1,2,2,ru-bia,0.6,0.82,BUS-ca,9,9,1.556,1.3,
P05_L2_76b,P05,2,76,b,past,buscó,0.57,0.87,2,2,1,1,2,2,ru-bia,0.76,0.87,bus-CÓ,9,9,1.389,1.26,
P05_L2_77a,P05,2,77,a,present,limpia,0.58,0.85,2,2,1,1,2,2,tra-po,0.58,0.74,LIM-pia,9,9,2.056,1.32,"duration_gap(audio 2.06s,aligned 1.32s)"
P05_L2_77b,P05,2,77,b,past,limpió,0.78,1.09,2,2,1,1,2,2,tra-po,0.94,1.09,lim-PIÓ,9,9,1.889,1.52,
P05_L2_78a,P05,2,78,a,present,planta,0.63,0.91,2,2,1,1,2,2,cu-ra,0.63,0.83,PLAN-ta,9,9,1.833,1.39,
P05_L2_78b,P05,2,78,b,past,plantó,0.52,0.83,2,2,1,1,2,2,cu-ra,0.73,0.83,plan-TÓ,9,9,1.5,1.41,
P05_L2_79a,P05,2,79,a,present,filtra,0.51,0.87,2,2,1,1,2,2,ma-lla,0.51,0.79,FIL-tra,9,9,1.667,1.3,
P05_L2_79b,P05,2,79,b,past,filtró,0.64,0.96,2,2,1,1,2,2,ma-lla,0.9,0.96,fil-TRÓ,9,9,1.5,1.32,
P05_L2_80a,P05,2,80,a,present,monta,0.37,0.63,2,2,1,1,2,2,nie-to,0.37,0.55,MON-ta,11,11,1.945,1.35,"duration_gap(audio 1.94s,aligned 1.35s)"
P05_L2_80b,P05,2,80,b,past,montó,0.6,0.85,2,2,1,1,2,2,nie-to,0.76,0.85,mon-TÓ,11,11,1.667,1.27,
P05_L2_81a,P05,2,81,a,present,canta,0.75,1.03,2,2,1,1,2,2,vie-jo,0.75,0.95,CAN-ta,9,9,1.556,1.256,
P05_L2_81b,P05,2,81,b,past,cantó,0.76,1.05,2,2,1,1,2,2,vie-jo,0.97,1.05,can-TÓ,9,9,1.778,1.35,
P05_L2_82a,P05,2,82,a,present,junta,0.68,0.99,2,2,1,1,2,2,ga-ta,0.68,0.89,JUN-ta,9,9,1.722,1.2,"duration_gap(audio 1.72s,aligned 1.20s)"
P05_L2_82b,P05,2,82,b,past,juntó,0.36,0.66,2,2,1,1,2,2,ga-ta,0.56,0.66,jun-TÓ,9,9,1.333,1.13,
P05_L2_83a,P05,2,83,a,present,marca,0.42,0.7,2,2,1,1,2,2,bi-ci,0.42,0.61,MAR-ca,8,8,1.5,1.07,"duration_gap(audio 1.50s,aligned 1.07s)"
P05_L2_83b,P05,2,83,b,past,marcó,0.74,1.06,2,2,1,1,2,2,bi-ci,0.96,1.06,mar-CÓ,8,8,1.5,1.19,
P05_L2_84a,P05,2,84,a,present,mezcla,0.4,0.74,2,2,1,1,2,2,pre-sa,0.4,0.57,MEZ-cla,9,9,1.382,1.17,
P05_L2_84b,P05,2,84,b,past,mezcló,0.63,0.99,2,2,1,1,2,2,pre-sa,0.83,0.99,mez-CLÓ,9,9,1.633,1.44,
P05_L2_85a,P05,2,85,a,present,sopla,0.52,0.8,2,2,1,1,2,2,mon-ja,0.52,0.7,SO-pla,8,8,1.62,1.17,"duration_gap(audio 1.62s,aligned 1.17s)"
P05_L2_85b,P05,2,85,b,past,sopló,0.63,0.98,2,2,1,1,2,2,mon-ja,0.86,0.98,so-PLÓ,8,8,1.485,1.485,
P05_L2_86a,P05,2,86,a,present,culpa,0.6,0.88,2,2,1,1,2,2,no-via,0.6,0.79,CUL-pa,8,8,1.374,1.304,
P05_L2_86b,P05,2,86,b,past,culpó,0.54,0.88,2,2,1,1,2,2,no-via,0.75,0.88,cul-PÓ,8,8,1.464,1.404,
P05_L2_87a,P05,2,87,a,present,mancha,0.65,0.95,2,2,1,1,2,2,san-gre,0.65,0.82,MAN-cha,8,8,1.675,1.27,
P05_L2_87b,P05,2,87,b,past,manchó,0.83,1.15,2,2,1,1,2,2,san-gre,1.02,1.15,man-CHÓ,8,8,1.845,1.32,"duration_gap(audio 1.85s,aligned 1.32s)"
P05_L2_88a,P05,2,88,a,present,gasta,0.61,0.87,2,2,1,1,2,2,no-vio,0.61,0.79,GAS-ta,8,8,1.634,1.04,"duration_gap(audio 1.63s,aligned 1.04s)"
P05_L2_88b,P05,2,88,b,past,gastó,0.6,0.84,2,2,1,1,2,2,no-vio,0.76,0.84,gas-TÓ,8,8,1.414,1.1,
P05_L2_89a,P05,2,89,a,present,salta,0.46,0.76,2,2,1,1,2,2,ma-go,0.46,0.68,SAL-ta,10,10,1.336,1.246,
P05_L2_89b,P05,2,89,b,past,saltó,0.45,0.81,2,2,1,1,2,2,ma-go,0.7,0.81,sal-TÓ,10,10,1.58,1.58,
P05_L2_90a,P05,2,90,a,present,corta,0.48,0.81,2,2,1,1,2,2,mu-la,0.48,0.68,COR-ta,8,8,1.169,1.119,
P05_L2_90b,P05,2,90,b,past,cortó,0.73,1.02,2,2,1,1,2,2,mu-la,0.89,1.02,cor-TÓ,8,8,1.44,1.23,
