pid,list,item,variant,tense,sentence,target_verb,n_syllables,stress_idx,stress_start,stress_end,verb_syllable_labels,file
P01,1,1,a,present,el dueño busca la llave,busca,2,0,0.59,0.79,bus.ka,P01_L1_01a
P01,1,1,b,past,el dueño buscó la llave,buscó,2,1,0.79,0.94,bus.ko,P01_L1_01b
P01,1,2,a,present,el cloro limpia el virus,limpia,2,0,0.66,0.91,lim.pja,P01_L1_02a
P01,1,2,b,past,el cloro limpió el virus,limpió,2,1,0.76,0.97,lim.pjo,P01_L1_02b
P01,1,3,a,present,el hijo planta el árbol,planta,2,0,0.54,0.77,plan.t̪a,P01_L1_03a
P01,1,3,b,past,el hijo plantó el árbol,plantó,2,1,0.7,0.83,plan.t̪o,P01_L1_03b
P01,1,4,a,present,el grifo filtra el agua,filtra,2,0,0.66,1.04,filt̪.ɾa,P01_L1_04a
P01,1,4,b,past,el grifo filtró el agua,filtró,2,1,1.01,1.2,filt̪.ɾo,P01_L1_04b
P01,1,5,a,present,el tío monta el alioli,monta,2,0,0.54,0.8,mon.t̪a,P01_L1_05a
P01,1,5,b,past,el tío montó el alioli,montó,2,1,0.76,0.9,mon.t̪o,P01_L1_05b
P01,1,6,a,present,el ave canta la canción,canta,2,0,0.51,0.73,kan.t̪a,P01_L1_06a
P01,1,6,b,past,el ave cantó la canción,cantó,2,1,0.72,0.89,kan.t̪o,P01_L1_06b
P01,1,7,a,present,la joven junta la basura,junta,2,0,0.74,1.03,xun.t̪a,P01_L1_07a
P01,1,7,b,past,la joven juntó la basura,juntó,2,1,0.91,1.09,xun.t̪o,P01_L1_07b
P01,1,8,a,present,la osa marca la puerta,marca,2,0,0.72,1.0,mar.ka,P01_L1_08a
P01,1,8,b,past,la osa marcó la puerta,marcó,2,1,0.88,1.01,mar.ko,P01_L1_08b
P01,1,9,a,present,el río mezcla la arena,mezcla,2,0,0.64,0.87,meθ.kla,P01_L1_09a
P01,1,9,b,past,el río mezcló la arena,mezcló,2,1,0.72,0.96,meθ.klo,P01_L1_09b
P01,1,10,a,present,el suegro sopla la vela,sopla,2,0,0.57,0.79,so.pla,P01_L1_10a
P01,1,10,b,past,el suegro sopló la vela,sopló,2,1,0.91,1.07,so.plo,P01_L1_10b
P01,1,11,a,present,el yerno culpa el ruido,culpa,2,0,0.77,0.94,kul.pa,P01_L1_11a
P01,1,11,b,past,el yerno culpó el ruido,culpó,2,1,0.68,0.9,kul.po,P01_L1_11b
P01,1,12,a,present,la tinta mancha la camisa,mancha,2,0,0.58,0.75,man.tʃa,P01_L1_12a
P01,1,12,b,past,la tinta manchó la camisa,manchó,2,1,0.77,0.92,man.tʃo,P01_L1_12b
P01,1,13,a,present,la doña gasta el dinero,gasta,2,0,0.67,0.88,ɡas.t̪a,P01_L1_13a
P01,1,13,b,past,la doña gastó el dinero,gastó,2,1,1.22,1.54,ɡas.t̪o,P01_L1_13b
P01,1,14,a,present,la perra salta la cerca,salta,2,0,0.92,1.24,sal.t̪a,P01_L1_14a
P01,1,14,b,past,la perra saltó la cerca,saltó,2,1,0.99,1.16,sal.t̪o,P01_L1_14b
P01,1,15,a,present,el cúter corta el paquete,corta,2,0,1.51,1.73,kor.t̪a,P01_L1_15a
P01,1,15,b,past,el cúter cortó el paquete,cortó,2,1,1.32,1.44,kor.t̪o,P01_L1_15b
P01,1,16,a,present,la niña busca el gato,busca,2,0,0.94,1.18,bus.ka,P01_L1_16a
P01,1,16,b,past,la niña buscó el gato,buscó,2,1,0.98,1.22,bus.ko,P01_L1_16b
P01,1,17,a,present,la madre limpia la casa,limpia,2,0,0.59,0.81,lim.pja,P01_L1_17a
P01,1,17,b,past,la madre limpió la casa,limpió,2,1,0.84,1.08,lim.pjo,P01_L1_17b
P01,1,18,a,present,la hija planta la flor,planta,2,0,0.92,1.18,plan.t̪a,P01_L1_18a
P01,1,18,b,past,la hija plantó la flor,plantó,2,1,1.12,1.25,plan.t̪o,P01_L1_18b
P01,1,19,a,present,el termo filtra el té,filtra,2,0,0.87,1.21,filt̪.ɾa,P01_L1_19a
P01,1,19,b,past,el termo filtró el té,filtró,2,1,1.31,1.43,filt̪.ɾo,P01_L1_19b
P01,1,20,a,present,la tía monta la nata,monta,2,0,0.77,1.01,mon.t̪a,P01_L1_20a
P01,1,20,b,past,la tía montó la nata,montó,2,1,0.94,1.11,mon.t̪o,P01_L1_20b
P01,1,21,a,present,la nieta canta el himno,canta,2,0,0.8,1.04,kan.t̪a,P01_L1_21a
P01,1,21,b,past,la nieta cantó el himno,cantó,2,1,0.87,1.03,kan.t̪o,P01_L1_21b
P01,1,22,a,present,el duque junta la leña,junta,2,0,0.6,0.87,xun.t̪a,P01_L1_22a
P01,1,22,b,past,el duque juntó la leña,juntó,2,1,0.8,0.94,xun.t̪o,P01_L1_22b
P01,1,23,a,present,el perro marca el territorio,marca,2,0,0.8,1.09,mar.ka,P01_L1_23a
P01,1,23,b,past,el perro marcó el territorio,marcó,2,1,0.86,1.0,mar.ko,P01_L1_23b
P01,1,24,a,present,el lobo mezcla la carne,mezcla,2,0,0.53,0.78,meθ.kla,P01_L1_24a
P01,1,24,b,past,el lobo mezcló la carne,mezcló,2,1,0.75,0.99,meθ.klo,P01_L1_24b
P01,1,25,a,present,el nene sopla el guiso,sopla,2,0,0.54,0.76,so.pla,P01_L1_25a
P01,1,25,b,past,el nene sopló el guiso,sopló,2,1,0.77,0.98,so.plo,P01_L1_25b
P01,1,26,a,present,la dama culpa la tormenta,culpa,2,0,0.65,0.82,kul.pa,P01_L1_26a
P01,1,26,b,past,la dama culpó la tormenta,culpó,2,1,0.74,1.09,kul.po,P01_L1_26b
P01,1,27,a,present,el lodo mancha el pantalón,mancha,2,0,0.37,0.59,man.tʃa,P01_L1_27a
P01,1,27,b,past,el lodo manchó el pantalón,manchó,2,1,0.94,1.06,man.tʃo,P01_L1_27b
P01,1,28,a,present,el chico gasta la pila,gasta,2,0,1.11,1.29,ɡas.t̪a,P01_L1_28a
P01,1,28,b,past,el chico gastó la pila,gastó,2,1,0.92,1.0,ɡas.t̪o,P01_L1_28b
P01,1,29,a,present,el socio salta el control,salta,2,0,0.76,1.07,sal.t̪a,P01_L1_29a
P01,1,29,b,past,el socio saltó el control,saltó,2,1,0.9,1.01,sal.t̪o,P01_L1_29b
P01,1,30,a,present,la nena corta la cartulina,corta,2,0,0.77,0.94,kor.t̪a,P01_L1_30a
P01,1,30,b,past,la nena cortó la cartulina,cortó,2,1,0.87,1.07,kor.t̪o,P01_L1_30b
P01,1,31,a,present,el móvil busca la señal,busca,2,0,0.72,0.93,bus.ka,P01_L1_31a
P01,1,31,b,past,el móvil buscó la señal,buscó,2,1,0.79,0.96,bus.ko,P01_L1_31b
P01,1,32,a,present,el coche limpia la nieve,limpia,2,0,0.6,0.82,lim.pja,P01_L1_32a
P01,1,32,b,past,el coche limpió la nieve,limpió,2,1,0.85,1.04,lim.pjo,P01_L1_32b
P01,1,33,a,present,la reina planta el rosal,planta,2,0,0.79,1.0,plan.t̪a,P01_L1_33a
P01,1,33,b,past,la reina plantó el rosal,plantó,2,1,0.9,1.03,plan.t̪o,P01_L1_33b
P01,1,34,a,present,la jarra filtra el caldo,filtra,2,0,0.69,0.97,filt̪.ɾa,P01_L1_34a
P01,1,34,b,past,la jarra filtró el caldo,filtró,2,1,1.15,1.3,filt̪.ɾo,P01_L1_34b
P01,1,35,a,present,el monje monta la mayonesa,monta,2,0,0.62,0.89,mon.t̪a,P01_L1_35a
P01,1,35,b,past,el monje montó la mayonesa,montó,2,1,1.12,1.3,mon.t̪o,P01_L1_35b
P01,1,36,a,present,el loro canta la melodía,canta,2,0,0.79,0.99,kan.t̪a,P01_L1_36a
P01,1,36,b,past,el loro cantó la melodía,cantó,2,1,0.74,0.86,kan.t̪o,P01_L1_36b
P01,1,37,a,present,el clavo junta la madera,junta,2,0,0.85,1.09,xun.t̪a,P01_L1_37a
P01,1,37,b,past,el clavo juntó la madera,juntó,2,1,0.95,1.11,xun.t̪o,P01_L1_37b
P01,1,38,a,present,el sastre marca el traje,marca,2,0,0.79,1.06,mar.ka,P01_L1_38a
P01,1,38,b,past,el sastre marcó el traje,marcó,2,1,0.95,1.12,mar.ko,P01_L1_38b
P01,1,39,a,present,la brocha mezcla la pintura,mezcla,2,0,0.81,1.0,meθ.kla,P01_L1_39a
P01,1,39,b,past,la brocha mezcló la pintura,mezcló,2,1,1.09,1.28,meθ.klo,P01_L1_39b
P01,1,40,a,present,la suegra sopla la sopa,sopla,2,0,0.73,0.98,so.pla,P01_L1_40a
P01,1,40,b,past,la suegra sopló la sopa,sopló,2,1,0.93,1.09,so.plo,P01_L1_40b
P01,1,41,a,present,el conde culpa el error,culpa,2,0,0.82,1.09,kul.pa,P01_L1_41a
P01,1,41,b,past,el conde culpó el error,culpó,2,1,0.91,1.08,kul.po,P01_L1_41b
P01,1,42,a,present,el zumo mancha la servilleta,mancha,2,0,0.67,0.87,man.tʃa,P01_L1_42a
P01,1,42,b,past,el zumo manchó la servilleta,manchó,2,1,0.84,1.08,man.tʃo,P01_L1_42b
P01,1,43,a,present,la jueza gasta el sueldo,gasta,2,0,0.76,0.98,ɡas.t̪a,P01_L1_43a
P01,1,43,b,past,la jueza gastó el sueldo,gastó,2,1,1.02,1.16,ɡas.t̪o,P01_L1_43b
P01,1,44,a,present,la rana salta la piedra,salta,2,0,0.77,1.03,sal.t̪a,P01_L1_44a
P01,1,44,b,past,la rana saltó la piedra,saltó,2,1,0.79,0.92,sal.t̪o,P01_L1_44b
P01,1,45,a,present,el láser corta el acero,corta,2,0,0.71,0.88,kor.t̪a,P01_L1_45a
P01,1,45,b,past,el láser cortó el acero,cortó,2,1,0.95,1.14,kor.t̪o,P01_L1_45b
P01,1,46,a,present,el padre busca el libro,busca,2,0,0.58,0.76,bus.ka,P01_L1_46a
P01,1,46,b,past,el padre buscó el libro,buscó,2,1,0.88,1.08,bus.ko,P01_L1_46b
P01,1,47,a,present,la lluvia limpia la calle,limpia,2,0,0.71,0.93,lim.pja,P01_L1_47a
P01,1,47,b,past,la lluvia limpió la calle,limpió,2,1,1.08,1.31,lim.pjo,P01_L1_47b
P01,1,48,a,present,el líder planta la semilla,planta,2,0,0.7,0.95,plan.t̪a,P01_L1_48a
P01,1,48,b,past,el líder plantó la semilla,plantó,2,1,0.92,1.07,plan.t̪o,P01_L1_48b
P01,1,49,a,present,la tela filtra el café,filtra,2,0,0.76,1.1,filt̪.ɾa,P01_L1_49a
P01,1,49,b,past,la tela filtró el café,filtró,2,1,1.06,1.16,filt̪.ɾo,P01_L1_49b
P01,1,50,a,present,la dueña monta la tienda,monta,2,0,0.61,0.82,mon.t̪a,P01_L1_50a
P01,1,50,b,past,la dueña montó la tienda,montó,2,1,0.94,1.13,mon.t̪o,P01_L1_50b
P01,1,51,a,present,la gorda canta la ópera,canta,2,0,0.78,1.0,kan.t̪a,P01_L1_51a
P01,1,51,b,past,la gorda cantó la ópera,cantó,2,1,0.84,0.99,kan.t̪o,P01_L1_51b
P01,1,52,a,present,el primo junta el papel,junta,2,0,0.78,1.02,xun.t̪a,P01_L1_52a
P01,1,52,b,past,el primo juntó el papel,juntó,2,1,0.81,0.92,xun.t̪o,P01_L1_52b
P01,1,53,a,present,el hombre marca la ruta,marca,2,0,0.67,0.91,mar.ka,P01_L1_53a
P01,1,53,b,past,el hombre marcó la ruta,marcó,2,1,0.82,0.97,mar.ko,P01_L1_53b
P01,1,54,a,present,el lago mezcla la tierra,mezcla,2,0,0.66,0.87,meθ.kla,P01_L1_54a
P01,1,54,b,past,el lago mezcló la tierra,mezcló,2,1,0.86,1.03,meθ.klo,P01_L1_54b
P01,1,55,a,present,la chica sopla el polvo,sopla,2,0,0.69,0.95,so.pla,P01_L1_55a
P01,1,55,b,past,la chica sopló el polvo,sopló,2,1,0.96,1.16,so.plo,P01_L1_55b
P01,1,56,a,present,la ama culpa la demora,culpa,2,0,0.64,0.84,kul.pa,P01_L1_56a
P01,1,56,b,past,la ama culpó la demora,culpó,2,1,0.86,1.03,kul.po,P01_L1_56b
P01,1,57,a,present,el vino mancha la mesa,mancha,2,0,0.67,0.88,man.tʃa,P01_L1_57a
P01,1,57,b,past,el vino manchó la mesa,manchó,2,1,0.68,0.86,man.tʃo,P01_L1_57b
P01,1,58,a,present,el carro gasta la gasolina,gasta,2,0,0.67,0.87,ɡas.t̪a,P01_L1_58a
P01,1,58,b,past,el carro gastó la gasolina,gastó,2,1,0.76,0.89,ɡas.t̪o,P01_L1_58b
P01,1,59,a,present,el niño salta el charco,salta,2,0,0.51,0.79,sal.t̪a,P01_L1_59a
P01,1,59,b,past,el niño saltó el charco,saltó,2,1,0.92,1.07,sal.t̪o,P01_L1_59b
P01,1,60,a,present,la rata corta el queso,corta,2,0,0.75,1.02,kor.t̪a,P01_L1_60a
P01,1,60,b,past,la rata cortó el queso,cortó,2,1,0.81,0.99,kor.t̪o,P01_L1_60b
P01,1,61,a,present,la vaca busca la paja,busca,2,0,0.59,0.78,bus.ka,P01_L1_61a
P01,1,61,b,past,la vaca buscó la paja,buscó,2,1,0.76,0.9,bus.ko,P01_L1_61b
P01,1,62,a,present,la prima limpia el baño,limpia,2,0,0.65,0.86,lim.pja,P01_L1_62a
P01,1,62,b,past,la prima limpió el baño,limpió,2,1,0.71,0.95,lim.pjo,P01_L1_62b
P01,1,63,a,present,la vieja planta el jazmín,planta,2,0,0.71,0.93,plan.t̪a,P01_L1_63a
P01,1,63,b,past,la vieja plantó el jazmín,plantó,2,1,0.94,1.13,plan.t̪o,P01_L1_63b
P01,1,64,a,present,el filtro filtra el aire,filtra,2,0,1.26,1.6,filt̪.ɾa,P01_L1_64a
P01,1,64,b,past,el filtro filtró el aire,filtró,2,1,1.38,1.63,filt̪.ɾo,P01_L1_64b
P01,1,65,a,present,la jefa monta el escritorio,monta,2,0,0.95,1.22,mon.t̪a,P01_L1_65a
P01,1,65,b,past,la jefa montó el escritorio,montó,2,1,0.89,1.06,mon.t̪o,P01_L1_65b
P01,1,66,a,present,la guapa canta la nana,canta,2,0,0.66,0.91,kan.t̪a,P01_L1_66a
P01,1,66,b,past,la guapa cantó la nana,cantó,2,1,1.01,1.13,kan.t̪o,P01_L1_66b
P01,1,67,a,present,la nuera junta el cartón,junta,2,0,0.73,1.01,xun.t̪a,P01_L1_67a
P01,1,67,b,past,la nuera juntó el cartón,juntó,2,1,0.92,1.13,xun.t̪o,P01_L1_67b
P01,1,68,a,present,la grasa marca la pared,marca,2,0,0.7,0.97,mar.ka,P01_L1_68a
P01,1,68,b,past,la grasa marcó la pared,marcó,2,1,1.08,1.23,mar.ko,P01_L1_68b
P01,1,69,a,present,la flaca mezcla el yogur,mezcla,2,0,0.92,1.15,meθ.kla,P01_L1_69a
P01,1,69,b,past,la flaca mezcló el yogur,mezcló,2,1,1.05,1.23,meθ.klo,P01_L1_69b
P01,1,70,a,present,el huésped sopla la pizza,sopla,2,0,0.87,1.1,so.pla,P01_L1_70a
P01,1,70,b,past,el huésped sopló la pizza,sopló,2,1,0.98,1.18,so.plo,P01_L1_70b
P01,1,71,a,present,el cónsul culpa la crisis,culpa,2,0,1.23,1.44,kul.pa,P01_L1_71a
P01,1,71,b,past,el cónsul culpó la crisis,culpó,2,1,1.13,1.39,kul.po,P01_L1_71b
P01,1,72,a,present,la rueda mancha el garaje,mancha,2,0,0.94,1.22,man.tʃa,P01_L1_72a
P01,1,72,b,past,la rueda manchó el garaje,manchó,2,1,1.06,1.34,man.tʃo,P01_L1_72b
P01,1,73,a,present,la rica gasta el crédito,gasta,2,0,0.94,1.2,ɡas.t̪a,P01_L1_73a
P01,1,73,b,past,la rica gastó el crédito,gastó,2,1,0.98,1.13,ɡas.t̪o,P01_L1_73b
P01,1,74,a,present,la cabra salta la valla,salta,2,0,0.68,0.95,sal.t̪a,P01_L1_74a
P01,1,74,b,past,la cabra saltó la valla,saltó,2,1,1.2,1.34,sal.t̪o,P01_L1_74b
P01,1,75,a,present,el mozo corta la cinta,corta,2,0,1.2,1.4,kor.t̪a,P01_L1_75a
P01,1,75,b,past,el mozo cortó la cinta,cortó,2,1,1.11,1.35,kor.t̪o,P01_L1_75b
P01,1,76,a,present,la rubia busca el anillo,busca,2,0,0.62,0.84,bus.ka,P01_L1_76a
P01,1,76,b,past,la rubia buscó el anillo,buscó,2,1,0.98,1.11,bus.ko,P01_L1_76b
P01,1,77,a,present,el trapo limpia la suciedad,limpia,2,0,0.58,0.77,lim.pja,P01_L1_77a
P01,1,77,b,past,el trapo limpió la suciedad,limpió,2,1,0.92,1.19,lim.pjo,P01_L1_77b
P01,1,78,a,present,el cura planta el geranio,planta,2,0,0.81,1.04,plan.t̪a,P01_L1_78a
P01,1,78,b,past,el cura plantó el geranio,plantó,2,1,1.02,1.18,plan.t̪o,P01_L1_78b
P01,1,79,a,present,la malla filtra el aceite,filtra,2,0,0.69,0.98,filt̪.ɾa,P01_L1_79a
P01,1,79,b,past,la malla filtró el aceite,filtró,2,1,1.26,1.36,filt̪.ɾo,P01_L1_79b
P01,1,80,a,present,el nieto monta la estantería,monta,2,0,0.55,0.76,mon.t̪a,P01_L1_80a
P01,1,80,b,past,el nieto montó la estantería,montó,2,1,0.74,0.99,mon.t̪o,P01_L1_80b
P01,1,81,a,present,el viejo canta el bolero,canta,2,0,0.66,0.85,kan.t̪a,P01_L1_81a
P01,1,81,b,past,el viejo cantó el bolero,cantó,2,1,0.94,1.05,kan.t̪o,P01_L1_81b
P01,1,82,a,present,la gata junta la comida,junta,2,0,0.58,0.82,xun.t̪a,P01_L1_82a
P01,1,82,b,past,la gata juntó la comida,juntó,2,1,0.74,0.88,xun.t̪o,P01_L1_82b
P01,1,83,a,present,la bici marca el suelo,marca,2,0,0.65,0.88,mar.ka,P01_L1_83a
P01,1,83,b,past,la bici marcó el suelo,marcó,2,1,0.87,1.03,mar.ko,P01_L1_83b
P01,1,84,a,present,la presa mezcla el cemento,mezcla,2,0,0.58,0.81,meθ.kla,P01_L1_84a
P01,1,84,b,past,la presa mezcló el cemento,mezcló,2,1,0.85,0.99,meθ.klo,P01_L1_84b
P01,1,85,a,present,la monja sopla el fuego,sopla,2,0,1.28,1.57,so.pla,P01_L1_85a
P01,1,85,b,past,la monja sopló el fuego,sopló,2,1,1.14,1.38,so.plo,P01_L1_85b
P01,1,86,a,present,la novia culpa el calor,culpa,2,0,0.62,0.87,kul.pa,P01_L1_86a
P01,1,86,b,past,la novia culpó el calor,culpó,2,1,0.91,1.12,kul.po,P01_L1_86b
P01,1,87,a,present,la sangre mancha la falda,mancha,2,0,0.68,0.9,man.tʃa,P01_L1_87a
P01,1,87,b,past,la sangre manchó la falda,manchó,2,1,0.89,1.09,man.tʃo,P01_L1_87b
P01,1,88,a,present,el novio gasta el jabón,gasta,2,0,0.73,0.97,ɡas.t̪a,P01_L1_88a
P01,1,88,b,past,el novio gastó el jabón,gastó,2,1,0.97,1.28,ɡas.t̪o,P01_L1_88b
P01,1,89,a,present,el mago salta el obstáculo,salta,2,0,0.72,1.04,sal.t̪a,P01_L1_89a
P01,1,89,b,past,el mago saltó el obstáculo,saltó,2,1,0.8,0.94,sal.t̪o,P01_L1_89b
P01,1,90,a,present,la mula corta el heno,corta,2,0,1.06,1.28,kor.t̪a,P01_L1_90a
P01,1,90,b,past,la mula cortó el heno,cortó,2,1,1.11,1.33,kor.t̪o,P01_L1_90b
P01,2,1,a,present,el dueño busca la llave,busca,2,0,0.66,0.85,bus.ka,P01_L2_01a
P01,2,1,b,past,el dueño buscó la llave,buscó,2,1,0.89,1.04,bus.ko,P01_L2_01b
P01,2,2,a,present,el cloro limpia el virus,limpia,2,0,0.58,0.78,lim.pja,P01_L2_02a
P01,2,2,b,past,el cloro limpió el virus,limpió,2,1,0.87,1.07,lim.pjo,P01_L2_02b
P01,2,3,a,present,el hijo planta el árbol,planta,2,0,0.57,0.81,plan.t̪a,P01_L2_03a
P01,2,3,b,past,el hijo plantó el árbol,plantó,2,1,0.82,0.93,plan.t̪o,P01_L2_03b
P01,2,4,a,present,el grifo filtra el agua,filtra,2,0,0.68,1.04,filt̪.ɾa,P01_L2_04a
P01,2,4,b,past,el grifo filtró el agua,filtró,2,1,1.12,1.27,filt̪.ɾo,P01_L2_04b
P01,2,5,a,present,el tío monta el alioli,monta,2,0,0.83,1.1,mon.t̪a,P01_L2_05a
P01,2,5,b,past,el tío montó el alioli,montó,2,1,0.9,1.01,mon.t̪o,P01_L2_05b
P01,2,6,a,present,el ave canta la canción,canta,2,0,0.59,0.85,kan.t̪a,P01_L2_06a
P01,2,6,b,past,el ave cantó la canción,cantó,2,1,0.92,1.02,kan.t̪o,P01_L2_06b
P01,2,7,a,present,la joven junta la basura,junta,2,0,0.57,0.87,xun.t̪a,P01_L2_07a
P01,2,7,b,past,la joven juntó la basura,juntó,2,1,1.02,1.14,xun.t̪o,P01_L2_07b
P01,2,8,a,present,la osa marca la puerta,marca,2,0,0.55,0.79,mar.ka,P01_L2_08a
P01,2,8,b,past,la osa marcó la puerta,marcó,2,1,0.93,1.04,mar.ko,P01_L2_08b
P01,2,9,a,present,el río mezcla la arena,mezcla,2,0,0.71,1.0,meθ.kla,P01_L2_09a
P01,2,9,b,past,el río mezcló la arena,mezcló,2,1,0.86,1.04,meθ.klo,P01_L2_09b
P01,2,10,a,present,el suegro sopla la vela,sopla,2,0,0.78,1.02,so.pla,P01_L2_10a
P01,2,10,b,past,el suegro sopló la vela,sopló,2,1,1.61,1.76,so.plo,P01_L2_10b
P01,2,11,a,present,el yerno culpa el ruido,culpa,2,0,0.81,0.99,kul.pa,P01_L2_11a
P01,2,11,b,past,el yerno culpó el ruido,culpó,2,1,0.99,1.22,kul.po,P01_L2_11b
P01,2,12,a,present,la tinta mancha la camisa,mancha,2,0,0.64,0.84,man.tʃa,P01_L2_12a
P01,2,12,b,past,la tinta manchó la camisa,manchó,2,1,0.87,1.04,man.tʃo,P01_L2_12b
P01,2,13,a,present,la doña gasta el dinero,gasta,2,0,0.62,0.91,ɡas.t̪a,P01_L2_13a
P01,2,13,b,past,la doña gastó el dinero,gastó,2,1,0.89,0.97,ɡas.t̪o,P01_L2_13b
P01,2,14,a,present,la perra salta la cerca,salta,2,0,0.64,0.91,sal.t̪a,P01_L2_14a
P01,2,14,b,past,la perra saltó la cerca,saltó,2,1,1.07,1.24,sal.t̪o,P01_L2_14b
P01,2,15,a,present,el cúter corta el paquete,corta,2,0,0.73,0.95,kor.t̪a,P01_L2_15a
P01,2,15,b,past,el cúter cortó el paquete,cortó,2,1,0.83,0.94,kor.t̪o,P01_L2_15b
P01,2,16,a,present,la niña busca el gato,busca,2,0,0.53,0.76,bus.ka,P01_L2_16a
P01,2,16,b,past,la niña buscó el gato,buscó,2,1,0.98,1.1,bus.ko,P01_L2_16b
P01,2,17,a,present,la madre limpia la casa,limpia,2,0,0.53,0.75,lim.pja,P01_L2_17a
P01,2,17,b,past,la madre limpió la casa,limpió,2,1,0.77,0.93,lim.pjo,P01_L2_17b
P01,2,18,a,present,la hija planta la flor,planta,2,0,0.62,0.88,plan.t̪a,P01_L2_18a
P01,2,18,b,past,la hija plantó la flor,plantó,2,1,0.78,0.89,plan.t̪o,P01_L2_18b
P01,2,19,a,present,el termo filtra el té,filtra,2,0,0.67,1.09,filt̪.ɾa,P01_L2_19a
P01,2,19,b,past,el termo filtró el té,filtró,2,1,1.18,1.28,filt̪.ɾo,P01_L2_19b
P01,2,20,a,present,la tía monta la nata,monta,2,0,0.54,0.78,mon.t̪a,P01_L2_20a
P01,2,20,b,past,la tía montó la nata,montó,2,1,1.69,1.81,mon.t̪o,P01_L2_20b
P01,2,21,a,present,la nieta canta el himno,canta,2,0,0.6,0.81,kan.t̪a,P01_L2_21a
P01,2,21,b,past,la nieta cantó el himno,cantó,2,1,0.96,1.07,kan.t̪o,P01_L2_21b
P01,2,22,a,present,el duque junta la leña,junta,2,0,0.58,0.89,xun.t̪a,P01_L2_22a
P01,2,22,b,past,el duque juntó la leña,juntó,2,1,1.04,1.15,xun.t̪o,P01_L2_22b
P01,2,23,a,present,el perro marca el territorio,marca,2,0,0.62,0.85,mar.ka,P01_L2_23a
P01,2,23,b,past,el perro marcó el territorio,marcó,2,1,1.11,1.23,mar.ko,P01_L2_23b
P01,2,24,a,present,el lobo mezcla la carne,mezcla,2,0,0.48,0.71,meθ.kla,P01_L2_24a
P01,2,24,b,past,el lobo mezcló la carne,mezcló,2,1,0.72,0.89,meθ.klo,P01_L2_24b
P01,2,25,a,present,el nene sopla el guiso,sopla,2,0,0.51,0.79,so.pla,P01_L2_25a
P01,2,25,b,past,el nene sopló el guiso,sopló,2,1,0.9,1.03,so.plo,P01_L2_25b
P01,2,26,a,present,la dama culpa la tormenta,culpa,2,0,0.65,0.83,kul.pa,P01_L2_26a
P01,2,26,b,past,la dama culpó la tormenta,culpó,2,1,0.81,0.95,kul.po,P01_L2_26b
P01,2,27,a,present,el lodo mancha el pantalón,mancha,2,0,0.55,0.76,man.tʃa,P01_L2_27a
P01,2,27,b,past,el lodo manchó el pantalón,manchó,2,1,0.88,1.01,man.tʃo,P01_L2_27b
P01,2,28,a,present,el chico gasta la pila,gasta,2,0,0.66,0.88,ɡas.t̪a,P01_L2_28a
P01,2,28,b,past,el chico gastó la pila,gastó,2,1,0.91,1.02,ɡas.t̪o,P01_L2_28b
P01,2,29,a,present,el socio salta el control,salta,2,0,0.74,1.01,sal.t̪a,P01_L2_29a
P01,2,29,b,past,el socio saltó el control,saltó,2,1,1.01,1.17,sal.t̪o,P01_L2_29b
P01,2,30,a,present,la nena corta la cartulina,corta,2,0,0.87,1.17,kor.t̪a,P01_L2_30a
P01,2,30,b,past,la nena cortó la cartulina,cortó,2,1,0.81,0.94,kor.t̪o,P01_L2_30b
P01,2,31,a,present,el móvil busca la señal,busca,2,0,0.8,1.02,bus.ka,P01_L2_31a
P01,2,31,b,past,el móvil buscó la señal,buscó,2,1,0.85,1.0,bus.ko,P01_L2_31b
P01,2,32,a,present,el coche limpia la nieve,limpia,2,0,0.61,0.85,lim.pja,P01_L2_32a
P01,2,32,b,past,el coche limpió la nieve,limpió,2,1,1.04,1.19,lim.pjo,P01_L2_32b
P01,2,33,a,present,la reina planta el rosal,planta,2,0,0.9,1.19,plan.t̪a,P01_L2_33a
P01,2,33,b,past,la reina plantó el rosal,plantó,2,1,0.9,0.99,plan.t̪o,P01_L2_33b
P01,2,34,a,present,la jarra filtra el caldo,filtra,2,0,0.83,1.22,filt̪.ɾa,P01_L2_34a
P01,2,34,b,past,la jarra filtró el caldo,filtró,2,1,1.29,1.55,filt̪.ɾo,P01_L2_34b
P01,2,35,a,present,el monje monta la mayonesa,monta,2,0,0.82,1.09,mon.t̪a,P01_L2_35a
P01,2,35,b,past,el monje montó la mayonesa,montó,2,1,1.13,1.23,mon.t̪o,P01_L2_35b
P01,2,36,a,present,el loro canta la melodía,canta,2,0,0.82,1.1,kan.t̪a,P01_L2_36a
P01,2,36,b,past,el loro cantó la melodía,cantó,2,1,1.18,1.47,kan.t̪o,P01_L2_36b
P01,2,37,a,present,el clavo junta la madera,junta,2,0,0.7,1.04,xun.t̪a,P01_L2_37a
P01,2,37,b,past,el clavo juntó la madera,juntó,2,1,1.0,1.37,xun.t̪o,P01_L2_37b
P01,2,38,a,present,el sastre marca el traje,marca,2,0,0.68,1.02,mar.ka,P01_L2_38a
P01,2,38,b,past,el sastre marcó el traje,marcó,2,1,1.35,1.68,mar.ko,P01_L2_38b
P01,2,39,a,present,la brocha mezcla la pintura,mezcla,2,0,0.73,0.99,meθ.kla,P01_L2_39a
P01,2,39,b,past,la brocha mezcló la pintura,mezcló,2,1,1.03,1.19,meθ.klo,P01_L2_39b
P01,2,40,a,present,la suegra sopla la sopa,sopla,2,0,0.72,1.0,so.pla,P01_L2_40a
P01,2,40,b,past,la suegra sopló la sopa,sopló,2,1,0.97,1.17,so.plo,P01_L2_40b
P01,2,41,a,present,el conde culpa el error,culpa,2,0,0.73,1.05,kul.pa,P01_L2_41a
P01,2,41,b,past,el conde culpó el error,culpó,2,1,1.29,1.45,kul.po,P01_L2_41b
P01,2,42,a,present,el zumo mancha la servilleta,mancha,2,0,0.65,0.92,man.tʃa,P01_L2_42a
P01,2,42,b,past,el zumo manchó la servilleta,manchó,2,1,1.03,1.17,man.tʃo,P01_L2_42b
P01,2,43,a,present,la jueza gasta el sueldo,gasta,2,0,0.72,1.03,ɡas.t̪a,P01_L2_43a
P01,2,43,b,past,la jueza gastó el sueldo,gastó,2,1,1.12,1.25,ɡas.t̪o,P01_L2_43b
P01,2,44,a,present,la rana salta la piedra,salta,2,0,0.96,1.3,sal.t̪a,P01_L2_44a
P01,2,44,b,past,la rana saltó la piedra,saltó,2,1,0.98,1.08,sal.t̪o,P01_L2_44b
P01,2,45,a,present,el láser corta el acero,corta,2,0,0.81,1.05,kor.t̪a,P01_L2_45a
P01,2,45,b,past,el láser cortó el acero,cortó,2,1,1.44,1.55,kor.t̪o,P01_L2_45b
P01,2,46,a,present,el padre busca el libro,busca,2,0,0.72,1.0,bus.ka,P01_L2_46a
P01,2,46,b,past,el padre buscó el libro,buscó,2,1,0.87,1.01,bus.ko,P01_L2_46b
P01,2,47,a,present,la lluvia limpia la calle,limpia,2,0,0.6,0.81,lim.pja,P01_L2_47a
P01,2,47,b,past,la lluvia limpió la calle,limpió,2,1,1.04,1.2,lim.pjo,P01_L2_47b
P01,2,48,a,present,el líder planta la semilla,planta,2,0,0.6,0.86,plan.t̪a,P01_L2_48a
P01,2,48,b,past,el líder plantó la semilla,plantó,2,1,0.91,1.01,plan.t̪o,P01_L2_48b
P01,2,49,a,present,la tela filtra el café,filtra,2,0,0.65,0.99,filt̪.ɾa,P01_L2_49a
P01,2,49,b,past,la tela filtró el café,filtró,2,1,1.3,1.39,filt̪.ɾo,P01_L2_49b
P01,2,50,a,present,la dueña monta la tienda,monta,2,0,0.77,1.08,mon.t̪a,P01_L2_50a
P01,2,50,b,past,la dueña montó la tienda,montó,2,1,1.01,1.11,mon.t̪o,P01_L2_50b
P01,2,51,a,present,la gorda canta la ópera,canta,2,0,0.68,0.97,kan.t̪a,P01_L2_51a
P01,2,51,b,past,la gorda cantó la ópera,cantó,2,1,0.84,0.96,kan.t̪o,P01_L2_51b
P01,2,52,a,present,el primo junta el papel,junta,2,0,1.14,1.44,xun.t̪a,P01_L2_52a
P01,2,52,b,past,el primo juntó el papel,juntó,2,1,0.99,1.11,xun.t̪o,P01_L2_52b
P01,2,53,a,present,el hombre marca la ruta,marca,2,0,0.63,0.99,mar.ka,P01_L2_53a
P01,2,53,b,past,el hombre marcó la ruta,marcó,2,1,1.33,1.5,mar.ko,P01_L2_53b
P01,2,54,a,present,el lago mezcla la tierra,mezcla,2,0,0.59,0.83,meθ.kla,P01_L2_54a
P01,2,54,b,past,el lago mezcló la tierra,mezcló,2,1,0.86,1.21,meθ.klo,P01_L2_54b
P01,2,55,a,present,la chica sopla el polvo,sopla,2,0,0.71,0.97,so.pla,P01_L2_55a
P01,2,55,b,past,la chica sopló el polvo,sopló,2,1,1.13,1.27,so.plo,P01_L2_55b
P01,2,56,a,present,la ama culpa la demora,culpa,2,0,0.8,1.0,kul.pa,P01_L2_56a
P01,2,56,b,past,la ama culpó la demora,culpó,2,1,1.02,1.19,kul.po,P01_L2_56b
P01,2,57,a,present,el vino mancha la mesa,mancha,2,0,0.59,0.9,man.tʃa,P01_L2_57a
P01,2,57,b,past,el vino manchó la mesa,manchó,2,1,0.77,0.94,man.tʃo,P01_L2_57b
P01,2,58,a,present,el carro gasta la gasolina,gasta,2,0,0.68,0.99,ɡas.t̪a,P01_L2_58a
P01,2,58,b,past,el carro gastó la gasolina,gastó,2,1,1.04,1.14,ɡas.t̪o,P01_L2_58b
P01,2,59,a,present,el niño salta el charco,salta,2,0,0.53,0.88,sal.t̪a,P01_L2_59a
P01,2,59,b,past,el niño saltó el charco,saltó,2,1,0.94,1.03,sal.t̪o,P01_L2_59b
P01,2,60,a,present,la rata corta el queso,corta,2,0,0.73,0.93,kor.t̪a,P01_L2_60a
P01,2,60,b,past,la rata cortó el queso,cortó,2,1,0.93,1.02,kor.t̪o,P01_L2_60b
P01,2,61,a,present,la vaca busca la paja,busca,2,0,0.84,1.04,bus.ka,P01_L2_61a
P01,2,61,b,past,la vaca buscó la paja,buscó,2,1,0.69,0.83,bus.ko,P01_L2_61b
P01,2,62,a,present,la prima limpia el baño,limpia,2,0,0.56,0.83,lim.pja,P01_L2_62a
P01,2,62,b,past,la prima limpió el baño,limpió,2,1,0.93,1.12,lim.pjo,P01_L2_62b
P01,2,63,a,present,la vieja planta el jazmín,planta,2,0,0.75,0.98,plan.t̪a,P01_L2_63a
P01,2,63,b,past,la vieja plantó el jazmín,plantó,2,1,1.22,1.31,plan.t̪o,P01_L2_63b
P01,2,64,a,present,el filtro filtra el aire,filtra,2,0,0.85,1.22,filt̪.ɾa,P01_L2_64a
P01,2,64,b,past,el filtro filtró el aire,filtró,2,1,1.2,1.29,filt̪.ɾo,P01_L2_64b
P01,2,65,a,present,la jefa monta el escritorio,monta,2,0,0.82,1.16,mon.t̪a,P01_L2_65a
P01,2,65,b,past,la jefa montó el escritorio,montó,2,1,1.24,1.32,mon.t̪o,P01_L2_65b
P01,2,66,a,present,la guapa canta la nana,canta,2,0,0.68,0.96,kan.t̪a,P01_L2_66a
P01,2,66,b,past,la guapa cantó la nana,cantó,2,1,0.81,0.91,kan.t̪o,P01_L2_66b
P01,2,67,a,present,la nuera junta el cartón,junta,2,0,0.74,1.11,xun.t̪a,P01_L2_67a
P01,2,67,b,past,la nuera juntó el cartón,juntó,2,1,0.95,1.05,xun.t̪o,P01_L2_67b
P01,2,68,a,present,la grasa marca la pared,marca,2,0,0.77,1.04,mar.ka,P01_L2_68a
P01,2,68,b,past,la grasa marcó la pared,marcó,2,1,1.18,1.31,mar.ko,P01_L2_68b
P01,2,69,a,present,la flaca mezcla el yogur,mezcla,2,0,0.68,0.9,meθ.kla,P01_L2_69a
P01,2,69,b,past,la flaca mezcló el yogur,mezcló,2,1,0.9,1.07,meθ.klo,P01_L2_69b
P01,2,70,a,present,el huésped sopla la pizza,sopla,2,0,0.62,0.91,so.pla,P01_L2_70a
P01,2,70,b,past,el huésped sopló la pizza,sopló,2,1,0.91,1.07,so.plo,P01_L2_70b
P01,2,71,a,present,el cónsul culpa la crisis,culpa,2,0,0.98,1.3,kul.pa,P01_L2_71a
P01,2,71,b,past,el cónsul culpó la crisis,culpó,2,1,1.34,1.53,kul.po,P01_L2_71b
P01,2,72,a,present,la rueda mancha el garaje,mancha,2,0,0.71,0.98,man.tʃa,P01_L2_72a
P01,2,72,b,past,la rueda manchó el garaje,manchó,2,1,0.83,0.97,man.tʃo,P01_L2_72b
P01,2,73,a,present,la rica gasta el crédito,gasta,2,0,0.65,0.92,ɡas.t̪a,P01_L2_73a
P01,2,73,b,past,la rica gastó el crédito,gastó,2,1,1.47,1.58,ɡas.t̪o,P01_L2_73b
P01,2,74,a,present,la cabra salta la valla,salta,2,0,0.76,1.08,sal.t̪a,P01_L2_74a
P01,2,74,b,past,la cabra saltó la valla,saltó,2,1,1.15,1.27,sal.t̪o,P01_L2_74b
P01,2,75,a,present,el mozo corta la cinta,corta,2,0,0.8,1.0,kor.t̪a,P01_L2_75a
P01,2,75,b,past,el mozo cortó la cinta,cortó,2,1,1.17,1.33,kor.t̪o,P01_L2_75b
P01,2,76,a,present,la rubia busca el anillo,busca,2,0,0.85,1.09,bus.ka,P01_L2_76a
P01,2,76,b,past,la rubia buscó el anillo,buscó,2,1,0.98,1.09,bus.ko,P01_L2_76b
P01,2,77,a,present,el trapo limpia la suciedad,limpia,2,0,0.68,0.91,lim.pja,P01_L2_77a
P01,2,77,b,past,el trapo limpió la suciedad,limpió,2,1,1.01,1.17,lim.pjo,P01_L2_77b
P01,2,78,a,present,el cura planta el geranio,planta,2,0,0.7,0.92,plan.t̪a,P01_L2_78a
P01,2,78,b,past,el cura plantó el geranio,plantó,2,1,1.06,1.15,plan.t̪o,P01_L2_78b
P01,2,79,a,present,la malla filtra el aceite,filtra,2,0,0.67,1.03,filt̪.ɾa,P01_L2_79a
P01,2,79,b,past,la malla filtró el aceite,filtró,2,1,1.33,1.44,filt̪.ɾo,P01_L2_79b
P01,2,80,a,present,el nieto monta la estantería,monta,2,0,0.54,0.83,mon.t̪a,P01_L2_80a
P01,2,80,b,past,el nieto montó la estantería,montó,2,1,1.01,1.12,mon.t̪o,P01_L2_80b
P01,2,81,a,present,el viejo canta el bolero,canta,2,0,0.74,0.98,kan.t̪a,P01_L2_81a
P01,2,81,b,past,el viejo cantó el bolero,cantó,2,1,1.02,1.12,kan.t̪o,P01_L2_81b
P01,2,82,a,present,la gata junta la comida,junta,2,0,1.12,1.43,xun.t̪a,P01_L2_82a
P01,2,82,b,past,la gata juntó la comida,juntó,2,1,0.95,1.08,xun.t̪o,P01_L2_82b
P01,2,83,a,present,la bici marca el suelo,marca,2,0,0.51,0.74,mar.ka,P01_L2_83a
P01,2,83,b,past,la bici marcó el suelo,marcó,2,1,0.88,0.97,mar.ko,P01_L2_83b
P01,2,84,a,present,la presa mezcla el cemento,mezcla,2,0,0.81,1.09,meθ.kla,P01_L2_84a
P01,2,84,b,past,la presa mezcló el cemento,mezcló,2,1,0.83,0.97,meθ.klo,P01_L2_84b
P01,2,85,a,present,la monja sopla el fuego,sopla,2,0,0.62,0.93,so.pla,P01_L2_85a
P01,2,85,b,past,la monja sopló el fuego,sopló,2,1,1.0,1.19,so.plo,P01_L2_85b
P01,2,86,a,present,la novia culpa el calor,culpa,2,0,0.9,1.14,kul.pa,P01_L2_86a
P01,2,86,b,past,la novia culpó el calor,culpó,2,1,1.11,1.29,kul.po,P01_L2_86b
P01,2,87,a,present,la sangre mancha la falda,mancha,2,0,0.91,1.13,man.tʃa,P01_L2_87a
P01,2,87,b,past,la sangre manchó la falda,manchó,2,1,1.02,1.2,man.tʃo,P01_L2_87b
P01,2,88,a,present,el novio gasta el jabón,gasta,2,0,0.72,0.96,ɡas.t̪a,P01_L2_88a
P01,2,88,b,past,el novio gastó el jabón,gastó,2,1,0.92,1.01,ɡas.t̪o,P01_L2_88b
P01,2,89,a,present,el mago salta el obstáculo,salta,2,0,1.15,1.48,sal.t̪a,P01_L2_89a
P01,2,89,b,past,el mago saltó el obstáculo,saltó,2,1,0.91,1.0,sal.t̪o,P01_L2_89b
P01,2,90,a,present,la mula corta el heno,corta,2,0,0.85,1.08,kor.t̪a,P01_L2_90a
P01,2,90,b,past,la mula cortó el heno,cortó,2,1,1.01,1.12,kor.t̪o,P01_L2_90b
P02,1,1,a,present,el dueño busca la llave,busca,2,0,0.6,0.78,bus.ka,P02_L1_01a
P02,1,1,b,past,el dueño buscó la llave,buscó,2,1,0.81,0.96,bus.ko,P02_L1_01b
P02,1,2,a,present,el cloro limpia el virus,limpia,2,0,0.55,0.77,lim.pja,P02_L1_02a
P02,1,2,b,past,el cloro limpió el virus,limpió,2,1,0.78,0.93,lim.pjo,P02_L1_02b
P02,1,3,a,present,el hijo planta el árbol,planta,2,0,0.66,0.86,plan.t̪a,P02_L1_03a
P02,1,3,b,past,el hijo plantó el árbol,plantó,2,1,0.83,1.03,plan.t̪o,P02_L1_03b
P02,1,4,a,present,el grifo filtra el agua,filtra,2,0,0.62,0.92,filt̪.ɾa,P02_L1_04a
P02,1,4,b,past,el grifo filtró el agua,filtró,2,1,0.94,1.09,filt̪.ɾo,P02_L1_04b
P02,1,5,a,present,el tío monta el alioli,monta,2,0,0.51,0.72,mon.t̪a,P02_L1_05a
P02,1,5,b,past,el tío montó el alioli,montó,2,1,0.77,0.94,mon.t̪o,P02_L1_05b
P02,1,6,a,present,el ave canta la canción,canta,2,0,0.41,0.61,kan.t̪a,P02_L1_06a
P02,1,6,b,past,el ave cantó la canción,cantó,2,1,0.61,0.72,kan.t̪o,P02_L1_06b
P02,1,7,a,present,la joven junta la basura,junta,2,0,0.55,0.79,xun.t̪a,P02_L1_07a
P02,1,7,b,past,la joven juntó la basura,juntó,2,1,0.68,0.82,xun.t̪o,P02_L1_07b
P02,1,8,a,present,la osa marca la puerta,marca,2,0,0.58,0.79,mar.ka,P02_L1_08a
P02,1,8,b,past,la osa marcó la puerta,marcó,2,1,0.58,0.69,mar.ko,P02_L1_08b
P02,1,9,a,present,el río mezcla la arena,mezcla,2,0,0.55,0.73,meθ.kla,P02_L1_09a
P02,1,9,b,past,el río mezcló la arena,mezcló,2,1,0.65,0.9,meθ.klo,P02_L1_09b
P02,1,10,a,present,el suegro sopla la vela,sopla,2,0,0.63,0.82,so.pla,P02_L1_10a
P02,1,10,b,past,el suegro sopló la vela,sopló,2,1,0.76,0.96,so.plo,P02_L1_10b
P02,1,11,a,present,el yerno culpa el ruido,culpa,2,0,0.83,1.24,kul.pa,P02_L1_11a
P02,1,11,b,past,el yerno culpó el ruido,culpó,2,1,1.17,1.42,kul.po,P02_L1_11b
P02,1,12,a,present,la tinta mancha la camisa,mancha,2,0,1.18,1.42,man.tʃa,P02_L1_12a
P02,1,12,b,past,la tinta manchó la camisa,manchó,2,1,0.98,1.15,man.tʃo,P02_L1_12b
P02,1,13,a,present,la doña gasta el dinero,gasta,2,0,0.8,0.99,ɡas.t̪a,P02_L1_13a
P02,1,13,b,past,la doña gastó el dinero,gastó,2,1,0.7,0.82,ɡas.t̪o,P02_L1_13b
P02,1,14,a,present,la perra salta la cerca,salta,2,0,0.83,1.09,sal.t̪a,P02_L1_14a
P02,1,14,b,past,la perra saltó la cerca,saltó,2,1,0.96,1.16,sal.t̪o,P02_L1_14b
P02,1,15,a,present,el cúter corta el paquete,corta,2,0,0.91,1.15,kor.t̪a,P02_L1_15a
P02,1,15,b,past,el cúter cortó el paquete,cortó,2,1,1.46,1.56,kor.t̪o,P02_L1_15b
P02,1,16,a,present,la niña busca el gato,busca,2,0,0.62,0.85,bus.ka,P02_L1_16a
P02,1,16,b,past,la niña buscó el gato,buscó,2,1,0.68,0.82,bus.ko,P02_L1_16b
P02,1,17,a,present,la madre limpia la casa,limpia,2,0,0.63,0.82,lim.pja,P02_L1_17a
P02,1,17,b,past,la madre limpió la casa,limpió,2,1,0.81,0.95,lim.pjo,P02_L1_17b
P02,1,18,a,present,la hija planta la flor,planta,2,0,0.66,0.89,plan.t̪a,P02_L1_18a
P02,1,18,b,past,la hija plantó la flor,plantó,2,1,0.64,0.79,plan.t̪o,P02_L1_18b
P02,1,19,a,present,el termo filtra el té,filtra,2,0,0.74,1.08,filt̪.ɾa,P02_L1_19a
P02,1,19,b,past,el termo filtró el té,filtró,2,1,0.93,1.05,filt̪.ɾo,P02_L1_19b
P02,1,20,a,present,la tía monta la nata,monta,2,0,0.34,0.51,mon.t̪a,P02_L1_20a
P02,1,20,b,past,la tía montó la nata,montó,2,1,0.6,0.74,mon.t̪o,P02_L1_20b
P02,1,21,a,present,la nieta canta el himno,canta,2,0,0.69,0.95,kan.t̪a,P02_L1_21a
P02,1,21,b,past,la nieta cantó el himno,cantó,2,1,0.76,0.89,kan.t̪o,P02_L1_21b
P02,1,22,a,present,el duque junta la leña,junta,2,0,0.59,0.85,xun.t̪a,P02_L1_22a
P02,1,22,b,past,el duque juntó la leña,juntó,2,1,0.63,0.76,xun.t̪o,P02_L1_22b
P02,1,23,a,present,el perro marca el territorio,marca,2,0,0.54,0.75,mar.ka,P02_L1_23a
P02,1,23,b,past,el perro marcó el territorio,marcó,2,1,0.7,0.81,mar.ko,P02_L1_23b
P02,1,24,a,present,el lobo mezcla la carne,mezcla,2,0,0.61,0.82,meθ.kla,P02_L1_24a
P02,1,24,b,past,el lobo mezcló la carne,mezcló,2,1,0.66,0.87,meθ.klo,P02_L1_24b
P02,1,25,a,present,el nene sopla el guiso,sopla,2,0,0.62,0.78,so.pla,P02_L1_25a
P02,1,25,b,past,el nene sopló el guiso,sopló,2,1,0.73,0.89,so.plo,P02_L1_25b
P02,1,26,a,present,la dama culpa la tormenta,culpa,2,0,0.64,0.78,kul.pa,P02_L1_26a
P02,1,26,b,past,la dama culpó la tormenta,culpó,2,1,0.72,0.93,kul.po,P02_L1_26b
P02,1,27,a,present,el lodo mancha el pantalón,mancha,2,0,0.77,0.92,man.tʃa,P02_L1_27a
P02,1,27,b,past,el lodo manchó el pantalón,manchó,2,1,0.79,0.95,man.tʃo,P02_L1_27b
P02,1,28,a,present,el chico gasta la pila,gasta,2,0,0.42,0.63,ɡas.t̪a,P02_L1_28a
P02,1,28,b,past,el chico gastó la pila,gastó,2,1,0.75,0.87,ɡas.t̪o,P02_L1_28b
P02,1,29,a,present,el socio salta el control,salta,2,0,0.81,1.05,sal.t̪a,P02_L1_29a
P02,1,29,b,past,el socio saltó el control,saltó,2,1,0.85,0.96,sal.t̪o,P02_L1_29b
P02,1,30,a,present,la nena corta la cartulina,corta,2,0,0.74,0.9,kor.t̪a,P02_L1_30a
P02,1,30,b,past,la nena cortó la cartulina,cortó,2,1,0.74,0.87,kor.t̪o,P02_L1_30b
P02,1,31,a,present,el móvil busca la señal,busca,2,0,0.61,0.77,bus.ka,P02_L1_31a
P02,1,31,b,past,el móvil buscó la señal,buscó,2,1,0.78,0.98,bus.ko,P02_L1_31b
P02,1,32,a,present,el coche limpia la nieve,limpia,2,0,0.8,0.97,lim.pja,P02_L1_32a
P02,1,32,b,past,el coche limpió la nieve,limpió,2,1,0.83,1.04,lim.pjo,P02_L1_32b
P02,1,33,a,present,la reina planta el rosal,planta,2,0,1.29,1.57,plan.t̪a,P02_L1_33a
P02,1,33,b,past,la reina plantó el rosal,plantó,2,1,1.05,1.17,plan.t̪o,P02_L1_33b
P02,1,34,a,present,la jarra filtra el caldo,filtra,2,0,0.78,1.1,filt̪.ɾa,P02_L1_34a
P02,1,34,b,past,la jarra filtró el caldo,filtró,2,1,0.98,1.08,filt̪.ɾo,P02_L1_34b
P02,1,35,a,present,el monje monta la mayonesa,monta,2,0,0.86,1.04,mon.t̪a,P02_L1_35a
P02,1,35,b,past,el monje montó la mayonesa,montó,2,1,1.01,1.17,mon.t̪o,P02_L1_35b
P02,1,36,a,present,el loro canta la melodía,canta,2,0,0.83,1.03,kan.t̪a,P02_L1_36a
P02,1,36,b,past,el loro cantó la melodía,cantó,2,1,1.04,1.16,kan.t̪o,P02_L1_36b
P02,1,37,a,present,el clavo junta la madera,junta,2,0,0.62,0.85,xun.t̪a,P02_L1_37a
P02,1,37,b,past,el clavo juntó la madera,juntó,2,1,1.09,1.25,xun.t̪o,P02_L1_37b
P02,1,38,a,present,el sastre marca el traje,marca,2,0,0.94,1.13,mar.ka,P02_L1_38a
P02,1,38,b,past,el sastre marcó el traje,marcó,2,1,1.05,1.17,mar.ko,P02_L1_38b
P02,1,39,a,present,la brocha mezcla la pintura,mezcla,2,0,1.03,1.21,meθ.kla,P02_L1_39a
P02,1,39,b,past,la brocha mezcló la pintura,mezcló,2,1,0.92,1.12,meθ.klo,P02_L1_39b
P02,1,40,a,present,la suegra sopla la sopa,sopla,2,0,0.66,0.85,so.pla,P02_L1_40a
P02,1,40,b,past,la suegra sopló la sopa,sopló,2,1,0.68,0.84,so.plo,P02_L1_40b
P02,1,41,a,present,el conde culpa el error,culpa,2,0,0.59,0.78,kul.pa,P02_L1_41a
P02,1,41,b,past,el conde culpó el error,culpó,2,1,0.99,1.17,kul.po,P02_L1_41b
P02,1,42,a,present,el zumo mancha la servilleta,mancha,2,0,0.58,0.71,man.tʃa,P02_L1_42a
P02,1,42,b,past,el zumo manchó la servilleta,manchó,2,1,0.59,0.76,man.tʃo,P02_L1_42b
P02,1,43,a,present,la jueza gasta el sueldo,gasta,2,0,0.59,0.81,ɡas.t̪a,P02_L1_43a
P02,1,43,b,past,la jueza gastó el sueldo,gastó,2,1,0.88,0.98,ɡas.t̪o,P02_L1_43b
P02,1,44,a,present,la rana salta la piedra,salta,2,0,0.51,0.71,sal.t̪a,P02_L1_44a
P02,1,44,b,past,la rana saltó la piedra,saltó,2,1,0.8,0.94,sal.t̪o,P02_L1_44b
P02,1,45,a,present,el láser corta el acero,corta,2,0,0.65,0.85,kor.t̪a,P02_L1_45a
P02,1,45,b,past,el láser cortó el acero,cortó,2,1,0.77,0.87,kor.t̪o,P02_L1_45b
P02,1,46,a,present,el padre busca el libro,busca,2,0,0.85,1.06,bus.ka,P02_L1_46a
P02,1,46,b,past,el padre buscó el libro,buscó,2,1,0.87,1.05,bus.ko,P02_L1_46b
P02,1,47,a,present,la lluvia limpia la calle,limpia,2,0,0.63,0.8,lim.pja,P02_L1_47a
P02,1,47,b,past,la lluvia limpió la calle,limpió,2,1,0.71,0.93,lim.pjo,P02_L1_47b
P02,1,48,a,present,el líder planta la semilla,planta,2,0,0.77,0.97,plan.t̪a,P02_L1_48a
P02,1,48,b,past,el líder plantó la semilla,plantó,2,1,1.04,1.21,plan.t̪o,P02_L1_48b
P02,1,49,a,present,la tela filtra el café,filtra,2,0,0.49,0.78,filt̪.ɾa,P02_L1_49a
P02,1,49,b,past,la tela filtró el café,filtró,2,1,0.71,0.77,filt̪.ɾo,P02_L1_49b
P02,1,50,a,present,la dueña monta la tienda,monta,2,0,0.57,0.74,mon.t̪a,P02_L1_50a
P02,1,50,b,past,la dueña montó la tienda,montó,2,1,0.56,0.71,mon.t̪o,P02_L1_50b
P02,1,51,a,present,la gorda canta la ópera,canta,2,0,1.02,1.24,kan.t̪a,P02_L1_51a
P02,1,51,b,past,la gorda cantó la ópera,cantó,2,1,0.67,0.81,kan.t̪o,P02_L1_51b
P02,1,52,a,present,el primo junta el papel,junta,2,0,0.65,0.85,xun.t̪a,P02_L1_52a
P02,1,52,b,past,el primo juntó el papel,juntó,2,1,0.65,0.76,xun.t̪o,P02_L1_52b
P02,1,53,a,present,el hombre marca la ruta,marca,2,0,0.43,0.6,mar.ka,P02_L1_53a
P02,1,53,b,past,el hombre marcó la ruta,marcó,2,1,0.65,0.75,mar.ko,P02_L1_53b
P02,1,54,a,present,el lago mezcla la tierra,mezcla,2,0,0.74,0.92,meθ.kla,P02_L1_54a
P02,1,54,b,past,el lago mezcló la tierra,mezcló,2,1,0.49,0.67,meθ.klo,P02_L1_54b
P02,1,55,a,present,la chica sopla el polvo,sopla,2,0,0.7,0.86,so.pla,P02_L1_55a
P02,1,55,b,past,la chica sopló el polvo,sopló,2,1,0.76,0.96,so.plo,P02_L1_55b
P02,1,56,a,present,la ama culpa la demora,culpa,2,0,0.74,0.92,kul.pa,P02_L1_56a
P02,1,56,b,past,la ama culpó la demora,culpó,2,1,0.74,0.94,kul.po,P02_L1_56b
P02,1,57,a,present,el vino mancha la mesa,mancha,2,0,0.76,0.9,man.tʃa,P02_L1_57a
P02,1,57,b,past,el vino manchó la mesa,manchó,2,1,0.69,0.87,man.tʃo,P02_L1_57b
P02,1,58,a,present,el carro gasta la gasolina,gasta,2,0,0.53,0.73,ɡas.t̪a,P02_L1_58a
P02,1,58,b,past,el carro gastó la gasolina,gastó,2,1,0.8,0.94,ɡas.t̪o,P02_L1_58b
P02,1,59,a,present,el niño salta el charco,salta,2,0,0.5,0.73,sal.t̪a,P02_L1_59a
P02,1,59,b,past,el niño saltó el charco,saltó,2,1,0.63,0.8,sal.t̪o,P02_L1_59b
P02,1,60,a,present,la rata corta el queso,corta,2,0,0.58,0.77,kor.t̪a,P02_L1_60a
P02,1,60,b,past,la rata cortó el queso,cortó,2,1,0.61,0.79,kor.t̪o,P02_L1_60b
P02,1,61,a,present,la vaca busca la paja,busca,2,0,0.51,0.7,bus.ka,P02_L1_61a
P02,1,61,b,past,la vaca buscó la paja,buscó,2,1,0.66,0.83,bus.ko,P02_L1_61b
P02,1,62,a,present,la prima limpia el baño,limpia,2,0,0.55,0.71,lim.pja,P02_L1_62a
P02,1,62,b,past,la prima limpió el baño,limpió,2,1,0.72,0.87,lim.pjo,P02_L1_62b
P02,1,63,a,present,la vieja planta el jazmín,planta,2,0,0.85,1.06,plan.t̪a,P02_L1_63a
P02,1,63,b,past,la vieja plantó el jazmín,plantó,2,1,0.84,0.95,plan.t̪o,P02_L1_63b
P02,1,64,a,present,el filtro filtra el aire,filtra,2,0,0.61,0.91,filt̪.ɾa,P02_L1_64a
P02,1,64,b,past,el filtro filtró el aire,filtró,2,1,1.02,1.15,filt̪.ɾo,P02_L1_64b
P02,1,65,a,present,la jefa monta el escritorio,monta,2,0,0.62,0.87,mon.t̪a,P02_L1_65a
P02,1,65,b,past,la jefa montó el escritorio,montó,2,1,0.83,0.97,mon.t̪o,P02_L1_65b
P02,1,66,a,present,la guapa canta la nana,canta,2,0,0.57,0.78,kan.t̪a,P02_L1_66a
P02,1,66,b,past,la guapa cantó la nana,cantó,2,1,0.9,1.07,kan.t̪o,P02_L1_66b
P02,1,67,a,present,la nuera junta el cartón,junta,2,0,0.4,0.61,xun.t̪a,P02_L1_67a
P02,1,67,b,past,la nuera juntó el cartón,juntó,2,1,0.77,0.86,xun.t̪o,P02_L1_67b
P02,1,68,a,present,la grasa marca la pared,marca,2,0,0.96,1.17,mar.ka,P02_L1_68a
P02,1,68,b,past,la grasa marcó la pared,marcó,2,1,0.88,1.01,mar.ko,P02_L1_68b
P02,1,69,a,present,la flaca mezcla el yogur,mezcla,2,0,0.78,0.99,meθ.kla,P02_L1_69a
P02,1,69,b,past,la flaca mezcló el yogur,mezcló,2,1,0.8,0.94,meθ.klo,P02_L1_69b
P02,1,70,a,present,el huésped sopla la pizza,sopla,2,0,1.01,1.25,so.pla,P02_L1_70a
P02,1,70,b,past,el huésped sopló la pizza,sopló,2,1,0.67,0.85,so.plo,P02_L1_70b
P02,1,71,a,present,el cónsul culpa la crisis,culpa,2,0,0.77,0.97,kul.pa,P02_L1_71a
P02,1,71,b,past,el cónsul culpó la crisis,culpó,2,1,0.84,0.98,kul.po,P02_L1_71b
P02,1,72,a,present,la rueda mancha el garaje,mancha,2,0,0.59,0.79,man.tʃa,P02_L1_72a
P02,1,72,b,past,la rueda manchó el garaje,manchó,2,1,0.59,0.75,man.tʃo,P02_L1_72b
P02,1,73,a,present,la rica gasta el crédito,gasta,2,0,0.72,0.93,ɡas.t̪a,P02_L1_73a
P02,1,73,b,past,la rica gastó el crédito,gastó,2,1,0.86,0.96,ɡas.t̪o,P02_L1_73b
P02,1,74,a,present,la cabra salta la valla,salta,2,0,0.68,0.89,sal.t̪a,P02_L1_74a
P02,1,74,b,past,la cabra saltó la valla,saltó,2,1,0.89,1.05,sal.t̪o,P02_L1_74b
P02,1,75,a,present,el mozo corta la cinta,corta,2,0,0.62,0.78,kor.t̪a,P02_L1_75a
P02,1,75,b,past,el mozo cortó la cinta,cortó,2,1,0.83,0.97,kor.t̪o,P02_L1_75b
P02,1,76,a,present,la rubia busca el anillo,busca,2,0,0.55,0.73,bus.ka,P02_L1_76a
P02,1,76,b,past,la rubia buscó el anillo,buscó,2,1,0.71,0.83,bus.ko,P02_L1_76b
P02,1,77,a,present,el trapo limpia la suciedad,limpia,2,0,0.69,0.86,lim.pja,P02_L1_77a
P02,1,77,b,past,el trapo limpió la suciedad,limpió,2,1,0.79,1.0,lim.pjo,P02_L1_77b
P02,1,78,a,present,el cura planta el geranio,planta,2,0,0.56,0.79,plan.t̪a,P02_L1_78a
P02,1,78,b,past,el cura plantó el geranio,plantó,2,1,0.9,1.01,plan.t̪o,P02_L1_78b
P02,1,79,a,present,la malla filtra el aceite,filtra,2,0,0.64,0.88,filt̪.ɾa,P02_L1_79a
P02,1,79,b,past,la malla filtró el aceite,filtró,2,1,0.81,0.89,filt̪.ɾo,P02_L1_79b
P02,1,80,a,present,el nieto monta la estantería,monta,2,0,0.87,1.05,mon.t̪a,P02_L1_80a
P02,1,80,b,past,el nieto montó la estantería,montó,2,1,0.66,0.8,mon.t̪o,P02_L1_80b
P02,1,81,a,present,el viejo canta el bolero,canta,2,0,0.66,0.82,kan.t̪a,P02_L1_81a
P02,1,81,b,past,el viejo cantó el bolero,cantó,2,1,0.75,0.85,kan.t̪o,P02_L1_81b
P02,1,82,a,present,la gata junta la comida,junta,2,0,0.6,0.79,xun.t̪a,P02_L1_82a
P02,1,82,b,past,la gata juntó la comida,juntó,2,1,0.86,1.01,xun.t̪o,P02_L1_82b
P02,1,83,a,present,la bici marca el suelo,marca,2,0,0.51,0.72,mar.ka,P02_L1_83a
P02,1,83,b,past,la bici marcó el suelo,marcó,2,1,0.81,0.96,mar.ko,P02_L1_83b
P02,1,84,a,present,la presa mezcla el cemento,mezcla,2,0,0.64,0.84,meθ.kla,P02_L1_84a
P02,1,84,b,past,la presa mezcló el cemento,mezcló,2,1,0.79,0.97,meθ.klo,P02_L1_84b
P02,1,85,a,present,la monja sopla el fuego,sopla,2,0,0.61,0.76,so.pla,P02_L1_85a
P02,1,85,b,past,la monja sopló el fuego,sopló,2,1,0.71,0.85,so.plo,P02_L1_85b
P02,1,86,a,present,la novia culpa el calor,culpa,2,0,0.57,0.75,kul.pa,P02_L1_86a
P02,1,86,b,past,la novia culpó el calor,culpó,2,1,0.8,0.97,kul.po,P02_L1_86b
P02,1,87,a,present,la sangre mancha la falda,mancha,2,0,0.69,0.91,man.tʃa,P02_L1_87a
P02,1,87,b,past,la sangre manchó la falda,manchó,2,1,0.82,1.0,man.tʃo,P02_L1_87b
P02,1,88,a,present,el novio gasta el jabón,gasta,2,0,0.8,0.98,ɡas.t̪a,P02_L1_88a
P02,1,88,b,past,el novio gastó el jabón,gastó,2,1,0.68,0.78,ɡas.t̪o,P02_L1_88b
P02,1,89,a,present,el mago salta el obstáculo,salta,2,0,0.72,0.93,sal.t̪a,P02_L1_89a
P02,1,89,b,past,el mago saltó el obstáculo,saltó,2,1,0.82,0.92,sal.t̪o,P02_L1_89b
P02,1,90,a,present,la mula corta el heno,corta,2,0,0.48,0.7,kor.t̪a,P02_L1_90a
P02,1,90,b,past,la mula cortó el heno,cortó,2,1,0.91,1.07,kor.t̪o,P02_L1_90b
P02,2,1,a,present,el dueño busca la llave,busca,2,0,0.69,0.88,bus.ka,P02_L2_01a
P02,2,1,b,past,el dueño buscó la llave,buscó,2,1,0.77,0.96,bus.ko,P02_L2_01b
P02,2,2,a,present,el cloro limpia el virus,limpia,2,0,0.68,0.93,lim.pja,P02_L2_02a
P02,2,2,b,past,el cloro limpió el virus,limpió,2,1,0.96,1.15,lim.pjo,P02_L2_02b
P02,2,3,a,present,el hijo planta el árbol,planta,2,0,0.54,0.78,plan.t̪a,P02_L2_03a
P02,2,3,b,past,el hijo plantó el árbol,plantó,2,1,0.96,1.14,plan.t̪o,P02_L2_03b
P02,2,4,a,present,el grifo filtra el agua,filtra,2,0,0.62,1.0,filt̪.ɾa,P02_L2_04a
P02,2,4,b,past,el grifo filtró el agua,filtró,2,1,0.99,1.12,filt̪.ɾo,P02_L2_04b
P02,2,5,a,present,el tío monta el alioli,monta,2,0,0.46,0.73,mon.t̪a,P02_L2_05a
P02,2,5,b,past,el tío montó el alioli,montó,2,1,0.79,0.92,mon.t̪o,P02_L2_05b
P02,2,6,a,present,el ave canta la canción,canta,2,0,0.5,0.73,kan.t̪a,P02_L2_06a
P02,2,6,b,past,el ave cantó la canción,cantó,2,1,0.73,0.87,kan.t̪o,P02_L2_06b
P02,2,7,a,present,la joven junta la basura,junta,2,0,0.65,0.9,xun.t̪a,P02_L2_07a
P02,2,7,b,past,la joven juntó la basura,juntó,2,1,0.8,0.94,xun.t̪o,P02_L2_07b
P02,2,8,a,present,la osa marca la puerta,marca,2,0,0.52,0.75,mar.ka,P02_L2_08a
P02,2,8,b,past,la osa marcó la puerta,marcó,2,1,0.75,0.88,mar.ko,P02_L2_08b
P02,2,9,a,present,el río mezcla la arena,mezcla,2,0,0.63,0.88,meθ.kla,P02_L2_09a
P02,2,9,b,past,el río mezcló la arena,mezcló,2,1,0.76,1.01,meθ.klo,P02_L2_09b
P02,2,10,a,present,el suegro sopla la vela,sopla,2,0,0.71,0.93,so.pla,P02_L2_10a
P02,2,10,b,past,el suegro sopló la vela,sopló,2,1,0.81,1.01,so.plo,P02_L2_10b
P02,2,11,a,present,el yerno culpa el ruido,culpa,2,0,0.77,1.0,kul.pa,P02_L2_11a
P02,2,11,b,past,el yerno culpó el ruido,culpó,2,1,0.87,1.1,kul.po,P02_L2_11b
P02,2,12,a,present,la tinta mancha la camisa,mancha,2,0,0.67,0.87,man.tʃa,P02_L2_12a
P02,2,12,b,past,la tinta manchó la camisa,manchó,2,1,0.86,1.03,man.tʃo,P02_L2_12b
P02,2,13,a,present,la doña gasta el dinero,gasta,2,0,0.68,0.9,ɡas.t̪a,P02_L2_13a
P02,2,13,b,past,la doña gastó el dinero,gastó,2,1,0.83,0.94,ɡas.t̪o,P02_L2_13b
P02,2,14,a,present,la perra salta la cerca,salta,2,0,0.59,0.84,sal.t̪a,P02_L2_14a
P02,2,14,b,past,la perra saltó la cerca,saltó,2,1,0.96,1.09,sal.t̪o,P02_L2_14b
P02,2,15,a,present,el cúter corta el paquete,corta,2,0,0.74,0.94,kor.t̪a,P02_L2_15a
P02,2,15,b,past,el cúter cortó el paquete,cortó,2,1,0.96,1.04,kor.t̪o,P02_L2_15b
P02,2,16,a,present,la niña busca el gato,busca,2,0,0.61,0.82,bus.ka,P02_L2_16a
P02,2,16,b,past,la niña buscó el gato,buscó,2,1,0.96,1.14,bus.ko,P02_L2_16b
P02,2,17,a,present,la madre limpia la casa,limpia,2,0,0.47,0.71,lim.pja,P02_L2_17a
P02,2,17,b,past,la madre limpió la casa,limpió,2,1,0.78,0.96,lim.pjo,P02_L2_17b
P02,2,18,a,present,la hija planta la flor,planta,2,0,0.48,0.75,plan.t̪a,P02_L2_18a
P02,2,18,b,past,la hija plantó la flor,plantó,2,1,0.7,0.83,plan.t̪o,P02_L2_18b
P02,2,19,a,present,el termo filtra el té,filtra,2,0,0.55,0.91,filt̪.ɾa,P02_L2_19a
P02,2,19,b,past,el termo filtró el té,filtró,2,1,0.81,0.94,filt̪.ɾo,P02_L2_19b
P02,2,20,a,present,la tía monta la nata,monta,2,0,0.65,0.93,mon.t̪a,P02_L2_20a
P02,2,20,b,past,la tía montó la nata,montó,2,1,0.73,0.88,mon.t̪o,P02_L2_20b
P02,2,21,a,present,la nieta canta el himno,canta,2,0,0.55,0.77,kan.t̪a,P02_L2_21a
P02,2,21,b,past,la nieta cantó el himno,cantó,2,1,0.76,0.87,kan.t̪o,P02_L2_21b
P02,2,22,a,present,el duque junta la leña,junta,2,0,0.58,0.81,xun.t̪a,P02_L2_22a
P02,2,22,b,past,el duque juntó la leña,juntó,2,1,0.75,0.89,xun.t̪o,P02_L2_22b
P02,2,23,a,present,el perro marca el territorio,marca,2,0,0.57,0.82,mar.ka,P02_L2_23a
P02,2,23,b,past,el perro marcó el territorio,marcó,2,1,0.76,0.86,mar.ko,P02_L2_23b
P02,2,24,a,present,el lobo mezcla la carne,mezcla,2,0,0.51,0.75,meθ.kla,P02_L2_24a
P02,2,24,b,past,el lobo mezcló la carne,mezcló,2,1,0.67,0.87,meθ.klo,P02_L2_24b
P02,2,25,a,present,el nene sopla el guiso,sopla,2,0,0.5,0.72,so.pla,P02_L2_25a
P02,2,25,b,past,el nene sopló el guiso,sopló,2,1,0.7,0.84,so.plo,P02_L2_25b
P02,2,26,a,present,la dama culpa la tormenta,culpa,2,0,0.5,0.69,kul.pa,P02_L2_26a
P02,2,26,b,past,la dama culpó la tormenta,culpó,2,1,0.7,0.82,kul.po,P02_L2_26b
P02,2,27,a,present,el lodo mancha el pantalón,mancha,2,0,0.47,0.7,man.tʃa,P02_L2_27a
P02,2,27,b,past,el lodo manchó el pantalón,manchó,2,1,0.83,0.98,man.tʃo,P02_L2_27b
P02,2,28,a,present,el chico gasta la pila,gasta,2,0,0.66,0.9,ɡas.t̪a,P02_L2_28a
P02,2,28,b,past,el chico gastó la pila,gastó,2,1,0.72,0.85,ɡas.t̪o,P02_L2_28b
P02,2,29,a,present,el socio salta el control,salta,2,0,0.53,0.75,sal.t̪a,P02_L2_29a
P02,2,29,b,past,el socio saltó el control,saltó,2,1,0.69,0.8,sal.t̪o,P02_L2_29b
P02,2,30,a,present,la nena corta la cartulina,corta,2,0,0.43,0.6,kor.t̪a,P02_L2_30a
P02,2,30,b,past,la nena cortó la cartulina,cortó,2,1,0.62,0.75,kor.t̪o,P02_L2_30b
P02,2,31,a,present,el móvil busca la señal,busca,2,0,0.46,0.67,bus.ka,P02_L2_31a
P02,2,31,b,past,el móvil buscó la señal,buscó,2,1,0.61,0.73,bus.ko,P02_L2_31b
P02,2,32,a,present,el coche limpia la nieve,limpia,2,0,0.49,0.67,lim.pja,P02_L2_32a
P02,2,32,b,past,el coche limpió la nieve,limpió,2,1,0.68,0.84,lim.pjo,P02_L2_32b
P02,2,33,a,present,la reina planta el rosal,planta,2,0,0.62,0.86,plan.t̪a,P02_L2_33a
P02,2,33,b,past,la reina plantó el rosal,plantó,2,1,0.85,0.97,plan.t̪o,P02_L2_33b
P02,2,34,a,present,la jarra filtra el caldo,filtra,2,0,0.49,0.81,filt̪.ɾa,P02_L2_34a
P02,2,34,b,past,la jarra filtró el caldo,filtró,2,1,0.84,0.96,filt̪.ɾo,P02_L2_34b
P02,2,35,a,present,el monje monta la mayonesa,monta,2,0,0.58,0.83,mon.t̪a,P02_L2_35a
P02,2,35,b,past,el monje montó la mayonesa,montó,2,1,0.72,0.84,mon.t̪o,P02_L2_35b
P02,2,36,a,present,el loro canta la melodía,canta,2,0,0.51,0.71,kan.t̪a,P02_L2_36a
P02,2,36,b,past,el loro cantó la melodía,cantó,2,1,0.73,0.84,kan.t̪o,P02_L2_36b
P02,2,37,a,present,el clavo junta la madera,junta,2,0,0.45,0.68,xun.t̪a,P02_L2_37a
P02,2,37,b,past,el clavo juntó la madera,juntó,2,1,0.77,0.9,xun.t̪o,P02_L2_37b
P02,2,38,a,present,el sastre marca el traje,marca,2,0,0.51,0.73,mar.ka,P02_L2_38a
P02,2,38,b,past,el sastre marcó el traje,marcó,2,1,1.0,1.2,mar.ko,P02_L2_38b
P02,2,39,a,present,la brocha mezcla la pintura,mezcla,2,0,0.67,0.9,meθ.kla,P02_L2_39a
P02,2,39,b,past,la brocha mezcló la pintura,mezcló,2,1,0.86,1.03,meθ.klo,P02_L2_39b
P02,2,40,a,present,la suegra sopla la sopa,sopla,2,0,0.65,0.84,so.pla,P02_L2_40a
P02,2,40,b,past,la suegra sopló la sopa,sopló,2,1,0.78,0.94,so.plo,P02_L2_40b
P02,2,41,a,present,el conde culpa el error,culpa,2,0,0.57,0.81,kul.pa,P02_L2_41a
P02,2,41,b,past,el conde culpó el error,culpó,2,1,0.7,0.89,kul.po,P02_L2_41b
P02,2,42,a,present,el zumo mancha la servilleta,mancha,2,0,0.47,0.66,man.tʃa,P02_L2_42a
P02,2,42,b,past,el zumo manchó la servilleta,manchó,2,1,0.66,0.82,man.tʃo,P02_L2_42b
P02,2,43,a,present,la jueza gasta el sueldo,gasta,2,0,0.54,0.78,ɡas.t̪a,P02_L2_43a
P02,2,43,b,past,la jueza gastó el sueldo,gastó,2,1,0.73,0.85,ɡas.t̪o,P02_L2_43b
P02,2,44,a,present,la rana salta la piedra,salta,2,0,0.49,0.74,sal.t̪a,P02_L2_44a
P02,2,44,b,past,la rana saltó la piedra,saltó,2,1,0.67,0.81,sal.t̪o,P02_L2_44b
P02,2,45,a,present,el láser corta el acero,corta,2,0,0.49,0.68,kor.t̪a,P02_L2_45a
P02,2,45,b,past,el láser cortó el acero,cortó,2,1,0.74,0.84,kor.t̪o,P02_L2_45b
P02,2,46,a,present,el padre busca el libro,busca,2,0,0.44,0.68,bus.ka,P02_L2_46a
P02,2,46,b,past,el padre buscó el libro,buscó,2,1,0.77,0.91,bus.ko,P02_L2_46b
P02,2,47,a,present,la lluvia limpia la calle,limpia,2,0,0.56,0.74,lim.pja,P02_L2_47a
P02,2,47,b,past,la lluvia limpió la calle,limpió,2,1,0.73,0.87,lim.pjo,P02_L2_47b
P02,2,48,a,present,el líder planta la semilla,planta,2,0,0.42,0.64,plan.t̪a,P02_L2_48a
P02,2,48,b,past,el líder plantó la semilla,plantó,2,1,0.79,0.89,plan.t̪o,P02_L2_48b
P02,2,49,a,present,la tela filtra el café,filtra,2,0,0.4,0.66,filt̪.ɾa,P02_L2_49a
P02,2,49,b,past,la tela filtró el café,filtró,2,1,0.72,0.83,filt̪.ɾo,P02_L2_49b
P02,2,50,a,present,la dueña monta la tienda,monta,2,0,0.45,0.66,mon.t̪a,P02_L2_50a
P02,2,50,b,past,la dueña montó la tienda,montó,2,1,0.67,0.82,mon.t̪o,P02_L2_50b
P02,2,51,a,present,la gorda canta la ópera,canta,2,0,0.53,0.73,kan.t̪a,P02_L2_51a
P02,2,51,b,past,la gorda cantó la ópera,cantó,2,1,0.74,0.85,kan.t̪o,P02_L2_51b
P02,2,52,a,present,el primo junta el papel,junta,2,0,0.46,0.68,xun.t̪a,P02_L2_52a
P02,2,52,b,past,el primo juntó el papel,juntó,2,1,0.57,0.66,xun.t̪o,P02_L2_52b
P02,2,53,a,present,el hombre marca la ruta,marca,2,0,0.39,0.59,mar.ka,P02_L2_53a
P02,2,53,b,past,el hombre marcó la ruta,marcó,2,1,0.57,0.69,mar.ko,P02_L2_53b
P02,2,54,a,present,el lago mezcla la tierra,mezcla,2,0,0.45,0.66,meθ.kla,P02_L2_54a
P02,2,54,b,past,el lago mezcló la tierra,mezcló,2,1,0.63,0.78,meθ.klo,P02_L2_54b
P02,2,55,a,present,la chica sopla el polvo,sopla,2,0,0.55,0.76,so.pla,P02_L2_55a
P02,2,55,b,past,la chica sopló el polvo,sopló,2,1,0.68,0.84,so.plo,P02_L2_55b
P02,2,56,a,present,la ama culpa la demora,culpa,2,0,0.51,0.73,kul.pa,P02_L2_56a
P02,2,56,b,past,la ama culpó la demora,culpó,2,1,0.64,0.8,kul.po,P02_L2_56b
P02,2,57,a,present,el vino mancha la mesa,mancha,2,0,0.46,0.65,man.tʃa,P02_L2_57a
P02,2,57,b,past,el vino manchó la mesa,manchó,2,1,0.58,0.72,man.tʃo,P02_L2_57b
P02,2,58,a,present,el carro gasta la gasolina,gasta,2,0,0.37,0.57,ɡas.t̪a,P02_L2_58a
P02,2,58,b,past,el carro gastó la gasolina,gastó,2,1,0.62,0.74,ɡas.t̪o,P02_L2_58b
P02,2,59,a,present,el niño salta el charco,salta,2,0,0.41,0.64,sal.t̪a,P02_L2_59a
P02,2,59,b,past,el niño saltó el charco,saltó,2,1,0.67,0.8,sal.t̪o,P02_L2_59b
P02,2,60,a,present,la rata corta el queso,corta,2,0,0.47,0.66,kor.t̪a,P02_L2_60a
P02,2,60,b,past,la rata cortó el queso,cortó,2,1,0.69,0.81,kor.t̪o,P02_L2_60b
P02,2,61,a,present,la vaca busca la paja,busca,2,0,0.45,0.67,bus.ka,P02_L2_61a
P02,2,61,b,past,la vaca buscó la paja,buscó,2,1,0.64,0.77,bus.ko,P02_L2_61b
P02,2,62,a,present,la prima limpia el baño,limpia,2,0,0.42,0.6,lim.pja,P02_L2_62a
P02,2,62,b,past,la prima limpió el baño,limpió,2,1,0.65,0.82,lim.pjo,P02_L2_62b
P02,2,63,a,present,la vieja planta el jazmín,planta,2,0,0.55,0.76,plan.t̪a,P02_L2_63a
P02,2,63,b,past,la vieja plantó el jazmín,plantó,2,1,0.75,0.84,plan.t̪o,P02_L2_63b
P02,2,64,a,present,el filtro filtra el aire,filtra,2,0,0.58,0.89,filt̪.ɾa,P02_L2_64a
P02,2,64,b,past,el filtro filtró el aire,filtró,2,1,0.89,1.01,filt̪.ɾo,P02_L2_64b
P02,2,65,a,present,la jefa monta el escritorio,monta,2,0,0.48,0.7,mon.t̪a,P02_L2_65a
P02,2,65,b,past,la jefa montó el escritorio,montó,2,1,0.65,0.74,mon.t̪o,P02_L2_65b
P02,2,66,a,present,la guapa canta la nana,canta,2,0,0.54,0.69,kan.t̪a,P02_L2_66a
P02,2,66,b,past,la guapa cantó la nana,cantó,2,1,0.78,0.9,kan.t̪o,P02_L2_66b
P02,2,67,a,present,la nuera junta el cartón,junta,2,0,0.52,0.74,xun.t̪a,P02_L2_67a
P02,2,67,b,past,la nuera juntó el cartón,juntó,2,1,0.78,0.88,xun.t̪o,P02_L2_67b
P02,2,68,a,present,la grasa marca la pared,marca,2,0,0.5,0.7,mar.ka,P02_L2_68a
P02,2,68,b,past,la grasa marcó la pared,marcó,2,1,0.65,0.76,mar.ko,P02_L2_68b
P02,2,69,a,present,la flaca mezcla el yogur,mezcla,2,0,0.62,0.84,meθ.kla,P02_L2_69a
P02,2,69,b,past,la flaca mezcló el yogur,mezcló,2,1,0.75,0.98,meθ.klo,P02_L2_69b
P02,2,70,a,present,el huésped sopla la pizza,sopla,2,0,0.74,0.85,so.pla,P02_L2_70a
P02,2,70,b,past,el huésped sopló la pizza,sopló,2,1,1.14,1.32,so.plo,P02_L2_70b
P02,2,71,a,present,el cónsul culpa la crisis,culpa,2,0,0.68,0.84,kul.pa,P02_L2_71a
P02,2,71,b,past,el cónsul culpó la crisis,culpó,2,1,0.88,1.02,kul.po,P02_L2_71b
P02,2,72,a,present,la rueda mancha el garaje,mancha,2,0,0.5,0.7,man.tʃa,P02_L2_72a
P02,2,72,b,past,la rueda manchó el garaje,manchó,2,1,0.78,0.93,man.tʃo,P02_L2_72b
P02,2,73,a,present,la rica gasta el crédito,gasta,2,0,0.46,0.71,ɡas.t̪a,P02_L2_73a
P02,2,73,b,past,la rica gastó el crédito,gastó,2,1,0.71,0.8,ɡas.t̪o,P02_L2_73b
P02,2,74,a,present,la cabra salta la valla,salta,2,0,0.52,0.73,sal.t̪a,P02_L2_74a
P02,2,74,b,past,la cabra saltó la valla,saltó,2,1,0.73,0.85,sal.t̪o,P02_L2_74b
P02,2,75,a,present,el mozo corta la cinta,corta,2,0,0.51,0.69,kor.t̪a,P02_L2_75a
P02,2,75,b,past,el mozo cortó la cinta,cortó,2,1,0.79,0.9,kor.t̪o,P02_L2_75b
P02,2,76,a,present,la rubia busca el anillo,busca,2,0,0.47,0.72,bus.ka,P02_L2_76a
P02,2,76,b,past,la rubia buscó el anillo,buscó,2,1,0.66,0.76,bus.ko,P02_L2_76b
P02,2,77,a,present,el trapo limpia la suciedad,limpia,2,0,0.62,0.83,lim.pja,P02_L2_77a
P02,2,77,b,past,el trapo limpió la suciedad,limpió,2,1,0.66,0.83,lim.pjo,P02_L2_77b
P02,2,78,a,present,el cura planta el geranio,planta,2,0,0.49,0.7,plan.t̪a,P02_L2_78a
P02,2,78,b,past,el cura plantó el geranio,plantó,2,1,0.73,0.82,plan.t̪o,P02_L2_78b
P02,2,79,a,present,la malla filtra el aceite,filtra,2,0,0.5,0.79,filt̪.ɾa,P02_L2_79a
P02,2,79,b,past,la malla filtró el aceite,filtró,2,1,0.73,0.79,filt̪.ɾo,P02_L2_79b
P02,2,80,a,present,el nieto monta la estantería,monta,2,0,0.56,0.77,mon.t̪a,P02_L2_80a
P02,2,80,b,past,el nieto montó la estantería,montó,2,1,0.63,0.74,mon.t̪o,P02_L2_80b
P02,2,81,a,present,el viejo canta el bolero,canta,2,0,0.56,0.8,kan.t̪a,P02_L2_81a
P02,2,81,b,past,el viejo cantó el bolero,cantó,2,1,0.82,0.96,kan.t̪o,P02_L2_81b
P02,2,82,a,present,la gata junta la comida,junta,2,0,0.41,0.64,xun.t̪a,P02_L2_82a
P02,2,82,b,past,la gata juntó la comida,juntó,2,1,0.7,0.81,xun.t̪o,P02_L2_82b
P02,2,83,a,present,la bici marca el suelo,marca,2,0,0.5,0.71,mar.ka,P02_L2_83a
P02,2,83,b,past,la bici marcó el suelo,marcó,2,1,0.84,0.96,mar.ko,P02_L2_83b
P02,2,84,a,present,la presa mezcla el cemento,mezcla,2,0,0.49,0.73,meθ.kla,P02_L2_84a
P02,2,84,b,past,la presa mezcló el cemento,mezcló,2,1,0.69,0.86,meθ.klo,P02_L2_84b
P02,2,85,a,present,la monja sopla el fuego,sopla,2,0,0.49,0.68,so.pla,P02_L2_85a
P02,2,85,b,past,la monja sopló el fuego,sopló,2,1,0.61,0.74,so.plo,P02_L2_85b
P02,2,86,a,present,la novia culpa el calor,culpa,2,0,0.54,0.74,kul.pa,P02_L2_86a
P02,2,86,b,past,la novia culpó el calor,culpó,2,1,0.78,0.9,kul.po,P02_L2_86b
P02,2,87,a,present,la sangre mancha la falda,mancha,2,0,0.47,0.64,man.tʃa,P02_L2_87a
P02,2,87,b,past,la sangre manchó la falda,manchó,2,1,0.74,0.87,man.tʃo,P02_L2_87b
P02,2,88,a,present,el novio gasta el jabón,gasta,2,0,0.53,0.7,ɡas.t̪a,P02_L2_88a
P02,2,88,b,past,el novio gastó el jabón,gastó,2,1,0.67,0.76,ɡas.t̪o,P02_L2_88b
P02,2,89,a,present,el mago salta el obstáculo,salta,2,0,0.47,0.68,sal.t̪a,P02_L2_89a
P02,2,89,b,past,el mago saltó el obstáculo,saltó,2,1,0.66,0.77,sal.t̪o,P02_L2_89b
P02,2,90,a,present,la mula corta el heno,corta,2,0,0.48,0.62,kor.t̪a,P02_L2_90a
P02,2,90,b,past,la mula cortó el heno,cortó,2,1,0.76,0.87,kor.t̪o,P02_L2_90b
P03,1,1,a,present,el dueño busca la llave,busca,2,0,0.66,0.83,bus.ka,P03_L1_01a
P03,1,1,b,past,el dueño buscó la llave,buscó,2,1,0.57,0.67,bus.ko,P03_L1_01b
P03,1,2,a,present,el cloro limpia el virus,limpia,2,0,0.65,0.88,lim.pja,P03_L1_02a
P03,1,2,b,past,el cloro limpió el virus,limpió,2,1,0.43,0.55,lim.pjo,P03_L1_02b
P03,1,3,a,present,el hijo planta el árbol,planta,2,0,0.4,0.59,plan.t̪a,P03_L1_03a
P03,1,3,b,past,el hijo plantó el árbol,plantó,2,1,0.64,0.84,plan.t̪o,P03_L1_03b
P03,1,4,a,present,el grifo filtra el agua,filtra,2,0,0.66,0.93,filt̪.ɾa,P03_L1_04a
P03,1,4,b,past,el grifo filtró el agua,filtró,2,1,0.71,0.85,filt̪.ɾo,P03_L1_04b
P03,1,5,a,present,el tío monta el alioli,monta,2,0,0.46,0.61,mon.t̪a,P03_L1_05a
P03,1,5,b,past,el tío montó el alioli,montó,2,1,0.55,0.67,mon.t̪o,P03_L1_05b
P03,1,6,a,present,el ave canta la canción,canta,2,0,0.53,0.67,kan.t̪a,P03_L1_06a
P03,1,6,b,past,el ave cantó la canción,cantó,2,1,0.59,0.7,kan.t̪o,P03_L1_06b
P03,1,7,a,present,la joven junta la basura,junta,2,0,0.52,0.69,xun.t̪a,P03_L1_07a
P03,1,7,b,past,la joven juntó la basura,juntó,2,1,0.74,0.86,xun.t̪o,P03_L1_07b
P03,1,8,a,present,la osa marca la puerta,marca,2,0,0.46,0.64,mar.ka,P03_L1_08a
P03,1,8,b,past,la osa marcó la puerta,marcó,2,1,0.68,0.8,mar.ko,P03_L1_08b
P03,1,9,a,present,el río mezcla la arena,mezcla,2,0,0.46,0.63,meθ.kla,P03_L1_09a
P03,1,9,b,past,el río mezcló la arena,mezcló,2,1,0.67,0.81,meθ.klo,P03_L1_09b
P03,1,10,a,present,el suegro sopla la vela,sopla,2,0,0.61,0.79,so.pla,P03_L1_10a
P03,1,10,b,past,el suegro sopló la vela,sopló,2,1,0.77,0.96,so.plo,P03_L1_10b
P03,1,11,a,present,el yerno culpa el ruido,culpa,2,0,0.46,0.67,kul.pa,P03_L1_11a
P03,1,11,b,past,el yerno culpó el ruido,culpó,2,1,0.68,0.82,kul.po,P03_L1_11b
P03,1,12,a,present,la tinta mancha la camisa,mancha,2,0,1.19,1.36,man.tʃa,P03_L1_12a
P03,1,12,b,past,la tinta manchó la camisa,manchó,2,1,0.72,0.86,man.tʃo,P03_L1_12b
P03,1,13,a,present,la doña gasta el dinero,gasta,2,0,0.6,0.81,ɡas.t̪a,P03_L1_13a
P03,1,13,b,past,la doña gastó el dinero,gastó,2,1,0.58,0.68,ɡas.t̪o,P03_L1_13b
P03,1,14,a,present,la perra salta la cerca,salta,2,0,0.71,0.88,sal.t̪a,P03_L1_14a
P03,1,14,b,past,la perra saltó la cerca,saltó,2,1,0.7,0.79,sal.t̪o,P03_L1_14b
P03,1,15,a,present,el cúter corta el paquete,corta,2,0,0.78,0.93,kor.t̪a,P03_L1_15a
P03,1,15,b,past,el cúter cortó el paquete,cortó,2,1,0.73,0.82,kor.t̪o,P03_L1_15b
P03,1,16,a,present,la niña busca el gato,busca,2,0,0.5,0.69,bus.ka,P03_L1_16a
P03,1,16,b,past,la niña buscó el gato,buscó,2,1,0.82,0.97,bus.ko,P03_L1_16b
P03,1,17,a,present,la madre limpia la casa,limpia,2,0,0.77,0.92,lim.pja,P03_L1_17a
P03,1,17,b,past,la madre limpió la casa,limpió,2,1,0.73,0.86,lim.pjo,P03_L1_17b
P03,1,18,a,present,la hija planta la flor,planta,2,0,0.65,0.83,plan.t̪a,P03_L1_18a
P03,1,18,b,past,la hija plantó la flor,plantó,2,1,0.64,0.74,plan.t̪o,P03_L1_18b
P03,1,19,a,present,el termo filtra el té,filtra,2,0,0.49,0.74,filt̪.ɾa,P03_L1_19a
P03,1,19,b,past,el termo filtró el té,filtró,2,1,0.86,0.97,filt̪.ɾo,P03_L1_19b
P03,1,20,a,present,la tía monta la nata,monta,2,0,0.55,0.73,mon.t̪a,P03_L1_20a
P03,1,20,b,past,la tía montó la nata,montó,2,1,0.57,0.7,mon.t̪o,P03_L1_20b
P03,1,21,a,present,la nieta canta el himno,canta,2,0,0.87,1.02,kan.t̪a,P03_L1_21a
P03,1,21,b,past,la nieta cantó el himno,cantó,2,1,0.6,0.69,kan.t̪o,P03_L1_21b
P03,1,22,a,present,el duque junta la leña,junta,2,0,0.34,0.52,xun.t̪a,P03_L1_22a
P03,1,22,b,past,el duque juntó la leña,juntó,2,1,0.85,0.96,xun.t̪o,P03_L1_22b
P03,1,23,a,present,el perro marca el territorio,marca,2,0,0.56,0.75,mar.ka,P03_L1_23a
P03,1,23,b,past,el perro marcó el territorio,marcó,2,1,0.68,0.77,mar.ko,P03_L1_23b
P03,1,24,a,present,el lobo mezcla la carne,mezcla,2,0,0.59,0.79,meθ.kla,P03_L1_24a
P03,1,24,b,past,el lobo mezcló la carne,mezcló,2,1,0.54,0.73,meθ.klo,P03_L1_24b
P03,1,25,a,present,el nene sopla el guiso,sopla,2,0,0.6,0.83,so.pla,P03_L1_25a
P03,1,25,b,past,el nene sopló el guiso,sopló,2,1,0.51,0.65,so.plo,P03_L1_25b
P03,1,26,a,present,la dama culpa la tormenta,culpa,2,0,0.72,0.91,kul.pa,P03_L1_26a
P03,1,26,b,past,la dama culpó la tormenta,culpó,2,1,0.65,0.77,kul.po,P03_L1_26b
P03,1,27,a,present,el lodo mancha el pantalón,mancha,2,0,0.36,0.54,man.tʃa,P03_L1_27a
P03,1,27,b,past,el lodo manchó el pantalón,manchó,2,1,0.67,0.81,man.tʃo,P03_L1_27b
P03,1,28,a,present,el chico gasta la pila,gasta,2,0,0.44,0.61,ɡas.t̪a,P03_L1_28a
P03,1,28,b,past,el chico gastó la pila,gastó,2,1,0.62,0.71,ɡas.t̪o,P03_L1_28b
P03,1,29,a,present,el socio salta el control,salta,2,0,0.62,0.79,sal.t̪a,P03_L1_29a
P03,1,29,b,past,el socio saltó el control,saltó,2,1,0.75,0.85,sal.t̪o,P03_L1_29b
P03,1,30,a,present,la nena corta la cartulina,corta,2,0,0.44,0.61,kor.t̪a,P03_L1_30a
P03,1,30,b,past,la nena cortó la cartulina,cortó,2,1,0.63,0.74,kor.t̪o,P03_L1_30b
P03,1,31,a,present,el móvil busca la señal,busca,2,0,0.58,0.71,bus.ka,P03_L1_31a
P03,1,31,b,past,el móvil buscó la señal,buscó,2,1,0.6,0.7,bus.ko,P03_L1_31b
P03,1,32,a,present,el coche limpia la nieve,limpia,2,0,0.54,0.69,lim.pja,P03_L1_32a
P03,1,32,b,past,el coche limpió la nieve,limpió,2,1,0.57,0.69,lim.pjo,P03_L1_32b
P03,1,33,a,present,la reina planta el rosal,planta,2,0,0.62,0.79,plan.t̪a,P03_L1_33a
P03,1,33,b,past,la reina plantó el rosal,plantó,2,1,0.75,0.82,plan.t̪o,P03_L1_33b
P03,1,34,a,present,la jarra filtra el caldo,filtra,2,0,0.72,0.94,filt̪.ɾa,P03_L1_34a
P03,1,34,b,past,la jarra filtró el caldo,filtró,2,1,0.69,0.78,filt̪.ɾo,P03_L1_34b
P03,1,35,a,present,el monje monta la mayonesa,monta,2,0,0.58,0.75,mon.t̪a,P03_L1_35a
P03,1,35,b,past,el monje montó la mayonesa,montó,2,1,0.62,0.72,mon.t̪o,P03_L1_35b
P03,1,36,a,present,el loro canta la melodía,canta,2,0,0.42,0.58,kan.t̪a,P03_L1_36a
P03,1,36,b,past,el loro cantó la melodía,cantó,2,1,0.63,0.73,kan.t̪o,P03_L1_36b
P03,1,37,a,present,el clavo junta la madera,junta,2,0,0.52,0.68,xun.t̪a,P03_L1_37a
P03,1,37,b,past,el clavo juntó la madera,juntó,2,1,0.74,0.83,xun.t̪o,P03_L1_37b
P03,1,38,a,present,el sastre marca el traje,marca,2,0,0.58,0.8,mar.ka,P03_L1_38a
P03,1,38,b,past,el sastre marcó el traje,marcó,2,1,0.73,0.83,mar.ko,P03_L1_38b
P03,1,39,a,present,la brocha mezcla la pintura,mezcla,2,0,0.65,0.83,mes.kla,P03_L1_39a
P03,1,39,b,past,la brocha mezcló la pintura,mezcló,2,1,0.65,0.82,meθ.klo,P03_L1_39b
P03,1,40,a,present,la suegra sopla la sopa,sopla,2,0,0.53,0.69,so.pla,P03_L1_40a
P03,1,40,b,past,la suegra sopló la sopa,sopló,2,1,0.67,0.83,so.plo,P03_L1_40b
P03,1,41,a,present,el conde culpa el error,culpa,2,0,0.64,0.81,kul.pa,P03_L1_41a
P03,1,41,b,past,el conde culpó el error,culpó,2,1,0.61,0.7,kul.po,P03_L1_41b
P03,1,42,a,present,el zumo mancha la servilleta,mancha,2,0,0.41,0.59,man.tʃa,P03_L1_42a
P03,1,42,b,past,el zumo manchó la servilleta,manchó,2,1,0.5,0.61,man.tʃo,P03_L1_42b
P03,1,43,a,present,la jueza gasta el sueldo,gasta,2,0,0.72,0.9,ɡas.t̪a,P03_L1_43a
P03,1,43,b,past,la jueza gastó el sueldo,gastó,2,1,0.58,0.67,ɡas.t̪o,P03_L1_43b
P03,1,44,a,present,la rana salta la piedra,salta,2,0,0.47,0.65,sal.t̪a,P03_L1_44a
P03,1,44,b,past,la rana saltó la piedra,saltó,2,1,0.65,0.76,sal.t̪o,P03_L1_44b
P03,1,45,a,present,el láser corta el acero,corta,2,0,0.61,0.79,kor.t̪a,P03_L1_45a
P03,1,45,b,past,el láser cortó el acero,cortó,2,1,0.64,0.71,kor.t̪o,P03_L1_45b
P03,1,46,a,present,el padre busca el libro,busca,2,0,0.56,0.74,bus.ka,P03_L1_46a
P03,1,46,b,past,el padre buscó el libro,buscó,2,1,0.56,0.68,bus.ko,P03_L1_46b
P03,1,47,a,present,la lluvia limpia la calle,limpia,2,0,0.54,0.7,lim.pja,P03_L1_47a
P03,1,47,b,past,la lluvia limpió la calle,limpió,2,1,0.64,0.76,lim.pjo,P03_L1_47b
P03,1,48,a,present,el líder planta la semilla,planta,2,0,0.61,0.77,plan.t̪a,P03_L1_48a
P03,1,48,b,past,el líder plantó la semilla,plantó,2,1,0.63,0.72,plan.t̪o,P03_L1_48b
P03,1,49,a,present,la tela filtra el café,filtra,2,0,0.44,0.67,filt̪.ɾa,P03_L1_49a
P03,1,49,b,past,la tela filtró el café,filtró,2,1,0.64,0.73,filt̪.ɾo,P03_L1_49b
P03,1,50,a,present,la dueña monta la tienda,monta,2,0,0.45,0.6,mon.t̪a,P03_L1_50a
P03,1,50,b,past,la dueña montó la tienda,montó,2,1,0.57,0.67,mon.t̪o,P03_L1_50b
P03,1,51,a,present,la gorda canta la ópera,canta,2,0,0.58,0.72,kan.t̪a,P03_L1_51a
P03,1,51,b,past,la gorda cantó la ópera,cantó,2,1,0.93,1.03,kan.t̪o,P03_L1_51b
P03,1,52,a,present,el primo junta el papel,junta,2,0,0.62,0.79,xun.t̪a,P03_L1_52a
P03,1,52,b,past,el primo juntó el papel,juntó,2,1,0.62,0.71,xun.t̪o,P03_L1_52b
P03,1,53,a,present,el hombre marca la ruta,marca,2,0,0.46,0.67,mar.ka,P03_L1_53a
P03,1,53,b,past,el hombre marcó la ruta,marcó,2,1,0.59,0.68,mar.ko,P03_L1_53b
P03,1,54,a,present,el lago mezcla la tierra,mezcla,2,0,0.48,0.65,mes.kla,P03_L1_54a
P03,1,54,b,past,el lago mezcló la tierra,mezcló,2,1,0.56,0.73,meθ.klo,P03_L1_54b
P03,1,55,a,present,la chica sopla el polvo,sopla,2,0,0.63,0.86,so.pla,P03_L1_55a
P03,1,55,b,past,la chica sopló el polvo,sopló,2,1,0.72,0.87,so.plo,P03_L1_55b
P03,1,56,a,present,la ama culpa la demora,culpa,2,0,0.6,0.79,kul.pa,P03_L1_56a
P03,1,56,b,past,la ama culpó la demora,culpó,2,1,0.68,0.8,kul.po,P03_L1_56b
P03,1,57,a,present,el vino mancha la mesa,mancha,2,0,0.49,0.65,man.tʃa,P03_L1_57a
P03,1,57,b,past,el vino manchó la mesa,manchó,2,1,0.63,0.76,man.tʃo,P03_L1_57b
P03,1,58,a,present,el carro gasta la gasolina,gasta,2,0,0.5,0.68,ɡas.t̪a,P03_L1_58a
P03,1,58,b,past,el carro gastó la gasolina,gastó,2,1,0.66,0.76,ɡas.t̪o,P03_L1_58b
P03,1,59,a,present,el niño salta el charco,salta,2,0,0.54,0.73,sal.t̪a,P03_L1_59a
P03,1,59,b,past,el niño saltó el charco,saltó,2,1,0.67,0.78,sal.t̪o,P03_L1_59b
P03,1,60,a,present,la rata corta el queso,corta,2,0,0.64,0.81,kor.t̪a,P03_L1_60a
P03,1,60,b,past,la rata cortó el queso,cortó,2,1,0.68,0.81,kor.t̪o,P03_L1_60b
P03,1,61,a,present,la vaca busca la paja,busca,2,0,0.47,0.63,bus.ka,P03_L1_61a
P03,1,61,b,past,la vaca buscó la paja,buscó,2,1,0.63,0.77,bus.ko,P03_L1_61b
P03,1,62,a,present,la prima limpia el baño,limpia,2,0,0.46,0.59,lim.pja,P03_L1_62a
P03,1,62,b,past,la prima limpió el baño,limpió,2,1,0.78,0.93,lim.pjo,P03_L1_62b
P03,1,63,a,present,la vieja planta el jazmín,planta,2,0,0.46,0.63,plan.t̪a,P03_L1_63a
P03,1,63,b,past,la vieja plantó el jazmín,plantó,2,1,0.65,0.75,plan.t̪o,P03_L1_63b
P03,1,64,a,present,el filtro filtra el aire,filtra,2,0,0.74,1.02,filt̪.ɾa,P03_L1_64a
P03,1,64,b,past,el filtro filtró el aire,filtró,2,1,0.84,0.93,filt̪.ɾo,P03_L1_64b
P03,1,65,a,present,la jefa monta el escritorio,monta,2,0,0.56,0.77,mon.t̪a,P03_L1_65a
P03,1,65,b,past,la jefa montó el escritorio,montó,2,1,0.64,0.72,mon.t̪o,P03_L1_65b
P03,1,66,a,present,la guapa canta la nana,canta,2,0,0.55,0.71,kan.t̪a,P03_L1_66a
P03,1,66,b,past,la guapa cantó la nana,cantó,2,1,0.67,0.78,kan.t̪o,P03_L1_66b
P03,1,67,a,present,la nuera junta el cartón,junta,2,0,0.74,0.93,xun.t̪a,P03_L1_67a
P03,1,67,b,past,la nuera juntó el cartón,juntó,2,1,0.82,0.95,xun.t̪o,P03_L1_67b
P03,1,68,a,present,la grasa marca la pared,marca,2,0,0.65,0.84,mar.ka,P03_L1_68a
P03,1,68,b,past,la grasa marcó la pared,marcó,2,1,0.72,0.87,mar.ko,P03_L1_68b
P03,1,69,a,present,la flaca mezcla el yogur,mezcla,2,0,0.6,0.78,mes.kla,P03_L1_69a
P03,1,69,b,past,la flaca mezcló el yogur,mezcló,2,1,0.67,0.81,meθ.klo,P03_L1_69b
P03,1,70,a,present,el huésped sopla la pizza,sopla,2,0,0.89,1.07,so.pla,P03_L1_70a
P03,1,70,b,past,el huésped sopló la pizza,sopló,2,1,0.65,0.79,so.plo,P03_L1_70b
P03,1,71,a,present,el cónsul culpa la crisis,culpa,2,0,0.57,0.73,kul.pa,P03_L1_71a
P03,1,71,b,past,el cónsul culpó la crisis,culpó,2,1,0.63,0.74,kul.po,P03_L1_71b
P03,1,72,a,present,la rueda mancha el garaje,mancha,2,0,0.72,0.88,man.tʃa,P03_L1_72a
P03,1,72,b,past,la rueda manchó el garaje,manchó,2,1,0.59,0.71,man.tʃo,P03_L1_72b
P03,1,73,a,present,la rica gasta el crédito,gasta,2,0,0.52,0.67,ɡas.t̪a,P03_L1_73a
P03,1,73,b,past,la rica gastó el crédito,gastó,2,1,0.53,0.61,ɡas.t̪o,P03_L1_73b
P03,1,74,a,present,la cabra salta la valla,salta,2,0,0.5,0.69,sal.t̪a,P03_L1_74a
P03,1,74,b,past,la cabra saltó la valla,saltó,2,1,0.64,0.74,sal.t̪o,P03_L1_74b
P03,1,75,a,present,el mozo corta la cinta,corta,2,0,0.64,0.8,kor.t̪a,P03_L1_75a
P03,1,75,b,past,el mozo cortó la cinta,cortó,2,1,0.66,0.77,kor.t̪o,P03_L1_75b
P03,1,76,a,present,la rubia busca el anillo,busca,2,0,0.58,0.74,bus.ka,P03_L1_76a
P03,1,76,b,past,la rubia buscó el anillo,buscó,2,1,0.7,0.8,bus.ko,P03_L1_76b
P03,1,77,a,present,el trapo limpia la suciedad,limpia,2,0,0.53,0.66,lim.pja,P03_L1_77a
P03,1,77,b,past,el trapo limpió la suciedad,limpió,2,1,0.62,0.74,lim.pjo,P03_L1_77b
P03,1,78,a,present,el cura planta el geranio,planta,2,0,0.49,0.7,plan.t̪a,P03_L1_78a
P03,1,78,b,past,el cura plantó el geranio,plantó,2,1,0.65,0.73,plan.t̪o,P03_L1_78b
P03,1,79,a,present,la malla filtra el aceite,filtra,2,0,0.64,0.87,filt̪.ɾa,P03_L1_79a
P03,1,79,b,past,la malla filtró el aceite,filtró,2,1,0.64,0.71,filt̪.ɾo,P03_L1_79b
P03,1,80,a,present,el nieto monta la estantería,monta,2,0,0.52,0.71,mon.t̪a,P03_L1_80a
P03,1,80,b,past,el nieto montó la estantería,montó,2,1,0.58,0.68,mon.t̪o,P03_L1_80b
P03,1,81,a,present,el viejo canta el bolero,canta,2,0,0.57,0.74,kan.t̪a,P03_L1_81a
P03,1,81,b,past,el viejo cantó el bolero,cantó,2,1,0.71,0.82,kan.t̪o,P03_L1_81b
P03,1,82,a,present,la gata junta la comida,junta,2,0,0.69,0.87,xun.t̪a,P03_L1_82a
P03,1,82,b,past,la gata juntó la comida,juntó,2,1,0.58,0.7,xun.t̪o,P03_L1_82b
P03,1,83,a,present,la bici marca el suelo,marca,2,0,0.81,1.0,mar.ka,P03_L1_83a
P03,1,83,b,past,la bici marcó el suelo,marcó,2,1,0.59,0.69,mar.ko,P03_L1_83b
P03,1,84,a,present,la presa mezcla el cemento,mezcla,2,0,0.52,0.69,mes.kla,P03_L1_84a
P03,1,84,b,past,la presa mezcló el cemento,mezcló,2,1,0.62,0.74,meθ.klo,P03_L1_84b
P03,1,85,a,present,la monja sopla el fuego,sopla,2,0,0.62,0.79,so.pla,P03_L1_85a
P03,1,85,b,past,la monja sopló el fuego,sopló,2,1,0.61,0.73,so.plo,P03_L1_85b
P03,1,86,a,present,la novia culpa el calor,culpa,2,0,0.51,0.69,kul.pa,P03_L1_86a
P03,1,86,b,past,la novia culpó el calor,culpó,2,1,0.74,0.84,kul.po,P03_L1_86b
P03,1,87,a,present,la sangre mancha la falda,mancha,2,0,0.53,0.72,man.tʃa,P03_L1_87a
P03,1,87,b,past,la sangre manchó la falda,manchó,2,1,0.65,0.79,man.tʃo,P03_L1_87b
P03,1,88,a,present,el novio gasta el jabón,gasta,2,0,0.52,0.7,ɡas.t̪a,P03_L1_88a
P03,1,88,b,past,el novio gastó el jabón,gastó,2,1,0.64,0.72,ɡas.t̪o,P03_L1_88b
P03,1,89,a,present,el mago salta el obstáculo,salta,2,0,0.45,0.71,sal.t̪a,P03_L1_89a
P03,1,89,b,past,el mago saltó el obstáculo,saltó,2,1,0.78,0.89,sal.t̪o,P03_L1_89b
P03,1,90,a,present,la mula corta el heno,corta,2,0,0.71,0.88,kor.t̪a,P03_L1_90a
P03,1,90,b,past,la mula cortó el heno,cortó,2,1,0.69,0.79,kor.t̪o,P03_L1_90b
P03,2,1,a,present,el dueño busca la llave,busca,2,0,0.5,0.67,bus.ka,P03_L2_01a
P03,2,1,b,past,el dueño buscó la llave,buscó,2,1,0.55,0.67,bus.ko,P03_L2_01b
P03,2,2,a,present,el cloro limpia el virus,limpia,2,0,0.42,0.59,lim.pja,P03_L2_02a
P03,2,2,b,past,el cloro limpió el virus,limpió,2,1,0.81,0.93,lim.pjo,P03_L2_02b
P03,2,3,a,present,el hijo planta el árbol,planta,2,0,0.53,0.72,plan.t̪a,P03_L2_03a
P03,2,3,b,past,el hijo plantó el árbol,plantó,2,1,0.66,0.78,plan.t̪o,P03_L2_03b
P03,2,4,a,present,el grifo filtra el agua,filtra,2,0,0.42,0.71,filt̪.ɾa,P03_L2_04a
P03,2,4,b,past,el grifo filtró el agua,filtró,2,1,0.78,0.87,filt̪.ɾo,P03_L2_04b
P03,2,5,a,present,el tío monta el alioli,monta,2,0,0.39,0.57,mon.t̪a,P03_L2_05a
P03,2,5,b,past,el tío montó el alioli,montó,2,1,0.7,0.78,mon.t̪o,P03_L2_05b
P03,2,6,a,present,el ave canta la canción,canta,2,0,0.43,0.6,kan.t̪a,P03_L2_06a
P03,2,6,b,past,el ave cantó la canción,cantó,2,1,0.59,0.69,kan.t̪o,P03_L2_06b
P03,2,7,a,present,la joven junta la basura,junta,2,0,0.49,0.69,xun.t̪a,P03_L2_07a
P03,2,7,b,past,la joven juntó la basura,juntó,2,1,0.71,0.82,xun.t̪o,P03_L2_07b
P03,2,8,a,present,la osa marca la puerta,marca,2,0,0.61,0.81,mar.ka,P03_L2_08a
P03,2,8,b,past,la osa marcó la puerta,marcó,2,1,0.82,0.93,mar.ko,P03_L2_08b
P03,2,9,a,present,el río mezcla la arena,mezcla,2,0,0.46,0.63,meθ.kla,P03_L2_09a
P03,2,9,b,past,el río mezcló la arena,mezcló,2,1,0.54,0.72,meθ.klo,P03_L2_09b
P03,2,10,a,present,el suegro sopla la vela,sopla,2,0,0.58,0.74,so.pla,P03_L2_10a
P03,2,10,b,past,el suegro sopló la vela,sopló,2,1,0.73,0.89,so.plo,P03_L2_10b
P03,2,11,a,present,el yerno culpa el ruido,culpa,2,0,0.51,0.66,kul.pa,P03_L2_11a
P03,2,11,b,past,el yerno culpó el ruido,culpó,2,1,0.77,0.89,kul.po,P03_L2_11b
P03,2,12,a,present,la tinta mancha la camisa,mancha,2,0,0.53,0.7,man.tʃa,P03_L2_12a
P03,2,12,b,past,la tinta manchó la camisa,manchó,2,1,0.86,1.0,man.tʃo,P03_L2_12b
P03,2,13,a,present,la doña gasta el dinero,gasta,2,0,0.51,0.67,ɡas.t̪a,P03_L2_13a
P03,2,13,b,past,la doña gastó el dinero,gastó,2,1,0.73,0.83,ɡas.t̪o,P03_L2_13b
P03,2,14,a,present,la perra salta la cerca,salta,2,0,0.49,0.71,sal.t̪a,P03_L2_14a
P03,2,14,b,past,la perra saltó la cerca,saltó,2,1,0.63,0.75,sal.t̪o,P03_L2_14b
P03,2,15,a,present,el cúter corta el paquete,corta,2,0,0.61,0.78,kor.t̪a,P03_L2_15a
P03,2,15,b,past,el cúter cortó el paquete,cortó,2,1,0.67,0.78,kor.t̪o,P03_L2_15b
P03,2,16,a,present,la niña busca el gato,busca,2,0,0.66,0.86,bus.ka,P03_L2_16a
P03,2,16,b,past,la niña buscó el gato,buscó,2,1,0.82,0.97,bus.ko,P03_L2_16b
P03,2,17,a,present,la madre limpia la casa,limpia,2,0,0.5,0.67,lim.pja,P03_L2_17a
P03,2,17,b,past,la madre limpió la casa,limpió,2,1,0.81,0.97,lim.pjo,P03_L2_17b
P03,2,18,a,present,la hija planta la flor,planta,2,0,0.48,0.66,plan.t̪a,P03_L2_18a
P03,2,18,b,past,la hija plantó la flor,plantó,2,1,0.78,0.89,plan.t̪o,P03_L2_18b
P03,2,19,a,present,el termo filtra el té,filtra,2,0,0.5,0.76,filt̪.ɾa,P03_L2_19a
P03,2,19,b,past,el termo filtró el té,filtró,2,1,0.77,0.9,filt̪.ɾo,P03_L2_19b
P03,2,20,a,present,la tía monta la nata,monta,2,0,0.48,0.65,mon.t̪a,P03_L2_20a
P03,2,20,b,past,la tía montó la nata,montó,2,1,0.63,0.74,mon.t̪o,P03_L2_20b
P03,2,21,a,present,la nieta canta el himno,canta,2,0,0.46,0.67,kan.t̪a,P03_L2_21a
P03,2,21,b,past,la nieta cantó el himno,cantó,2,1,0.8,0.9,kan.t̪o,P03_L2_21b
P03,2,22,a,present,el duque junta la leña,junta,2,0,0.52,0.68,xun.t̪a,P03_L2_22a
P03,2,22,b,past,el duque juntó la leña,juntó,2,1,0.61,0.73,xun.t̪o,P03_L2_22b
P03,2,23,a,present,el perro marca el territorio,marca,2,0,0.41,0.63,mar.ka,P03_L2_23a
P03,2,23,b,past,el perro marcó el territorio,marcó,2,1,0.69,0.78,mar.ko,P03_L2_23b
P03,2,24,a,present,el lobo mezcla la carne,mezcla,2,0,0.37,0.54,meθ.kla,P03_L2_24a
P03,2,24,b,past,el lobo mezcló la carne,mezcló,2,1,0.74,0.89,meθ.klo,P03_L2_24b
P03,2,25,a,present,el nene sopla el guiso,sopla,2,0,0.47,0.67,so.pla,P03_L2_25a
P03,2,25,b,past,el nene sopló el guiso,sopló,2,1,0.72,0.91,so.plo,P03_L2_25b
P03,2,26,a,present,la dama culpa la tormenta,culpa,2,0,0.4,0.61,kul.pa,P03_L2_26a
P03,2,26,b,past,la dama culpó la tormenta,culpó,2,1,0.6,0.7,kul.po,P03_L2_26b
P03,2,27,a,present,el lodo mancha el pantalón,mancha,2,0,0.45,0.63,man.tʃa,P03_L2_27a
P03,2,27,b,past,el lodo manchó el pantalón,manchó,2,1,0.73,0.86,man.tʃo,P03_L2_27b
P03,2,28,a,present,el chico gasta la pila,gasta,2,0,0.44,0.61,ɡas.t̪a,P03_L2_28a
P03,2,28,b,past,el chico gastó la pila,gastó,2,1,0.64,0.75,ɡas.t̪o,P03_L2_28b
P03,2,29,a,present,el socio salta el control,salta,2,0,0.47,0.7,sal.t̪a,P03_L2_29a
P03,2,29,b,past,el socio saltó el control,saltó,2,1,0.76,0.86,sal.t̪o,P03_L2_29b
P03,2,30,a,present,la nena corta la cartulina,corta,2,0,0.47,0.64,kor.t̪a,P03_L2_30a
P03,2,30,b,past,la nena cortó la cartulina,cortó,2,1,0.68,0.79,kor.t̪o,P03_L2_30b
P03,2,31,a,present,el móvil busca la señal,busca,2,0,0.49,0.65,bus.ka,P03_L2_31a
P03,2,31,b,past,el móvil buscó la señal,buscó,2,1,0.65,0.78,bus.ko,P03_L2_31b
P03,2,32,a,present,el coche limpia la nieve,limpia,2,0,0.57,0.71,lim.pja,P03_L2_32a
P03,2,32,b,past,el coche limpió la nieve,limpió,2,1,0.72,0.85,lim.pjo,P03_L2_32b
P03,2,33,a,present,la reina planta el rosal,planta,2,0,0.62,0.8,plan.t̪a,P03_L2_33a
P03,2,33,b,past,la reina plantó el rosal,plantó,2,1,0.73,0.84,plan.t̪o,P03_L2_33b
P03,2,34,a,present,la jarra filtra el caldo,filtra,2,0,0.46,0.72,filt̪.ɾa,P03_L2_34a
P03,2,34,b,past,la jarra filtró el caldo,filtró,2,1,0.74,0.85,filt̪.ɾo,P03_L2_34b
P03,2,35,a,present,el monje monta la mayonesa,monta,2,0,0.51,0.73,mon.t̪a,P03_L2_35a
P03,2,35,b,past,el monje montó la mayonesa,montó,2,1,0.72,0.82,mon.t̪o,P03_L2_35b
P03,2,36,a,present,el loro canta la melodía,canta,2,0,0.45,0.63,kan.t̪a,P03_L2_36a
P03,2,36,b,past,el loro cantó la melodía,cantó,2,1,0.59,0.7,kan.t̪o,P03_L2_36b
P03,2,37,a,present,el clavo junta la madera,junta,2,0,0.47,0.66,xun.t̪a,P03_L2_37a
P03,2,37,b,past,el clavo juntó la madera,juntó,2,1,0.7,0.82,xun.t̪o,P03_L2_37b
P03,2,38,a,present,el sastre marca el traje,marca,2,0,0.6,0.85,mar.ka,P03_L2_38a
P03,2,38,b,past,el sastre marcó el traje,marcó,2,1,0.94,1.14,mar.ko,P03_L2_38b
P03,2,39,a,present,la brocha mezcla la pintura,mezcla,2,0,0.52,0.7,meθ.kla,P03_L2_39a
P03,2,39,b,past,la brocha mezcló la pintura,mezcló,2,1,0.75,0.89,meθ.klo,P03_L2_39b
P03,2,40,a,present,la suegra sopla la sopa,sopla,2,0,0.53,0.77,so.pla,P03_L2_40a
P03,2,40,b,past,la suegra sopló la sopa,sopló,2,1,0.74,0.89,so.plo,P03_L2_40b
P03,2,41,a,present,el conde culpa el error,culpa,2,0,0.49,0.7,kul.pa,P03_L2_41a
P03,2,41,b,past,el conde culpó el error,culpó,2,1,0.64,0.75,kul.po,P03_L2_41b
P03,2,42,a,present,el zumo mancha la servilleta,mancha,2,0,0.5,0.7,man.tʃa,P03_L2_42a
P03,2,42,b,past,el zumo manchó la servilleta,manchó,2,1,0.62,0.76,man.tʃo,P03_L2_42b
P03,2,43,a,present,la jueza gasta el sueldo,gasta,2,0,0.6,0.81,ɡas.t̪a,P03_L2_43a
P03,2,43,b,past,la jueza gastó el sueldo,gastó,2,1,0.82,0.93,ɡas.t̪o,P03_L2_43b
P03,2,44,a,present,la rana salta la piedra,salta,2,0,0.5,0.76,sal.t̪a,P03_L2_44a
P03,2,44,b,past,la rana saltó la piedra,saltó,2,1,0.74,0.86,sal.t̪o,P03_L2_44b
P03,2,45,a,present,el láser corta el acero,corta,2,0,0.64,0.83,kor.t̪a,P03_L2_45a
P03,2,45,b,past,el láser cortó el acero,cortó,2,1,0.82,0.91,kor.t̪o,P03_L2_45b
P03,2,46,a,present,el padre busca el libro,busca,2,0,0.43,0.64,bus.ka,P03_L2_46a
P03,2,46,b,past,el padre buscó el libro,buscó,2,1,0.63,0.78,bus.ko,P03_L2_46b
P03,2,47,a,present,la lluvia limpia la calle,limpia,2,0,0.55,0.72,lim.pja,P03_L2_47a
P03,2,47,b,past,la lluvia limpió la calle,limpió,2,1,0.73,0.88,lim.pjo,P03_L2_47b
P03,2,48,a,present,el líder planta la semilla,planta,2,0,0.62,0.87,plan.t̪a,P03_L2_48a
P03,2,48,b,past,el líder plantó la semilla,plantó,2,1,0.75,0.84,plan.t̪o,P03_L2_48b
P03,2,49,a,present,la tela filtra el café,filtra,2,0,0.52,0.83,filt̪.ɾa,P03_L2_49a
P03,2,49,b,past,la tela filtró el café,filtró,2,1,0.77,0.85,filt̪.ɾo,P03_L2_49b
P03,2,50,a,present,la dueña monta la tienda,monta,2,0,0.68,0.91,mon.t̪a,P03_L2_50a
P03,2,50,b,past,la dueña montó la tienda,montó,2,1,0.72,0.85,mon.t̪o,P03_L2_50b
P03,2,51,a,present,la gorda canta la ópera,canta,2,0,0.55,0.74,kan.t̪a,P03_L2_51a
P03,2,51,b,past,la gorda cantó la ópera,cantó,2,1,0.78,0.91,kan.t̪o,P03_L2_51b
P03,2,52,a,present,el primo junta el papel,junta,2,0,0.54,0.78,xun.t̪a,P03_L2_52a
P03,2,52,b,past,el primo juntó el papel,juntó,2,1,0.81,0.93,xun.t̪o,P03_L2_52b
P03,2,53,a,present,el hombre marca la ruta,marca,2,0,0.43,0.68,mar.ka,P03_L2_53a
P03,2,53,b,past,el hombre marcó la ruta,marcó,2,1,0.59,0.7,mar.ko,P03_L2_53b
P03,2,54,a,present,el lago mezcla la tierra,mezcla,2,0,0.52,0.72,meθ.kla,P03_L2_54a
P03,2,54,b,past,el lago mezcló la tierra,mezcló,2,1,0.73,0.88,meθ.klo,P03_L2_54b
P03,2,55,a,present,la chica sopla el polvo,sopla,2,0,0.54,0.76,so.pla,P03_L2_55a
P03,2,55,b,past,la chica sopló el polvo,sopló,2,1,0.73,0.86,so.plo,P03_L2_55b
P03,2,56,a,present,la ama culpa la demora,culpa,2,0,0.49,0.71,kul.pa,P03_L2_56a
P03,2,56,b,past,la ama culpó la demora,culpó,2,1,0.66,0.79,kul.po,P03_L2_56b
P03,2,57,a,present,el vino mancha la mesa,mancha,2,0,0.56,0.75,man.tʃa,P03_L2_57a
P03,2,57,b,past,el vino manchó la mesa,manchó,2,1,0.75,0.92,man.tʃo,P03_L2_57b
P03,2,58,a,present,el carro gasta la gasolina,gasta,2,0,0.51,0.71,ɡas.t̪a,P03_L2_58a
P03,2,58,b,past,el carro gastó la gasolina,gastó,2,1,0.82,0.96,ɡas.t̪o,P03_L2_58b
P03,2,59,a,present,el niño salta el charco,salta,2,0,0.49,0.78,sal.t̪a,P03_L2_59a
P03,2,59,b,past,el niño saltó el charco,saltó,2,1,0.77,0.95,sal.t̪o,P03_L2_59b
P03,2,60,a,present,la rata corta el queso,corta,2,0,0.6,0.83,kor.t̪a,P03_L2_60a
P03,2,60,b,past,la rata cortó el queso,cortó,2,1,0.77,0.9,kor.t̪o,P03_L2_60b
P03,2,61,a,present,la vaca busca la paja,busca,2,0,0.61,0.84,bus.ka,P03_L2_61a
P03,2,61,b,past,la vaca buscó la paja,buscó,2,1,0.69,0.82,bus.ko,P03_L2_61b
P03,2,62,a,present,la prima limpia el baño,limpia,2,0,0.7,0.88,lim.pja,P03_L2_62a
P03,2,62,b,past,la prima limpió el baño,limpió,2,1,0.72,0.85,lim.pjo,P03_L2_62b
P03,2,63,a,present,la vieja planta el jazmín,planta,2,0,0.45,0.68,plan.t̪a,P03_L2_63a
P03,2,63,b,past,la vieja plantó el jazmín,plantó,2,1,0.71,0.83,plan.t̪o,P03_L2_63b
P03,2,64,a,present,el filtro filtra el aire,filtra,2,0,0.71,0.99,filt̪.ɾa,P03_L2_64a
P03,2,64,b,past,el filtro filtró el aire,filtró,2,1,0.89,1.0,filt̪.ɾo,P03_L2_64b
P03,2,65,a,present,la jefa monta el escritorio,monta,2,0,0.5,0.78,mon.t̪a,P03_L2_65a
P03,2,65,b,past,la jefa montó el escritorio,montó,2,1,0.69,0.8,mon.t̪o,P03_L2_65b
P03,2,66,a,present,la guapa canta la nana,canta,2,0,0.45,0.63,kan.t̪a,P03_L2_66a
P03,2,66,b,past,la guapa cantó la nana,cantó,2,1,0.67,0.79,kan.t̪o,P03_L2_66b
P03,2,67,a,present,la nuera junta el cartón,junta,2,0,0.47,0.66,xun.t̪a,P03_L2_67a
P03,2,67,b,past,la nuera juntó el cartón,juntó,2,1,0.7,0.81,xun.t̪o,P03_L2_67b
P03,2,68,a,present,la grasa marca la pared,marca,2,0,0.56,0.82,mar.ka,P03_L2_68a
P03,2,68,b,past,la grasa marcó la pared,marcó,2,1,0.7,0.84,mar.ko,P03_L2_68b
P03,2,69,a,present,la flaca mezcla el yogur,mezcla,2,0,0.72,0.93,mes.kla,P03_L2_69a
P03,2,69,b,past,la flaca mezcló el yogur,mezcló,2,1,0.83,1.05,meθ.klo,P03_L2_69b
P03,2,70,a,present,el huésped sopla la pizza,sopla,2,0,0.51,0.76,so.pla,P03_L2_70a
P03,2,70,b,past,el huésped sopló la pizza,sopló,2,1,0.77,0.92,so.plo,P03_L2_70b
P03,2,71,a,present,el cónsul culpa la crisis,culpa,2,0,0.61,0.8,kul.pa,P03_L2_71a
P03,2,71,b,past,el cónsul culpó la crisis,culpó,2,1,0.83,0.96,kul.po,P03_L2_71b
P03,2,72,a,present,la rueda mancha el garaje,mancha,2,0,0.46,0.66,man.tʃa,P03_L2_72a
P03,2,72,b,past,la rueda manchó el garaje,manchó,2,1,0.72,0.9,man.tʃo,P03_L2_72b
P03,2,73,a,present,la rica gasta el crédito,gasta,2,0,0.55,0.78,ɡas.t̪a,P03_L2_73a
P03,2,73,b,past,la rica gastó el crédito,gastó,2,1,0.76,0.9,ɡas.t̪o,P03_L2_73b
P03,2,74,a,present,la cabra salta la valla,salta,2,0,0.59,0.8,sal.t̪a,P03_L2_74a
P03,2,74,b,past,la cabra saltó la valla,saltó,2,1,0.74,0.86,sal.t̪o,P03_L2_74b
P03,2,75,a,present,el mozo corta la cinta,corta,2,0,0.48,0.65,kor.t̪a,P03_L2_75a
P03,2,75,b,past,el mozo cortó la cinta,cortó,2,1,0.57,0.71,kor.t̪o,P03_L2_75b
P03,2,76,a,present,la rubia busca el anillo,busca,2,0,0.46,0.67,bus.ka,P03_L2_76a
P03,2,76,b,past,la rubia buscó el anillo,buscó,2,1,0.7,0.86,bus.ko,P03_L2_76b
P03,2,77,a,present,el trapo limpia la suciedad,limpia,2,0,0.5,0.68,lim.pja,P03_L2_77a
P03,2,77,b,past,el trapo limpió la suciedad,limpió,2,1,0.66,0.8,lim.pjo,P03_L2_77b
P03,2,78,a,present,el cura planta el geranio,planta,2,0,0.57,0.79,plan.t̪a,P03_L2_78a
P03,2,78,b,past,el cura plantó el geranio,plantó,2,1,0.79,0.86,plan.t̪o,P03_L2_78b
P03,2,79,a,present,la malla filtra el aceite,filtra,2,0,0.58,0.83,filt̪.ɾa,P03_L2_79a
P03,2,79,b,past,la malla filtró el aceite,filtró,2,1,0.85,0.95,filt̪.ɾo,P03_L2_79b
P03,2,80,a,present,el nieto monta la estantería,monta,2,0,0.54,0.75,mon.t̪a,P03_L2_80a
P03,2,80,b,past,el nieto montó la estantería,montó,2,1,0.64,0.75,mon.t̪o,P03_L2_80b
P03,2,81,a,present,el viejo canta el bolero,canta,2,0,0.45,0.61,kan.t̪a,P03_L2_81a
P03,2,81,b,past,el viejo cantó el bolero,cantó,2,1,0.76,0.87,kan.t̪o,P03_L2_81b
P03,2,82,a,present,la gata junta la comida,junta,2,0,0.53,0.77,xun.t̪a,P03_L2_82a
P03,2,82,b,past,la gata juntó la comida,juntó,2,1,0.76,0.87,xun.t̪o,P03_L2_82b
P03,2,83,a,present,la bici marca el suelo,marca,2,0,0.5,0.73,mar.ka,P03_L2_83a
P03,2,83,b,past,la bici marcó el suelo,marcó,2,1,0.7,0.83,mar.ko,P03_L2_83b
P03,2,84,a,present,la presa mezcla el cemento,mezcla,2,0,0.48,0.72,meθ.kla,P03_L2_84a
P03,2,84,b,past,la presa mezcló el cemento,mezcló,2,1,0.78,0.92,meθ.klo,P03_L2_84b
P03,2,85,a,present,la monja sopla el fuego,sopla,2,0,0.56,0.75,so.pla,P03_L2_85a
P03,2,85,b,past,la monja sopló el fuego,sopló,2,1,0.68,0.8,so.plo,P03_L2_85b
P03,2,86,a,present,la novia culpa el calor,culpa,2,0,0.77,0.98,kul.pa,P03_L2_86a
P03,2,86,b,past,la novia culpó el calor,culpó,2,1,0.68,0.91,kul.po,P03_L2_86b
P03,2,87,a,present,la sangre mancha la falda,mancha,2,0,0.74,0.94,man.tʃa,P03_L2_87a
P03,2,87,b,past,la sangre manchó la falda,manchó,2,1,0.75,0.93,man.tʃo,P03_L2_87b
P03,2,88,a,present,el novio gasta el jabón,gasta,2,0,0.53,0.71,ɡas.t̪a,P03_L2_88a
P03,2,88,b,past,el novio gastó el jabón,gastó,2,1,0.82,0.93,ɡas.t̪o,P03_L2_88b
P03,2,89,a,present,el mago salta el obstáculo,salta,2,0,0.53,0.84,sal.t̪a,P03_L2_89a
P03,2,89,b,past,el mago saltó el obstáculo,saltó,2,1,0.61,0.72,sal.t̪o,P03_L2_89b
P03,2,90,a,present,la mula corta el heno,corta,2,0,0.58,0.74,kor.t̪a,P03_L2_90a
P03,2,90,b,past,la mula cortó el heno,cortó,2,1,0.77,0.95,kor.t̪o,P03_L2_90b
P04,1,1,a,present,el dueño busca la llave,busca,2,0,0.78,1.01,bus.ka,P04_L1_01a
P04,1,1,b,past,el dueño buscó la llave,buscó,2,1,0.75,0.92,bus.ko,P04_L1_01b
P04,1,2,a,present,el cloro limpia el virus,limpia,2,0,0.78,1.02,lim.pja,P04_L1_02a
P04,1,2,b,past,el cloro limpió el virus,limpió,2,1,0.87,1.04,lim.pjo,P04_L1_02b
P04,1,3,a,present,el hijo planta el árbol,planta,2,0,0.73,1.01,plan.t̪a,P04_L1_03a
P04,1,3,b,past,el hijo plantó el árbol,plantó,2,1,0.82,0.95,plan.t̪o,P04_L1_03b
P04,1,4,a,present,el grifo filtra el agua,filtra,2,0,0.84,1.15,filt̪.ɾa,P04_L1_04a
P04,1,4,b,past,el grifo filtró el agua,filtró,2,1,1.12,1.27,filt̪.ɾo,P04_L1_04b
P04,1,5,a,present,el tío monta el alioli,monta,2,0,0.79,1.13,mon.t̪a,P04_L1_05a
P04,1,5,b,past,el tío montó el alioli,montó,2,1,0.91,1.03,mon.t̪o,P04_L1_05b
P04,1,6,a,present,el ave canta la canción,canta,2,0,0.73,1.0,kan.t̪a,P04_L1_06a
P04,1,6,b,past,el ave cantó la canción,cantó,2,1,1.01,1.15,kan.t̪o,P04_L1_06b
P04,1,7,a,present,la joven junta la basura,junta,2,0,0.87,1.24,xun.t̪a,P04_L1_07a
P04,1,7,b,past,la joven juntó la basura,juntó,2,1,0.95,1.09,xun.t̪o,P04_L1_07b
P04,1,8,a,present,la osa marca la puerta,marca,2,0,0.69,0.98,mar.ka,P04_L1_08a
P04,1,8,b,past,la osa marcó la puerta,marcó,2,1,0.88,1.03,mar.ko,P04_L1_08b
P04,1,9,a,present,el río mezcla la arena,mezcla,2,0,0.54,0.81,mes.kla,P04_L1_09a
P04,1,9,b,past,el río mezcló la arena,mezcló,2,1,0.68,0.93,meθ.klo,P04_L1_09b
P04,1,10,a,present,el suegro sopla la vela,sopla,2,0,0.96,1.21,so.pla,P04_L1_10a
P04,1,10,b,past,el suegro sopló la vela,sopló,2,1,1.19,1.39,so.plo,P04_L1_10b
P04,1,11,a,present,el yerno culpa el ruido,culpa,2,0,1.01,1.28,kul.pa,P04_L1_11a
P04,1,11,b,past,el yerno culpó el ruido,culpó,2,1,1.0,1.23,kul.po,P04_L1_11b
P04,1,12,a,present,la tinta mancha la camisa,mancha,2,0,0.89,1.11,man.tʃa,P04_L1_12a
P04,1,12,b,past,la tinta manchó la camisa,manchó,2,1,0.8,1.0,man.tʃo,P04_L1_12b
P04,1,13,a,present,la doña gasta el dinero,gasta,2,0,0.64,0.9,ɡas.t̪a,P04_L1_13a
P04,1,13,b,past,la doña gastó el dinero,gastó,2,1,0.78,0.89,ɡas.t̪o,P04_L1_13b
P04,1,14,a,present,la perra salta la cerca,salta,2,0,0.64,0.92,sal.t̪a,P04_L1_14a
P04,1,14,b,past,la perra saltó la cerca,saltó,2,1,1.11,1.28,sal.t̪o,P04_L1_14b
P04,1,15,a,present,el cúter corta el paquete,corta,2,0,0.95,1.2,kor.t̪a,P04_L1_15a
P04,1,15,b,past,el cúter cortó el paquete,cortó,2,1,1.05,1.19,kor.t̪o,P04_L1_15b
P04,1,16,a,present,la niña busca el gato,busca,2,0,0.59,0.83,bus.ka,P04_L1_16a
P04,1,16,b,past,la niña buscó el gato,buscó,2,1,0.96,1.11,bus.ko,P04_L1_16b
P04,1,17,a,present,la madre limpia la casa,limpia,2,0,0.78,1.01,lim.pja,P04_L1_17a
P04,1,17,b,past,la madre limpió la casa,limpió,2,1,0.78,0.97,lim.pjo,P04_L1_17b
P04,1,18,a,present,la hija planta la flor,planta,2,0,0.7,0.97,plan.t̪a,P04_L1_18a
P04,1,18,b,past,la hija plantó la flor,plantó,2,1,0.82,0.97,plan.t̪o,P04_L1_18b
P04,1,19,a,present,el termo filtra el té,filtra,2,0,0.76,1.17,filt̪.ɾa,P04_L1_19a
P04,1,19,b,past,el termo filtró el té,filtró,2,1,0.91,1.24,filt̪.ɾo,P04_L1_19b
P04,1,20,a,present,la tía monta la nata,monta,2,0,0.61,0.88,mon.t̪a,P04_L1_20a
P04,1,20,b,past,la tía montó la nata,montó,2,1,0.76,0.9,mon.t̪o,P04_L1_20b
P04,1,21,a,present,la nieta canta el himno,canta,2,0,0.73,0.95,kan.t̪a,P04_L1_21a
P04,1,21,b,past,la nieta cantó el himno,cantó,2,1,0.83,0.93,kan.t̪o,P04_L1_21b
P04,1,22,a,present,el duque junta la leña,junta,2,0,0.69,1.04,xun.t̪a,P04_L1_22a
P04,1,22,b,past,el duque juntó la leña,juntó,2,1,0.78,0.92,xun.t̪o,P04_L1_22b
P04,1,23,a,present,el perro marca el territorio,marca,2,0,0.59,0.88,mar.ka,P04_L1_23a
P04,1,23,b,past,el perro marcó el territorio,marcó,2,1,0.81,0.93,mar.ko,P04_L1_23b
P04,1,24,a,present,el lobo mezcla la carne,mezcla,2,0,0.64,1.03,meθ.kla,P04_L1_24a
P04,1,24,b,past,el lobo mezcló la carne,mezcló,2,1,0.77,1.04,meθ.klo,P04_L1_24b
P04,1,25,a,present,el nene sopla el guiso,sopla,2,0,0.69,0.98,so.pla,P04_L1_25a
P04,1,25,b,past,el nene sopló el guiso,sopló,2,1,0.88,1.05,so.plo,P04_L1_25b
P04,1,26,a,present,la dama culpa la tormenta,culpa,2,0,0.73,1.06,kul.pa,P04_L1_26a
P04,1,26,b,past,la dama culpó la tormenta,culpó,2,1,0.83,0.98,kul.po,P04_L1_26b
P04,1,27,a,present,el lodo mancha el pantalón,mancha,2,0,1.14,1.43,man.tʃa,P04_L1_27a
P04,1,27,b,past,el lodo manchó el pantalón,manchó,2,1,0.6,0.73,man.tʃo,P04_L1_27b
P04,1,28,a,present,el chico gasta la pila,gasta,2,0,0.75,1.15,ɡas.t̪a,P04_L1_28a
P04,1,28,b,past,el chico gastó la pila,gastó,2,1,0.99,1.13,ɡas.t̪o,P04_L1_28b
P04,1,29,a,present,el socio salta el control,salta,2,0,0.8,1.1,sal.t̪a,P04_L1_29a
P04,1,29,b,past,el socio saltó el control,saltó,2,1,0.99,1.12,sal.t̪o,P04_L1_29b
P04,1,30,a,present,la nena corta la cartulina,corta,2,0,0.54,0.76,kor.t̪a,P04_L1_30a
P04,1,30,b,past,la nena cortó la cartulina,cortó,2,1,0.68,0.87,kor.t̪o,P04_L1_30b
P04,1,31,a,present,el móvil busca la señal,busca,2,0,0.69,0.94,bus.ka,P04_L1_31a
P04,1,31,b,past,el móvil buscó la señal,buscó,2,1,0.95,1.1,bus.ko,P04_L1_31b
P04,1,32,a,present,el coche limpia la nieve,limpia,2,0,0.78,1.01,lim.pja,P04_L1_32a
P04,1,32,b,past,el coche limpió la nieve,limpió,2,1,0.69,0.88,lim.pjo,P04_L1_32b
P04,1,33,a,present,la reina planta el rosal,planta,2,0,0.82,1.19,plan.t̪a,P04_L1_33a
P04,1,33,b,past,la reina plantó el rosal,plantó,2,1,1.12,1.27,plan.t̪o,P04_L1_33b
P04,1,34,a,present,la jarra filtra el caldo,filtra,2,0,0.84,1.23,filt̪.ɾa,P04_L1_34a
P04,1,34,b,past,la jarra filtró el caldo,filtró,2,1,1.05,1.19,filt̪.ɾo,P04_L1_34b
P04,1,35,a,present,el monje monta la mayonesa,monta,2,0,0.76,0.99,mon.t̪a,P04_L1_35a
P04,1,35,b,past,el monje montó la mayonesa,montó,2,1,1.06,1.2,mon.t̪o,P04_L1_35b
P04,1,36,a,present,el loro canta la melodía,canta,2,0,0.71,0.97,kan.t̪a,P04_L1_36a
P04,1,36,b,past,el loro cantó la melodía,cantó,2,1,0.86,0.99,kan.t̪o,P04_L1_36b
P04,1,37,a,present,el clavo junta la madera,junta,2,0,0.84,1.09,xun.t̪a,P04_L1_37a
P04,1,37,b,past,el clavo juntó la madera,juntó,2,1,0.9,1.04,xun.t̪o,P04_L1_37b
P04,1,38,a,present,el sastre marca el traje,marca,2,0,0.88,1.14,mar.ka,P04_L1_38a
P04,1,38,b,past,el sastre marcó el traje,marcó,2,1,1.19,1.36,mar.ko,P04_L1_38b
P04,1,39,a,present,la brocha mezcla la pintura,mezcla,2,0,0.77,1.02,mes.kla,P04_L1_39a
P04,1,39,b,past,la brocha mezcló la pintura,mezcló,2,1,0.88,1.16,meθ.klo,P04_L1_39b
P04,1,40,a,present,la suegra sopla la sopa,sopla,2,0,1.07,1.34,so.pla,P04_L1_40a
P04,1,40,b,past,la suegra sopló la sopa,sopló,2,1,1.02,1.2,so.plo,P04_L1_40b
P04,1,41,a,present,el conde culpa el error,culpa,2,0,0.73,0.94,kul.pa,P04_L1_41a
P04,1,41,b,past,el conde culpó el error,culpó,2,1,1.06,1.26,kul.po,P04_L1_41b
P04,1,42,a,present,el zumo mancha la servilleta,mancha,2,0,0.79,1.03,man.tʃa,P04_L1_42a
P04,1,42,b,past,el zumo manchó la servilleta,manchó,2,1,1.66,1.86,man.tʃo,P04_L1_42b
P04,1,43,a,present,la jueza gasta el sueldo,gasta,2,0,0.83,1.11,ɡas.t̪a,P04_L1_43a
P04,1,43,b,past,la jueza gastó el sueldo,gastó,2,1,0.94,1.03,ɡas.t̪o,P04_L1_43b
P04,1,44,a,present,la rana salta la piedra,salta,2,0,0.81,1.11,sal.t̪a,P04_L1_44a
P04,1,44,b,past,la rana saltó la piedra,saltó,2,1,0.85,0.98,sal.t̪o,P04_L1_44b
P04,1,45,a,present,el láser corta el acero,corta,2,0,0.85,1.12,kor.t̪a,P04_L1_45a
P04,1,45,b,past,el láser cortó el acero,cortó,2,1,0.93,1.18,kor.t̪o,P04_L1_45b
P04,1,46,a,present,el padre busca el libro,busca,2,0,0.76,1.03,bus.ka,P04_L1_46a
P04,1,46,b,past,el padre buscó el libro,buscó,2,1,0.78,0.93,bus.ko,P04_L1_46b
P04,1,47,a,present,la lluvia limpia la calle,limpia,2,0,0.65,0.84,lim.pja,P04_L1_47a
P04,1,47,b,past,la lluvia limpió la calle,limpió,2,1,0.85,1.05,lim.pjo,P04_L1_47b
P04,1,48,a,present,el líder planta la semilla,planta,2,0,0.87,1.18,plan.t̪a,P04_L1_48a
P04,1,48,b,past,el líder plantó la semilla,plantó,2,1,0.95,1.08,plan.t̪o,P04_L1_48b
P04,1,49,a,present,la tela filtra el café,filtra,2,0,0.46,0.89,filt̪.ɾa,P04_L1_49a
P04,1,49,b,past,la tela filtró el café,filtró,2,1,0.93,1.03,filt̪.ɾo,P04_L1_49b
P04,1,50,a,present,la dueña monta la tienda,monta,2,0,0.64,0.95,mon.t̪a,P04_L1_50a
P04,1,50,b,past,la dueña montó la tienda,montó,2,1,1.09,1.22,mon.t̪o,P04_L1_50b
P04,1,51,a,present,la gorda canta la ópera,canta,2,0,0.68,0.91,kan.t̪a,P04_L1_51a
P04,1,51,b,past,la gorda cantó la ópera,cantó,2,1,1.01,1.15,kan.t̪o,P04_L1_51b
P04,1,52,a,present,el primo junta el papel,junta,2,0,0.69,0.96,xun.t̪a,P04_L1_52a
P04,1,52,b,past,el primo juntó el papel,juntó,2,1,0.87,0.98,xun.t̪o,P04_L1_52b
P04,1,53,a,present,el hombre marca la ruta,marca,2,0,0.66,0.93,mar.ka,P04_L1_53a
P04,1,53,b,past,el hombre marcó la ruta,marcó,2,1,0.89,1.04,mar.ko,P04_L1_53b
P04,1,54,a,present,el lago mezcla la tierra,mezcla,2,0,0.67,0.95,mes.kla,P04_L1_54a
P04,1,54,b,past,el lago mezcló la tierra,mezcló,2,1,0.93,1.2,meθ.klo,P04_L1_54b
P04,1,55,a,present,la chica sopla el polvo,sopla,2,0,0.76,1.06,so.pla,P04_L1_55a
P04,1,55,b,past,la chica sopló el polvo,sopló,2,1,0.92,1.06,so.plo,P04_L1_55b
P04,1,56,a,present,la ama culpa la demora,culpa,2,0,0.64,0.88,kul.pa,P04_L1_56a
P04,1,56,b,past,la ama culpó la demora,culpó,2,1,0.89,1.09,kul.po,P04_L1_56b
P04,1,57,a,present,el vino mancha la mesa,mancha,2,0,0.72,0.95,man.tʃa,P04_L1_57a
P04,1,57,b,past,el vino manchó la mesa,manchó,2,1,0.84,1.02,man.tʃo,P04_L1_57b
P04,1,58,a,present,el carro gasta la gasolina,gasta,2,0,0.7,0.93,ɡas.t̪a,P04_L1_58a
P04,1,58,b,past,el carro gastó la gasolina,gastó,2,1,0.87,1.01,ɡas.t̪o,P04_L1_58b
P04,1,59,a,present,el niño salta el charco,salta,2,0,0.7,1.03,sal.t̪a,P04_L1_59a
P04,1,59,b,past,el niño saltó el charco,saltó,2,1,0.8,0.93,sal.t̪o,P04_L1_59b
P04,1,60,a,present,la rata corta el queso,corta,2,0,0.67,0.87,kor.t̪a,P04_L1_60a
P04,1,60,b,past,la rata cortó el queso,cortó,2,1,1.01,1.18,kor.t̪o,P04_L1_60b
P04,1,61,a,present,la vaca busca la paja,busca,2,0,0.79,1.04,bus.ka,P04_L1_61a
P04,1,61,b,past,la vaca buscó la paja,buscó,2,1,0.92,1.08,bus.ko,P04_L1_61b
P04,1,62,a,present,la prima limpia el baño,limpia,2,0,0.59,0.8,lim.pja,P04_L1_62a
P04,1,62,b,past,la prima limpió el baño,limpió,2,1,0.71,0.96,lim.pjo,P04_L1_62b
P04,1,63,a,present,la vieja planta el jazmín,planta,2,0,0.91,1.16,plan.t̪a,P04_L1_63a
P04,1,63,b,past,la vieja plantó el jazmín,plantó,2,1,1.19,1.31,plan.t̪o,P04_L1_63b
P04,1,64,a,present,el filtro filtra el aire,filtra,2,0,0.89,1.29,filt̪.ɾa,P04_L1_64a
P04,1,64,b,past,el filtro filtró el aire,filtró,2,1,1.33,1.47,filt̪.ɾo,P04_L1_64b
P04,1,65,a,present,la jefa monta el escritorio,monta,2,0,0.93,1.22,mon.t̪a,P04_L1_65a
P04,1,65,b,past,la jefa montó el escritorio,montó,2,1,0.7,0.83,mon.t̪o,P04_L1_65b
P04,1,66,a,present,la guapa canta la nana,canta,2,0,1.03,1.28,kan.t̪a,P04_L1_66a
P04,1,66,b,past,la guapa cantó la nana,cantó,2,1,0.87,1.03,kan.t̪o,P04_L1_66b
P04,1,67,a,present,la nuera junta el cartón,junta,2,0,0.6,0.97,xun.t̪a,P04_L1_67a
P04,1,67,b,past,la nuera juntó el cartón,juntó,2,1,1.1,1.28,xun.t̪o,P04_L1_67b
P04,1,68,a,present,la grasa marca la pared,marca,2,0,0.87,1.1,mar.ka,P04_L1_68a
P04,1,68,b,past,la grasa marcó la pared,marcó,2,1,0.93,1.06,mar.ko,P04_L1_68b
P04,1,69,a,present,la flaca mezcla el yogur,mezcla,2,0,0.9,1.16,meθ.kla,P04_L1_69a
P04,1,69,b,past,la flaca mezcló el yogur,mezcló,2,1,0.89,1.17,meθ.klo,P04_L1_69b
P04,1,70,a,present,el huésped sopla la pizza,sopla,2,0,1.06,1.34,so.pla,P04_L1_70a
P04,1,70,b,past,el huésped sopló la pizza,sopló,2,1,1.09,1.24,so.plo,P04_L1_70b
P04,1,71,a,present,el cónsul culpa la crisis,culpa,2,0,0.76,0.96,kul.pa,P04_L1_71a
P04,1,71,b,past,el cónsul culpó la crisis,culpó,2,1,1.14,1.28,kul.po,P04_L1_71b
P04,1,72,a,present,la rueda mancha el garaje,mancha,2,0,0.85,1.11,man.tʃa,P04_L1_72a
P04,1,72,b,past,la rueda manchó el garaje,manchó,2,1,0.86,1.05,man.tʃo,P04_L1_72b
P04,1,73,a,present,la rica gasta el crédito,gasta,2,0,1.09,1.42,ɡas.t̪a,P04_L1_73a
P04,1,73,b,past,la rica gastó el crédito,gastó,2,1,0.91,1.06,ɡas.t̪o,P04_L1_73b
P04,1,74,a,present,la cabra salta la valla,salta,2,0,0.64,0.98,sal.t̪a,P04_L1_74a
P04,1,74,b,past,la cabra saltó la valla,saltó,2,1,1.01,1.18,sal.t̪o,P04_L1_74b
P04,1,75,a,present,el mozo corta la cinta,corta,2,0,0.88,1.09,kor.t̪a,P04_L1_75a
P04,1,75,b,past,el mozo cortó la cinta,cortó,2,1,0.84,1.0,kor.t̪o,P04_L1_75b
P04,1,76,a,present,la rubia busca el anillo,busca,2,0,0.82,1.05,bus.ka,P04_L1_76a
P04,1,76,b,past,la rubia buscó el anillo,buscó,2,1,0.88,1.02,bus.ko,P04_L1_76b
P04,1,77,a,present,el trapo limpia la suciedad,limpia,2,0,0.86,1.08,lim.pja,P04_L1_77a
P04,1,77,b,past,el trapo limpió la suciedad,limpió,2,1,0.84,1.01,lim.pjo,P04_L1_77b
P04,1,78,a,present,el cura planta el geranio,planta,2,0,0.72,0.99,plan.t̪a,P04_L1_78a
P04,1,78,b,past,el cura plantó el geranio,plantó,2,1,0.97,1.09,plan.t̪o,P04_L1_78b
P04,1,79,a,present,la malla filtra el aceite,filtra,2,0,0.68,1.02,filt̪.ɾa,P04_L1_79a
P04,1,79,b,past,la malla filtró el aceite,filtró,2,1,0.88,1.01,filt̪.ɾo,P04_L1_79b
P04,1,80,a,present,el nieto monta la estantería,monta,2,0,0.73,1.0,mon.t̪a,P04_L1_80a
P04,1,80,b,past,el nieto montó la estantería,montó,2,1,0.9,1.04,mon.t̪o,P04_L1_80b
P04,1,81,a,present,el viejo canta el bolero,canta,2,0,0.76,1.0,kan.t̪a,P04_L1_81a
P04,1,81,b,past,el viejo cantó el bolero,cantó,2,1,0.85,0.94,kan.t̪o,P04_L1_81b
P04,1,82,a,present,la gata junta la comida,junta,2,0,0.69,0.99,xun.t̪a,P04_L1_82a
P04,1,82,b,past,la gata juntó la comida,juntó,2,1,0.86,0.99,xun.t̪o,P04_L1_82b
P04,1,83,a,present,la bici marca el suelo,marca,2,0,0.54,0.87,mar.ka,P04_L1_83a
P04,1,83,b,past,la bici marcó el suelo,marcó,2,1,0.81,0.93,mar.ko,P04_L1_83b
P04,1,84,a,present,la presa mezcla el cemento,mezcla,2,0,0.73,1.0,meθ.kla,P04_L1_84a
P04,1,84,b,past,la presa mezcló el cemento,mezcló,2,1,0.93,1.16,meθ.klo,P04_L1_84b
P04,1,85,a,present,la monja sopla el fuego,sopla,2,0,0.76,0.99,so.pla,P04_L1_85a
P04,1,85,b,past,la monja sopló el fuego,sopló,2,1,0.81,0.98,so.plo,P04_L1_85b
P04,1,86,a,present,la novia culpa el calor,culpa,2,0,0.74,0.96,kul.pa,P04_L1_86a
P04,1,86,b,past,la novia culpó el calor,culpó,2,1,0.81,1.05,kul.po,P04_L1_86b
P04,1,87,a,present,la sangre mancha la falda,mancha,2,0,0.74,0.99,man.tʃa,P04_L1_87a
P04,1,87,b,past,la sangre manchó la falda,manchó,2,1,0.86,1.03,man.tʃo,P04_L1_87b
P04,1,88,a,present,el novio gasta el jabón,gasta,2,0,0.79,1.04,ɡas.t̪a,P04_L1_88a
P04,1,88,b,past,el novio gastó el jabón,gastó,2,1,0.8,0.9,ɡas.t̪o,P04_L1_88b
P04,1,89,a,present,el mago salta el obstáculo,salta,2,0,0.83,1.12,sal.t̪a,P04_L1_89a
P04,1,89,b,past,el mago saltó el obstáculo,saltó,2,1,1.09,1.21,sal.t̪o,P04_L1_89b
P04,1,90,a,present,la mula corta el heno,corta,2,0,0.8,0.99,kor.t̪a,P04_L1_90a
P04,1,90,b,past,la mula cortó el heno,cortó,2,1,0.73,0.89,kor.t̪o,P04_L1_90b
P04,2,1,a,present,el dueño busca la llave,busca,2,0,0.66,0.88,bus.ka,P04_L2_01a
P04,2,1,b,past,el dueño buscó la llave,buscó,2,1,1.04,1.19,bus.ko,P04_L2_01b
P04,2,2,a,present,el cloro limpia el virus,limpia,2,0,0.81,1.03,lim.pja,P04_L2_02a
P04,2,2,b,past,el cloro limpió el virus,limpió,2,1,1.23,1.41,lim.pjo,P04_L2_02b
P04,2,3,a,present,el hijo planta el árbol,planta,2,0,0.61,0.88,plan.t̪a,P04_L2_03a
P04,2,3,b,past,el hijo plantó el árbol,plantó,2,1,0.86,1.05,plan.t̪o,P04_L2_03b
P04,2,4,a,present,el grifo filtra el agua,filtra,2,0,0.78,1.19,filt̪.ɾa,P04_L2_04a
P04,2,4,b,past,el grifo filtró el agua,filtró,2,1,1.28,1.43,filt̪.ɾo,P04_L2_04b
P04,2,5,a,present,el tío monta el alioli,monta,2,0,1.08,1.36,mon.t̪a,P04_L2_05a
P04,2,5,b,past,el tío montó el alioli,montó,2,1,0.97,1.14,mon.t̪o,P04_L2_05b
P04,2,6,a,present,el ave canta la canción,canta,2,0,0.84,1.1,kan.t̪a,P04_L2_06a
P04,2,6,b,past,el ave cantó la canción,cantó,2,1,1.05,1.22,kan.t̪o,P04_L2_06b
P04,2,7,a,present,la joven junta la basura,junta,2,0,0.82,1.11,xun.t̪a,P04_L2_07a
P04,2,7,b,past,la joven juntó la basura,juntó,2,1,1.13,1.29,xun.t̪o,P04_L2_07b
P04,2,8,a,present,la osa marca la puerta,marca,2,0,0.85,1.14,mar.ka,P04_L2_08a
P04,2,8,b,past,la osa marcó la puerta,marcó,2,1,1.16,1.32,mar.ko,P04_L2_08b
P04,2,9,a,present,el río mezcla la arena,mezcla,2,0,0.59,0.89,meθ.kla,P04_L2_09a
P04,2,9,b,past,el río mezcló la arena,mezcló,2,1,1.18,1.57,meθ.klo,P04_L2_09b
P04,2,10,a,present,el suegro sopla la vela,sopla,2,0,0.86,1.1,so.pla,P04_L2_10a
P04,2,10,b,past,el suegro sopló la vela,sopló,2,1,1.13,1.4,so.plo,P04_L2_10b
P04,2,11,a,present,el yerno culpa el ruido,culpa,2,0,0.77,0.98,kul.pa,P04_L2_11a
P04,2,11,b,past,el yerno culpó el ruido,culpó,2,1,1.0,1.17,kul.po,P04_L2_11b
P04,2,12,a,present,la tinta mancha la camisa,mancha,2,0,0.72,0.95,man.tʃa,P04_L2_12a
P04,2,12,b,past,la tinta manchó la camisa,manchó,2,1,1.07,1.3,man.tʃo,P04_L2_12b
P04,2,13,a,present,la doña gasta el dinero,gasta,2,0,0.79,1.02,ɡas.t̪a,P04_L2_13a
P04,2,13,b,past,la doña gastó el dinero,gastó,2,1,0.95,1.08,ɡas.t̪o,P04_L2_13b
P04,2,14,a,present,la perra salta la cerca,salta,2,0,0.65,0.94,sal.t̪a,P04_L2_14a
P04,2,14,b,past,la perra saltó la cerca,saltó,2,1,1.13,1.29,sal.t̪o,P04_L2_14b
P04,2,15,a,present,el cúter corta el paquete,corta,2,0,0.79,0.97,kor.t̪a,P04_L2_15a
P04,2,15,b,past,el cúter cortó el paquete,cortó,2,1,0.98,1.17,kor.t̪o,P04_L2_15b
P04,2,16,a,present,la niña busca el gato,busca,2,0,0.53,0.75,bus.ka,P04_L2_16a
P04,2,16,b,past,la niña buscó el gato,buscó,2,1,0.89,1.04,bus.ko,P04_L2_16b
P04,2,17,a,present,la madre limpia la casa,limpia,2,0,0.67,0.89,lim.pja,P04_L2_17a
P04,2,17,b,past,la madre limpió la casa,limpió,2,1,0.96,1.13,lim.pjo,P04_L2_17b
P04,2,18,a,present,la hija planta la flor,planta,2,0,0.72,1.02,plan.t̪a,P04_L2_18a
P04,2,18,b,past,la hija plantó la flor,plantó,2,1,0.98,1.15,plan.t̪o,P04_L2_18b
P04,2,19,a,present,el termo filtra el té,filtra,2,0,0.64,1.06,filt̪.ɾa,P04_L2_19a
P04,2,19,b,past,el termo filtró el té,filtró,2,1,1.07,1.22,filt̪.ɾo,P04_L2_19b
P04,2,20,a,present,la tía monta la nata,monta,2,0,0.54,0.78,mon.t̪a,P04_L2_20a
P04,2,20,b,past,la tía montó la nata,montó,2,1,0.9,1.06,mon.t̪o,P04_L2_20b
P04,2,21,a,present,la nieta canta el himno,canta,2,0,0.49,0.74,kan.t̪a,P04_L2_21a
P04,2,21,b,past,la nieta cantó el himno,cantó,2,1,1.06,1.19,kan.t̪o,P04_L2_21b
P04,2,22,a,present,el duque junta la leña,junta,2,0,0.81,1.1,xun.t̪a,P04_L2_22a
P04,2,22,b,past,el duque juntó la leña,juntó,2,1,0.97,1.15,xun.t̪o,P04_L2_22b
P04,2,23,a,present,el perro marca el territorio,marca,2,0,0.81,1.07,mar.ka,P04_L2_23a
P04,2,23,b,past,el perro marcó el territorio,marcó,2,1,1.22,1.34,mar.ko,P04_L2_23b
P04,2,24,a,present,el lobo mezcla la carne,mezcla,2,0,0.48,0.73,meθ.kla,P04_L2_24a
P04,2,24,b,past,el lobo mezcló la carne,mezcló,2,1,1.2,1.48,meθ.klo,P04_L2_24b
P04,2,25,a,present,el nene sopla el guiso,sopla,2,0,0.49,0.72,so.pla,P04_L2_25a
P04,2,25,b,past,el nene sopló el guiso,sopló,2,1,0.91,1.06,so.plo,P04_L2_25b
P04,2,26,a,present,la dama culpa la tormenta,culpa,2,0,0.73,0.88,kul.pa,P04_L2_26a
P04,2,26,b,past,la dama culpó la tormenta,culpó,2,1,0.92,1.18,kul.po,P04_L2_26b
P04,2,27,a,present,el lodo mancha el pantalón,mancha,2,0,0.65,0.85,man.tʃa,P04_L2_27a
P04,2,27,b,past,el lodo manchó el pantalón,manchó,2,1,0.88,1.05,man.tʃo,P04_L2_27b
P04,2,28,a,present,el chico gasta la pila,gasta,2,0,0.64,0.88,ɡas.t̪a,P04_L2_28a
P04,2,28,b,past,el chico gastó la pila,gastó,2,1,1.14,1.3,ɡas.t̪o,P04_L2_28b
P04,2,29,a,present,el socio salta el control,salta,2,0,0.85,1.12,sal.t̪a,P04_L2_29a
P04,2,29,b,past,el socio saltó el control,saltó,2,1,1.22,1.44,sal.t̪o,P04_L2_29b
P04,2,30,a,present,la nena corta la cartulina,corta,2,0,0.63,0.81,kor.t̪a,P04_L2_30a
P04,2,30,b,past,la nena cortó la cartulina,cortó,2,1,1.09,1.28,kor.t̪o,P04_L2_30b
P04,2,31,a,present,el móvil busca la señal,busca,2,0,0.63,0.86,bus.ka,P04_L2_31a
P04,2,31,b,past,el móvil buscó la señal,buscó,2,1,0.8,0.94,bus.ko,P04_L2_31b
P04,2,32,a,present,el coche limpia la nieve,limpia,2,0,0.64,0.87,lim.pja,P04_L2_32a
P04,2,32,b,past,el coche limpió la nieve,limpió,2,1,0.83,1.01,lim.pjo,P04_L2_32b
P04,2,33,a,present,la reina planta el rosal,planta,2,0,0.62,0.89,plan.t̪a,P04_L2_33a
P04,2,33,b,past,la reina plantó el rosal,plantó,2,1,0.84,1.01,plan.t̪o,P04_L2_33b
P04,2,34,a,present,la jarra filtra el caldo,filtra,2,0,0.51,0.91,filt̪.ɾa,P04_L2_34a
P04,2,34,b,past,la jarra filtró el caldo,filtró,2,1,1.08,1.2,filt̪.ɾo,P04_L2_34b
P04,2,35,a,present,el monje monta la mayonesa,monta,2,0,0.57,0.85,mon.t̪a,P04_L2_35a
P04,2,35,b,past,el monje montó la mayonesa,montó,2,1,1.18,1.3,mon.t̪o,P04_L2_35b
P04,2,36,a,present,el loro canta la melodía,canta,2,0,0.47,0.7,kan.t̪a,P04_L2_36a
P04,2,36,b,past,el loro cantó la melodía,cantó,2,1,0.85,0.99,kan.t̪o,P04_L2_36b
P04,2,37,a,present,el clavo junta la madera,junta,2,0,0.64,0.91,xun.t̪a,P04_L2_37a
P04,2,37,b,past,el clavo juntó la madera,juntó,2,1,0.87,0.99,xun.t̪o,P04_L2_37b
P04,2,38,a,present,el sastre marca el traje,marca,2,0,0.81,1.09,mar.ka,P04_L2_38a
P04,2,38,b,past,el sastre marcó el traje,marcó,2,1,0.96,1.11,mar.ko,P04_L2_38b
P04,2,39,a,present,la brocha mezcla la pintura,mezcla,2,0,0.58,0.81,meθ.kla,P04_L2_39a
P04,2,39,b,past,la brocha mezcló la pintura,mezcló,2,1,0.86,1.11,meθ.klo,P04_L2_39b
P04,2,40,a,present,la suegra sopla la sopa,sopla,2,0,0.65,0.88,so.pla,P04_L2_40a
P04,2,40,b,past,la suegra sopló la sopa,sopló,2,1,0.99,1.14,so.plo,P04_L2_40b
P04,2,41,a,present,el conde culpa el error,culpa,2,0,0.57,0.8,kul.pa,P04_L2_41a
P04,2,41,b,past,el conde culpó el error,culpó,2,1,1.26,1.44,kul.po,P04_L2_41b
P04,2,42,a,present,el zumo mancha la servilleta,mancha,2,0,0.53,0.75,man.tʃa,P04_L2_42a
P04,2,42,b,past,el zumo manchó la servilleta,manchó,2,1,0.93,1.1,man.tʃo,P04_L2_42b
P04,2,43,a,present,la jueza gasta el sueldo,gasta,2,0,0.81,1.07,ɡas.t̪a,P04_L2_43a
P04,2,43,b,past,la jueza gastó el sueldo,gastó,2,1,0.97,1.11,ɡas.t̪o,P04_L2_43b
P04,2,44,a,present,la rana salta la piedra,salta,2,0,0.56,0.89,sal.t̪a,P04_L2_44a
P04,2,44,b,past,la rana saltó la piedra,saltó,2,1,1.17,1.31,sal.t̪o,P04_L2_44b
P04,2,45,a,present,el láser corta el acero,corta,2,0,0.88,1.1,kor.t̪a,P04_L2_45a
P04,2,45,b,past,el láser cortó el acero,cortó,2,1,1.15,1.42,kor.t̪o,P04_L2_45b
P04,2,46,a,present,el padre busca el libro,busca,2,0,0.62,0.91,bus.ka,P04_L2_46a
P04,2,46,b,past,el padre buscó el libro,buscó,2,1,1.13,1.28,bus.ko,P04_L2_46b
P04,2,47,a,present,la lluvia limpia la calle,limpia,2,0,0.77,1.1,lim.pja,P04_L2_47a
P04,2,47,b,past,la lluvia limpió la calle,limpió,2,1,1.29,1.51,lim.pjo,P04_L2_47b
P04,2,48,a,present,el líder planta la semilla,planta,2,0,0.63,1.0,plan.t̪a,P04_L2_48a
P04,2,48,b,past,el líder plantó la semilla,plantó,2,1,1.05,1.21,plan.t̪o,P04_L2_48b
P04,2,49,a,present,la tela filtra el café,filtra,2,0,0.55,0.9,filt̪.ɾa,P04_L2_49a
P04,2,49,b,past,la tela filtró el café,filtró,2,1,1.25,1.36,filt̪.ɾo,P04_L2_49b
P04,2,50,a,present,la dueña monta la tienda,monta,2,0,0.56,0.78,mon.t̪a,P04_L2_50a
P04,2,50,b,past,la dueña montó la tienda,montó,2,1,0.99,1.13,mon.t̪o,P04_L2_50b
P04,2,51,a,present,la gorda canta la ópera,canta,2,0,1.02,1.27,kan.t̪a,P04_L2_51a
P04,2,51,b,past,la gorda cantó la ópera,cantó,2,1,1.16,1.31,kan.t̪o,P04_L2_51b
P04,2,52,a,present,el primo junta el papel,junta,2,0,0.69,0.98,xun.t̪a,P04_L2_52a
P04,2,52,b,past,el primo juntó el papel,juntó,2,1,0.97,1.08,xun.t̪o,P04_L2_52b
P04,2,53,a,present,el hombre marca la ruta,marca,2,0,0.67,0.93,mar.ka,P04_L2_53a
P04,2,53,b,past,el hombre marcó la ruta,marcó,2,1,0.94,1.08,mar.ko,P04_L2_53b
P04,2,54,a,present,el lago mezcla la tierra,mezcla,2,0,0.53,0.82,meθ.kla,P04_L2_54a
P04,2,54,b,past,el lago mezcló la tierra,mezcló,2,1,0.87,1.1,meθ.klo,P04_L2_54b
P04,2,55,a,present,la chica sopla el polvo,sopla,2,0,0.5,0.71,so.pla,P04_L2_55a
P04,2,55,b,past,la chica sopló el polvo,sopló,2,1,0.88,1.17,so.plo,P04_L2_55b
P04,2,56,a,present,la ama culpa la demora,culpa,2,0,0.63,0.84,kul.pa,P04_L2_56a
P04,2,56,b,past,la ama culpó la demora,culpó,2,1,0.79,0.95,kul.po,P04_L2_56b
P04,2,57,a,present,el vino mancha la mesa,mancha,2,0,0.64,0.87,man.tʃa,P04_L2_57a
P04,2,57,b,past,el vino manchó la mesa,manchó,2,1,0.77,0.99,man.tʃo,P04_L2_57b
P04,2,58,a,present,el carro gasta la gasolina,gasta,2,0,0.64,0.89,ɡas.t̪a,P04_L2_58a
P04,2,58,b,past,el carro gastó la gasolina,gastó,2,1,1.13,1.25,ɡas.t̪o,P04_L2_58b
P04,2,59,a,present,el niño salta el charco,salta,2,0,0.57,0.85,sal.t̪a,P04_L2_59a
P04,2,59,b,past,el niño saltó el charco,saltó,2,1,1.01,1.14,sal.t̪o,P04_L2_59b
P04,2,60,a,present,la rata corta el queso,corta,2,0,0.57,0.84,kor.t̪a,P04_L2_60a
P04,2,60,b,past,la rata cortó el queso,cortó,2,1,0.84,1.0,kor.t̪o,P04_L2_60b
P04,2,61,a,present,la vaca busca la paja,busca,2,0,0.52,0.75,bus.ka,P04_L2_61a
P04,2,61,b,past,la vaca buscó la paja,buscó,2,1,0.71,0.86,bus.ko,P04_L2_61b
P04,2,62,a,present,la prima limpia el baño,limpia,2,0,0.71,0.92,lim.pja,P04_L2_62a
P04,2,62,b,past,la prima limpió el baño,limpió,2,1,0.75,0.94,lim.pjo,P04_L2_62b
P04,2,63,a,present,la vieja planta el jazmín,planta,2,0,0.59,0.83,plan.t̪a,P04_L2_63a
P04,2,63,b,past,la vieja plantó el jazmín,plantó,2,1,0.84,0.95,plan.t̪o,P04_L2_63b
P04,2,64,a,present,el filtro filtra el aire,filtra,2,0,0.81,1.19,filt̪.ɾa,P04_L2_64a
P04,2,64,b,past,el filtro filtró el aire,filtró,2,1,1.43,1.56,filt̪.ɾo,P04_L2_64b
P04,2,65,a,present,la jefa monta el escritorio,monta,2,0,0.63,0.86,mon.t̪a,P04_L2_65a
P04,2,65,b,past,la jefa montó el escritorio,montó,2,1,0.87,1.05,mon.t̪o,P04_L2_65b
P04,2,66,a,present,la guapa canta la nana,canta,2,0,1.03,1.25,kan.t̪a,P04_L2_66a
P04,2,66,b,past,la guapa cantó la nana,cantó,2,1,0.84,0.97,kan.t̪o,P04_L2_66b
P04,2,67,a,present,la nuera junta el cartón,junta,2,0,0.65,0.94,xun.t̪a,P04_L2_67a
P04,2,67,b,past,la nuera juntó el cartón,juntó,2,1,1.56,1.7,xun.t̪o,P04_L2_67b
P04,2,68,a,present,la grasa marca la pared,marca,2,0,0.64,0.88,mar.ka,P04_L2_68a
P04,2,68,b,past,la grasa marcó la pared,marcó,2,1,0.77,0.89,mar.ko,P04_L2_68b
P04,2,69,a,present,la flaca mezcla el yogur,mezcla,2,0,0.64,0.89,meθ.kla,P04_L2_69a
P04,2,69,b,past,la flaca mezcló el yogur,mezcló,2,1,1.04,1.27,meθ.klo,P04_L2_69b
P04,2,70,a,present,el huésped sopla la pizza,sopla,2,0,0.94,1.17,so.pla,P04_L2_70a
P04,2,70,b,past,el huésped sopló la pizza,sopló,2,1,1.07,1.23,so.plo,P04_L2_70b
P04,2,71,a,present,el cónsul culpa la crisis,culpa,2,0,1.19,1.4,kul.pa,P04_L2_71a
P04,2,71,b,past,el cónsul culpó la crisis,culpó,2,1,1.38,1.55,kul.po,P04_L2_71b
P04,2,72,a,present,la rueda mancha el garaje,mancha,2,0,0.87,1.14,man.tʃa,P04_L2_72a
P04,2,72,b,past,la rueda manchó el garaje,manchó,2,1,0.99,1.16,man.tʃo,P04_L2_72b
P04,2,73,a,present,la rica gasta el crédito,gasta,2,0,0.57,0.83,ɡas.t̪a,P04_L2_73a
P04,2,73,b,past,la rica gastó el crédito,gastó,2,1,1.13,1.22,ɡas.t̪o,P04_L2_73b
P04,2,74,a,present,la cabra salta la valla,salta,2,0,0.61,0.88,sal.t̪a,P04_L2_74a
P04,2,74,b,past,la cabra saltó la valla,saltó,2,1,0.98,1.12,sal.t̪o,P04_L2_74b
P04,2,75,a,present,el mozo corta la cinta,corta,2,0,0.73,0.9,kor.t̪a,P04_L2_75a
P04,2,75,b,past,el mozo cortó la cinta,cortó,2,1,0.9,1.08,kor.t̪o,P04_L2_75b
P04,2,76,a,present,la rubia busca el anillo,busca,2,0,0.64,0.86,bus.ka,P04_L2_76a
P04,2,76,b,past,la rubia buscó el anillo,buscó,2,1,1.31,1.43,bus.ko,P04_L2_76b
P04,2,77,a,present,el trapo limpia la suciedad,limpia,2,0,0.74,0.9,lim.pja,P04_L2_77a
P04,2,77,b,past,el trapo limpió la suciedad,limpió,2,1,0.85,1.02,lim.pjo,P04_L2_77b
P04,2,78,a,present,el cura planta el geranio,planta,2,0,0.59,0.85,plan.t̪a,P04_L2_78a
P04,2,78,b,past,el cura plantó el geranio,plantó,2,1,1.16,1.44,plan.t̪o,P04_L2_78b
P04,2,79,a,present,la malla filtra el aceite,filtra,2,0,0.62,0.95,filt̪.ɾa,P04_L2_79a
P04,2,79,b,past,la malla filtró el aceite,filtró,2,1,1.03,1.14,filt̪.ɾo,P04_L2_79b
P04,2,80,a,present,el nieto monta la estantería,monta,2,0,0.52,0.85,mon.t̪a,P04_L2_80a
P04,2,80,b,past,el nieto montó la estantería,montó,2,1,0.79,0.91,mon.t̪o,P04_L2_80b
P04,2,81,a,present,el viejo canta el bolero,canta,2,0,0.76,0.97,kan.t̪a,P04_L2_81a
P04,2,81,b,past,el viejo cantó el bolero,cantó,2,1,0.79,0.93,kan.t̪o,P04_L2_81b
P04,2,82,a,present,la gata junta la comida,junta,2,0,0.63,0.89,xun.t̪a,P04_L2_82a
P04,2,82,b,past,la gata juntó la comida,juntó,2,1,0.74,0.88,xun.t̪o,P04_L2_82b
P04,2,83,a,present,la bici marca el suelo,marca,2,0,0.64,0.88,mar.ka,P04_L2_83a
P04,2,83,b,past,la bici marcó el suelo,marcó,2,1,0.91,1.07,mar.ko,P04_L2_83b
P04,2,84,a,present,la presa mezcla el cemento,mezcla,2,0,0.59,0.8,meθ.kla,P04_L2_84a
P04,2,84,b,past,la presa mezcló el cemento,mezcló,2,1,0.85,1.03,meθ.klo,P04_L2_84b
P04,2,85,a,present,la monja sopla el fuego,sopla,2,0,0.55,0.75,so.pla,P04_L2_85a
P04,2,85,b,past,la monja sopló el fuego,sopló,2,1,0.97,1.11,so.plo,P04_L2_85b
P04,2,86,a,present,la novia culpa el calor,culpa,2,0,0.62,0.82,kul.pa,P04_L2_86a
P04,2,86,b,past,la novia culpó el calor,culpó,2,1,0.95,1.13,kul.po,P04_L2_86b
P04,2,87,a,present,la sangre mancha la falda,mancha,2,0,0.65,0.86,man.tʃa,P04_L2_87a
P04,2,87,b,past,la sangre manchó la falda,manchó,2,1,0.84,1.02,man.tʃo,P04_L2_87b
P04,2,88,a,present,el novio gasta el jabón,gasta,2,0,0.65,0.87,ɡas.t̪a,P04_L2_88a
P04,2,88,b,past,el novio gastó el jabón,gastó,2,1,0.94,1.05,ɡas.t̪o,P04_L2_88b
P04,2,89,a,present,el mago salta el obstáculo,salta,2,0,0.46,0.74,sal.t̪a,P04_L2_89a
P04,2,89,b,past,el mago saltó el obstáculo,saltó,2,1,0.89,1.22,sal.t̪o,P04_L2_89b
P04,2,90,a,present,la mula corta el heno,corta,2,0,0.51,0.75,kor.t̪a,P04_L2_90a
P04,2,90,b,past,la mula cortó el heno,cortó,2,1,0.73,0.88,kor.t̪o,P04_L2_90b
P05,1,1,a,present,el dueño busca la llave,busca,2,0,0.61,0.86,bus.ka,P05_L1_01a
P05,1,1,b,past,el dueño buscó la llave,buscó,2,1,0.72,0.98,bus.ko,P05_L1_01b
P05,1,2,a,present,el cloro limpia el virus,limpia,2,0,0.71,0.92,lim.pja,P05_L1_02a
P05,1,2,b,past,el cloro limpió el virus,limpió,2,1,0.85,0.99,lim.pjo,P05_L1_02b
P05,1,3,a,present,el hijo planta el árbol,planta,2,0,0.63,0.9,plan.t̪a,P05_L1_03a
P05,1,3,b,past,el hijo plantó el árbol,plantó,2,1,0.73,0.82,plan.t̪o,P05_L1_03b
P05,1,4,a,present,el grifo filtra el agua,filtra,2,0,0.73,1.12,filt̪.ɾa,P05_L1_04a
P05,1,4,b,past,el grifo filtró el agua,filtró,2,1,1.1,1.23,filt̪.ɾo,P05_L1_04b
P05,1,5,a,present,el tío monta el alioli,monta,2,0,0.63,0.85,mon.t̪a,P05_L1_05a
P05,1,5,b,past,el tío montó el alioli,montó,2,1,0.79,0.91,mon.t̪o,P05_L1_05b
P05,1,6,a,present,el ave canta la canción,canta,2,0,0.92,1.14,kan.t̪a,P05_L1_06a
P05,1,6,b,past,el ave cantó la canción,cantó,2,1,0.83,0.97,kan.t̪o,P05_L1_06b
P05,1,7,a,present,la joven junta la basura,junta,2,0,0.85,1.14,xun.t̪a,P05_L1_07a
P05,1,7,b,past,la joven juntó la basura,juntó,2,1,0.94,1.07,xun.t̪o,P05_L1_07b
P05,1,8,a,present,la osa marca la puerta,marca,2,0,0.56,0.8,mar.ka,P05_L1_08a
P05,1,8,b,past,la osa marcó la puerta,marcó,2,1,0.82,0.96,mar.ko,P05_L1_08b
P05,1,9,a,present,el río mezcla la arena,mezcla,2,0,0.7,0.95,meθ.kla,P05_L1_09a
P05,1,9,b,past,el río mezcló la arena,mezcló,2,1,0.99,1.24,meθ.klo,P05_L1_09b
P05,1,10,a,present,el suegro sopla la vela,sopla,2,0,1.13,1.33,so.pla,P05_L1_10a
P05,1,10,b,past,el suegro sopló la vela,sopló,2,1,0.95,1.21,so.plo,P05_L1_10b
P05,1,11,a,present,el yerno culpa el ruido,culpa,2,0,0.83,1.0,kul.pa,P05_L1_11a
P05,1,11,b,past,el yerno culpó el ruido,culpó,2,1,0.89,1.05,kul.po,P05_L1_11b
P05,1,12,a,present,la tinta mancha la camisa,mancha,2,0,0.91,1.13,man.tʃa,P05_L1_12a
P05,1,12,b,past,la tinta manchó la camisa,manchó,2,1,0.85,1.01,man.tʃo,P05_L1_12b
P05,1,13,a,present,la doña gasta el dinero,gasta,2,0,0.98,1.19,ɡas.t̪a,P05_L1_13a
P05,1,13,b,past,la doña gastó el dinero,gastó,2,1,0.84,0.94,ɡas.t̪o,P05_L1_13b
P05,1,14,a,present,la perra salta la cerca,salta,2,0,0.93,1.17,sal.t̪a,P05_L1_14a
P05,1,14,b,past,la perra saltó la cerca,saltó,2,1,0.94,1.07,sal.t̪o,P05_L1_14b
P05,1,15,a,present,el cúter corta el paquete,corta,2,0,0.83,1.02,kor.t̪a,P05_L1_15a
P05,1,15,b,past,el cúter cortó el paquete,cortó,2,1,0.86,0.99,kor.t̪o,P05_L1_15b
P05,1,16,a,present,la niña busca el gato,busca,2,0,0.67,0.86,bus.ka,P05_L1_16a
P05,1,16,b,past,la niña buscó el gato,buscó,2,1,0.75,1.0,bus.ko,P05_L1_16b
P05,1,17,a,present,la madre limpia la casa,limpia,2,0,0.91,1.1,lim.pja,P05_L1_17a
P05,1,17,b,past,la madre limpió la casa,limpió,2,1,0.85,1.03,lim.pjo,P05_L1_17b
P05,1,18,a,present,la hija planta la flor,planta,2,0,0.61,0.91,plan.t̪a,P05_L1_18a
P05,1,18,b,past,la hija plantó la flor,plantó,2,1,1.01,1.17,plan.t̪o,P05_L1_18b
P05,1,19,a,present,el termo filtra el té,filtra,2,0,1.05,1.41,filt̪.ɾa,P05_L1_19a
P05,1,19,b,past,el termo filtró el té,filtró,2,1,0.93,1.03,filt̪.ɾo,P05_L1_19b
P05,1,20,a,present,la tía monta la nata,monta,2,0,0.82,1.05,mon.t̪a,P05_L1_20a
P05,1,20,b,past,la tía montó la nata,montó,2,1,0.82,0.95,mon.t̪o,P05_L1_20b
P05,1,21,a,present,la nieta canta el himno,canta,2,0,0.87,1.07,kan.t̪a,P05_L1_21a
P05,1,21,b,past,la nieta cantó el himno,cantó,2,1,0.93,1.06,kan.t̪o,P05_L1_21b
P05,1,22,a,present,el duque junta la leña,junta,2,0,0.75,1.06,xun.t̪a,P05_L1_22a
P05,1,22,b,past,el duque juntó la leña,juntó,2,1,0.81,0.93,xun.t̪o,P05_L1_22b
P05,1,23,a,present,el perro marca el territorio,marca,2,0,0.72,0.94,mar.ka,P05_L1_23a
P05,1,23,b,past,el perro marcó el territorio,marcó,2,1,0.74,0.86,mar.ko,P05_L1_23b
P05,1,24,a,present,el lobo mezcla la carne,mezcla,2,0,0.61,0.91,meθ.kla,P05_L1_24a
P05,1,24,b,past,el lobo mezcló la carne,mezcló,2,1,0.78,0.96,meθ.klo,P05_L1_24b
P05,1,25,a,present,el nene sopla el guiso,sopla,2,0,0.54,0.76,so.pla,P05_L1_25a
P05,1,25,b,past,el nene sopló el guiso,sopló,2,1,0.83,1.02,so.plo,P05_L1_25b
P05,1,26,a,present,la dama culpa la tormenta,culpa,2,0,0.74,0.95,kul.pa,P05_L1_26a
P05,1,26,b,past,la dama culpó la tormenta,culpó,2,1,0.69,0.84,kul.po,P05_L1_26b
P05,1,27,a,present,el lodo mancha el pantalón,mancha,2,0,0.54,0.74,man.tʃa,P05_L1_27a
P05,1,27,b,past,el lodo manchó el pantalón,manchó,2,1,0.52,0.65,man.tʃo,P05_L1_27b
P05,1,28,a,present,el chico gasta la pila,gasta,2,0,0.54,0.73,ɡas.t̪a,P05_L1_28a
P05,1,28,b,past,el chico gastó la pila,gastó,2,1,0.83,0.96,ɡas.t̪o,P05_L1_28b
P05,1,29,a,present,el socio salta el control,salta,2,0,0.92,1.17,sal.t̪a,P05_L1_29a
P05,1,29,b,past,el socio saltó el control,saltó,2,1,0.9,1.01,sal.t̪o,P05_L1_29b
P05,1,30,a,present,la nena corta la cartulina,corta,2,0,1.13,1.3,kor.t̪a,P05_L1_30a
P05,1,30,b,past,la nena cortó la cartulina,cortó,2,1,0.87,1.0,kor.t̪o,P05_L1_30b
P05,1,31,a,present,el móvil busca la señal,busca,2,0,0.78,0.97,bus.ka,P05_L1_31a
P05,1,31,b,past,el móvil buscó la señal,buscó,2,1,1.02,1.13,bus.ko,P05_L1_31b
P05,1,32,a,present,el coche limpia la nieve,limpia,2,0,0.87,1.02,lim.pja,P05_L1_32a
P05,1,32,b,past,el coche limpió la nieve,limpió,2,1,0.73,0.89,lim.pjo,P05_L1_32b
P05,1,33,a,present,la reina planta el rosal,planta,2,0,0.6,0.83,plan.t̪a,P05_L1_33a
P05,1,33,b,past,la reina plantó el rosal,plantó,2,1,0.89,0.97,plan.t̪o,P05_L1_33b
P05,1,34,a,present,la jarra filtra el caldo,filtra,2,0,0.9,1.24,filt̪.ɾa,P05_L1_34a
P05,1,34,b,past,la jarra filtró el caldo,filtró,2,1,1.0,1.08,filt̪.ɾo,P05_L1_34b
P05,1,35,a,present,el monje monta la mayonesa,monta,2,0,1.09,1.29,mon.t̪a,P05_L1_35a
P05,1,35,b,past,el monje montó la mayonesa,montó,2,1,1.05,1.15,mon.t̪o,P05_L1_35b
P05,1,36,a,present,el loro canta la melodía,canta,2,0,0.82,1.02,kan.t̪a,P05_L1_36a
P05,1,36,b,past,el loro cantó la melodía,cantó,2,1,0.7,0.81,kan.t̪o,P05_L1_36b
P05,1,37,a,present,el clavo junta la madera,junta,2,0,0.79,1.04,xun.t̪a,P05_L1_37a
P05,1,37,b,past,el clavo juntó la madera,juntó,2,1,0.81,0.93,xun.t̪o,P05_L1_37b
P05,1,38,a,present,el sastre marca el traje,marca,2,0,0.79,1.05,mar.ka,P05_L1_38a
P05,1,38,b,past,el sastre marcó el traje,marcó,2,1,0.83,0.96,mar.ko,P05_L1_38b
P05,1,39,a,present,la brocha mezcla la pintura,mezcla,2,0,0.85,1.05,meθ.kla,P05_L1_39a
P05,1,39,b,past,la brocha mezcló la pintura,mezcló,2,1,0.82,1.02,meθ.klo,P05_L1_39b
P05,1,40,a,present,la suegra sopla la sopa,sopla,2,0,0.88,1.07,so.pla,P05_L1_40a
P05,1,40,b,past,la suegra sopló la sopa,sopló,2,1,0.96,1.15,so.plo,P05_L1_40b
P05,1,41,a,present,el conde culpa el error,culpa,2,0,0.58,0.75,kul.pa,P05_L1_41a
P05,1,41,b,past,el conde culpó el error,culpó,2,1,0.87,0.98,kul.po,P05_L1_41b
P05,1,42,a,present,el zumo mancha la servilleta,mancha,2,0,0.67,0.9,man.tʃa,P05_L1_42a
P05,1,42,b,past,el zumo manchó la servilleta,manchó,2,1,0.78,0.92,man.tʃo,P05_L1_42b
P05,1,43,a,present,la jueza gasta el sueldo,gasta,2,0,1.04,1.27,ɡas.t̪a,P05_L1_43a
P05,1,43,b,past,la jueza gastó el sueldo,gastó,2,1,0.83,0.92,ɡas.t̪o,P05_L1_43b
P05,1,44,a,present,la rana salta la piedra,salta,2,0,0.6,0.82,sal.t̪a,P05_L1_44a
P05,1,44,b,past,la rana saltó la piedra,saltó,2,1,0.76,0.88,sal.t̪o,P05_L1_44b
P05,1,45,a,present,el láser corta el acero,corta,2,0,0.82,1.01,kor.t̪a,P05_L1_45a
P05,1,45,b,past,el láser cortó el acero,cortó,2,1,0.89,1.06,kor.t̪o,P05_L1_45b
P05,1,46,a,present,el padre busca el libro,busca,2,0,0.72,0.93,bus.ka,P05_L1_46a
P05,1,46,b,past,el padre buscó el libro,buscó,2,1,0.86,0.97,bus.ko,P05_L1_46b
P05,1,47,a,present,la lluvia limpia la calle,limpia,2,0,0.7,0.87,lim.pja,P05_L1_47a
P05,1,47,b,past,la lluvia limpió la calle,limpió,2,1,0.74,0.9,lim.pjo,P05_L1_47b
P05,1,48,a,present,el líder planta la semilla,planta,2,0,0.81,1.04,plan.t̪a,P05_L1_48a
P05,1,48,b,past,el líder plantó la semilla,plantó,2,1,1.01,1.13,plan.t̪o,P05_L1_48b
P05,1,49,a,present,la tela filtra el café,filtra,2,0,0.69,1.01,filt̪.ɾa,P05_L1_49a
P05,1,49,b,past,la tela filtró el café,filtró,2,1,1.14,1.21,filt̪.ɾo,P05_L1_49b
P05,1,50,a,present,la dueña monta la tienda,monta,2,0,0.67,0.86,mon.t̪a,P05_L1_50a
P05,1,50,b,past,la dueña montó la tienda,montó,2,1,0.79,0.9,mon.t̪o,P05_L1_50b
P05,1,51,a,present,la gorda canta la ópera,canta,2,0,0.56,0.81,kan.t̪a,P05_L1_51a
P05,1,51,b,past,la gorda cantó la ópera,cantó,2,1,0.74,0.86,kan.t̪o,P05_L1_51b
P05,1,52,a,present,el primo junta el papel,junta,2,0,0.55,0.8,xun.t̪a,P05_L1_52a
P05,1,52,b,past,el primo juntó el papel,juntó,2,1,0.86,0.94,xun.t̪o,P05_L1_52b
P05,1,53,a,present,el hombre marca la ruta,marca,2,0,0.77,0.99,mar.ka,P05_L1_53a
P05,1,53,b,past,el hombre marcó la ruta,marcó,2,1,0.83,0.98,mar.ko,P05_L1_53b
P05,1,54,a,present,el lago mezcla la tierra,mezcla,2,0,0.43,0.65,meθ.kla,P05_L1_54a
P05,1,54,b,past,el lago mezcló la tierra,mezcló,2,1,0.72,0.95,meθ.klo,P05_L1_54b
P05,1,55,a,present,la chica sopla el polvo,sopla,2,0,0.57,0.78,so.pla,P05_L1_55a
P05,1,55,b,past,la chica sopló el polvo,sopló,2,1,0.67,0.78,so.plo,P05_L1_55b
P05,1,56,a,present,la ama culpa la demora,culpa,2,0,0.64,0.81,kul.pa,P05_L1_56a
P05,1,56,b,past,la ama culpó la demora,culpó,2,1,0.69,0.82,kul.po,P05_L1_56b
P05,1,57,a,present,el vino mancha la mesa,mancha,2,0,0.57,0.76,man.tʃa,P05_L1_57a
P05,1,57,b,past,el vino manchó la mesa,manchó,2,1,0.59,0.73,man.tʃo,P05_L1_57b
P05,1,58,a,present,el carro gasta la gasolina,gasta,2,0,0.64,0.82,ɡas.t̪a,P05_L1_58a
P05,1,58,b,past,el carro gastó la gasolina,gastó,2,1,0.67,0.77,ɡas.t̪o,P05_L1_58b
P05,1,59,a,present,el niño salta el charco,salta,2,0,0.5,0.76,sal.t̪a,P05_L1_59a
P05,1,59,b,past,el niño saltó el charco,saltó,2,1,0.73,0.84,sal.t̪o,P05_L1_59b
P05,1,60,a,present,la rata corta el queso,corta,2,0,0.84,1.01,kor.t̪a,P05_L1_60a
P05,1,60,b,past,la rata cortó el queso,cortó,2,1,0.8,0.93,kor.t̪o,P05_L1_60b
P05,1,61,a,present,la vaca busca la paja,busca,2,0,0.91,1.14,bus.ka,P05_L1_61a
P05,1,61,b,past,la vaca buscó la paja,buscó,2,1,0.77,0.9,bus.ko,P05_L1_61b
P05,1,62,a,present,la prima limpia el baño,limpia,2,0,0.56,0.73,lim.pja,P05_L1_62a
P05,1,62,b,past,la prima limpió el baño,limpió,2,1,0.71,0.85,lim.pjo,P05_L1_62b
P05,1,63,a,present,la vieja planta el jazmín,planta,2,0,0.52,0.72,plan.t̪a,P05_L1_63a
P05,1,63,b,past,la vieja plantó el jazmín,plantó,2,1,0.89,0.98,plan.t̪o,P05_L1_63b
P05,1,64,a,present,el filtro filtra el aire,filtra,2,0,0.84,1.25,filt̪.ɾa,P05_L1_64a
P05,1,64,b,past,el filtro filtró el aire,filtró,2,1,0.95,1.03,filt̪.ɾo,P05_L1_64b
P05,1,65,a,present,la jefa monta el escritorio,monta,2,0,0.7,0.91,mon.t̪a,P05_L1_65a
P05,1,65,b,past,la jefa montó el escritorio,montó,2,1,0.83,0.93,mon.t̪o,P05_L1_65b
P05,1,66,a,present,la guapa canta la nana,canta,2,0,0.61,0.8,kan.t̪a,P05_L1_66a
P05,1,66,b,past,la guapa cantó la nana,cantó,2,1,0.83,0.95,kan.t̪o,P05_L1_66b
P05,1,67,a,present,la nuera junta el cartón,junta,2,0,0.53,0.74,xun.t̪a,P05_L1_67a
P05,1,67,b,past,la nuera juntó el cartón,juntó,2,1,0.83,1.05,xun.t̪o,P05_L1_67b
P05,1,68,a,present,la grasa marca la pared,marca,2,0,0.69,0.87,mar.ka,P05_L1_68a
P05,1,68,b,past,la grasa marcó la pared,marcó,2,1,0.82,0.95,mar.ko,P05_L1_68b
P05,1,69,a,present,la flaca mezcla el yogur,mezcla,2,0,0.92,1.12,meθ.kla,P05_L1_69a
P05,1,69,b,past,la flaca mezcló el yogur,mezcló,2,1,0.74,0.96,meθ.klo,P05_L1_69b
P05,1,70,a,present,el huésped sopla la pizza,sopla,2,0,0.84,1.09,so.pla,P05_L1_70a
P05,1,70,b,past,el huésped sopló la pizza,sopló,2,1,0.93,1.15,so.plo,P05_L1_70b
P05,1,71,a,present,el cónsul culpa la crisis,culpa,2,0,0.76,0.96,kul.pa,P05_L1_71a
P05,1,71,b,past,el cónsul culpó la crisis,culpó,2,1,1.0,1.15,kul.po,P05_L1_71b
P05,1,72,a,present,la rueda mancha el garaje,mancha,2,0,0.55,0.71,man.tʃa,P05_L1_72a
P05,1,72,b,past,la rueda manchó el garaje,manchó,2,1,0.78,0.92,man.tʃo,P05_L1_72b
P05,1,73,a,present,la rica gasta el crédito,gasta,2,0,0.79,1.0,ɡas.t̪a,P05_L1_73a
P05,1,73,b,past,la rica gastó el crédito,gastó,2,1,0.73,0.84,ɡas.t̪o,P05_L1_73b
P05,1,74,a,present,la cabra salta la valla,salta,2,0,0.82,1.03,sal.t̪a,P05_L1_74a
P05,1,74,b,past,la cabra saltó la valla,saltó,2,1,0.9,1.04,sal.t̪o,P05_L1_74b
P05,1,75,a,present,el mozo corta la cinta,corta,2,0,0.75,0.95,kor.t̪a,P05_L1_75a
P05,1,75,b,past,el mozo cortó la cinta,cortó,2,1,0.83,0.99,kor.t̪o,P05_L1_75b
P05,1,76,a,present,la rubia busca el anillo,busca,2,0,0.73,0.92,bus.ka,P05_L1_76a
P05,1,76,b,past,la rubia buscó el anillo,buscó,2,1,0.86,0.96,bus.ko,P05_L1_76b
P05,1,77,a,present,el trapo limpia la suciedad,limpia,2,0,0.53,0.69,lim.pja,P05_L1_77a
P05,1,77,b,past,el trapo limpió la suciedad,limpió,2,1,0.73,0.86,lim.pjo,P05_L1_77b
P05,1,78,a,present,el cura planta el geranio,planta,2,0,0.68,0.87,plan.t̪a,P05_L1_78a
P05,1,78,b,past,el cura plantó el geranio,plantó,2,1,0.7,0.78,plan.t̪o,P05_L1_78b
P05,1,79,a,present,la malla filtra el aceite,filtra,2,0,0.68,0.98,filt̪.ɾa,P05_L1_79a
P05,1,79,b,past,la malla filtró el aceite,filtró,2,1,0.76,0.82,filt̪.ɾo,P05_L1_79b
P05,1,80,a,present,el nieto monta la estantería,monta,2,0,0.67,0.88,mon.t̪a,P05_L1_80a
P05,1,80,b,past,el nieto montó la estantería,montó,2,1,0.78,0.91,mon.t̪o,P05_L1_80b
P05,1,81,a,present,el viejo canta el bolero,canta,2,0,0.65,0.85,kan.t̪a,P05_L1_81a
P05,1,81,b,past,el viejo cantó el bolero,cantó,2,1,0.79,0.89,kan.t̪o,P05_L1_81b
P05,1,82,a,present,la gata junta la comida,junta,2,0,0.71,0.95,xun.t̪a,P05_L1_82a
P05,1,82,b,past,la gata juntó la comida,juntó,2,1,0.73,0.86,xun.t̪o,P05_L1_82b
P05,1,83,a,present,la bici marca el suelo,marca,2,0,0.75,0.97,mar.ka,P05_L1_83a
P05,1,83,b,past,la bici marcó el suelo,marcó,2,1,0.92,1.03,mar.ko,P05_L1_83b
P05,1,84,a,present,la presa mezcla el cemento,mezcla,2,0,0.72,0.92,meθ.kla,P05_L1_84a
P05,1,84,b,past,la presa mezcló el cemento,mezcló,2,1,0.69,0.82,meθ.klo,P05_L1_84b
P05,1,85,a,present,la monja sopla el fuego,sopla,2,0,0.67,0.85,so.pla,P05_L1_85a
P05,1,85,b,past,la monja sopló el fuego,sopló,2,1,0.87,0.98,so.plo,P05_L1_85b
P05,1,86,a,present,la novia culpa el calor,culpa,2,0,0.58,0.78,kul.pa,P05_L1_86a
P05,1,86,b,past,la novia culpó el calor,culpó,2,1,0.71,0.86,kul.po,P05_L1_86b
P05,1,87,a,present,la sangre mancha la falda,mancha,2,0,0.71,0.91,man.tʃa,P05_L1_87a
P05,1,87,b,past,la sangre manchó la falda,manchó,2,1,0.83,0.96,man.tʃo,P05_L1_87b
P05,1,88,a,present,el novio gasta el jabón,gasta,2,0,0.69,0.89,ɡas.t̪a,P05_L1_88a
P05,1,88,b,past,el novio gastó el jabón,gastó,2,1,0.69,0.78,ɡas.t̪o,P05_L1_88b
P05,1,89,a,present,el mago salta el obstáculo,salta,2,0,0.56,0.77,sal.t̪a,P05_L1_89a
P05,1,89,b,past,el mago saltó el obstáculo,saltó,2,1,0.71,0.82,sal.t̪o,P05_L1_89b
P05,1,90,a,present,la mula corta el heno,corta,2,0,0.67,0.85,kor.t̪a,P05_L1_90a
P05,1,90,b,past,la mula cortó el heno,cortó,2,1,0.65,0.76,kor.t̪o,P05_L1_90b
P05,2,1,a,present,el dueño busca la llave,busca,2,0,0.55,0.77,bus.ka,P05_L2_01a
P05,2,1,b,past,el dueño buscó la llave,buscó,2,1,1.07,1.24,bus.ko,P05_L2_01b
P05,2,2,a,present,el cloro limpia el virus,limpia,2,0,0.67,0.85,lim.pja,P05_L2_02a
P05,2,2,b,past,el cloro limpió el virus,limpió,2,1,0.67,0.79,lim.pjo,P05_L2_02b
P05,2,3,a,present,el hijo planta el árbol,planta,2,0,0.55,0.79,plan.t̪a,P05_L2_03a
P05,2,3,b,past,el hijo plantó el árbol,plantó,2,1,1.14,1.26,plan.t̪o,P05_L2_03b
P05,2,4,a,present,el grifo filtra el agua,filtra,2,0,0.63,0.94,filt̪.ɾa,P05_L2_04a
P05,2,4,b,past,el grifo filtró el agua,filtró,2,1,1.13,1.22,filt̪.ɾo,P05_L2_04b
P05,2,5,a,present,el tío monta el alioli,monta,2,0,0.58,0.76,mon.t̪a,P05_L2_05a
P05,2,5,b,past,el tío montó el alioli,montó,2,1,0.96,1.05,mon.t̪o,P05_L2_05b
P05,2,6,a,present,el ave canta la canción,canta,2,0,0.56,0.76,kan.t̪a,P05_L2_06a
P05,2,6,b,past,el ave cantó la canción,cantó,2,1,0.75,0.86,kan.t̪o,P05_L2_06b
P05,2,7,a,present,la joven junta la basura,junta,2,0,0.71,0.95,xun.t̪a,P05_L2_07a
P05,2,7,b,past,la joven juntó la basura,juntó,2,1,0.82,0.93,xun.t̪o,P05_L2_07b
P05,2,8,a,present,la osa marca la puerta,marca,2,0,0.57,0.78,mar.ka,P05_L2_08a
P05,2,8,b,past,la osa marcó la puerta,marcó,2,1,1.08,1.2,mar.ko,P05_L2_08b
P05,2,9,a,present,el río mezcla la arena,mezcla,2,0,0.9,1.1,meθ.kla,P05_L2_09a
P05,2,9,b,past,el río mezcló la arena,mezcló,2,1,0.88,1.05,meθ.klo,P05_L2_09b
P05,2,10,a,present,el suegro sopla la vela,sopla,2,0,0.81,1.04,so.pla,P05_L2_10a
P05,2,10,b,past,el suegro sopló la vela,sopló,2,1,0.92,1.13,so.plo,P05_L2_10b
P05,2,11,a,present,el yerno culpa el ruido,culpa,2,0,0.61,0.77,kul.pa,P05_L2_11a
P05,2,11,b,past,el yerno culpó el ruido,culpó,2,1,0.96,1.1,kul.po,P05_L2_11b
P05,2,12,a,present,la tinta mancha la camisa,mancha,2,0,0.68,0.85,man.tʃa,P05_L2_12a
P05,2,12,b,past,la tinta manchó la camisa,manchó,2,1,0.79,0.93,man.tʃo,P05_L2_12b
P05,2,13,a,present,la doña gasta el dinero,gasta,2,0,0.56,0.76,ɡas.t̪a,P05_L2_13a
P05,2,13,b,past,la doña gastó el dinero,gastó,2,1,1.03,1.13,ɡas.t̪o,P05_L2_13b
P05,2,14,a,present,la perra salta la cerca,salta,2,0,0.55,0.75,sal.t̪a,P05_L2_14a
P05,2,14,b,past,la perra saltó la cerca,saltó,2,1,0.92,1.03,sal.t̪o,P05_L2_14b
P05,2,15,a,present,el cúter corta el paquete,corta,2,0,0.77,0.96,kor.t̪a,P05_L2_15a
P05,2,15,b,past,el cúter cortó el paquete,cortó,2,1,0.89,0.97,kor.t̪o,P05_L2_15b
P05,2,16,a,present,la niña busca el gato,busca,2,0,0.46,0.64,bus.ka,P05_L2_16a
P05,2,16,b,past,la niña buscó el gato,buscó,2,1,1.37,1.49,bus.ko,P05_L2_16b
P05,2,17,a,present,la madre limpia la casa,limpia,2,0,0.74,0.9,lim.pja,P05_L2_17a
P05,2,17,b,past,la madre limpió la casa,limpió,2,1,0.88,1.03,lim.pjo,P05_L2_17b
P05,2,18,a,present,la hija planta la flor,planta,2,0,0.68,0.86,plan.t̪a,P05_L2_18a
P05,2,18,b,past,la hija plantó la flor,plantó,2,1,0.81,0.92,plan.t̪o,P05_L2_18b
P05,2,19,a,present,el termo filtra el té,filtra,2,0,0.59,0.91,filt̪.ɾa,P05_L2_19a
P05,2,19,b,past,el termo filtró el té,filtró,2,1,1.03,1.12,filt̪.ɾo,P05_L2_19b
P05,2,20,a,present,la tía monta la nata,monta,2,0,0.58,0.79,mon.t̪a,P05_L2_20a
P05,2,20,b,past,la tía montó la nata,montó,2,1,0.87,1.01,mon.t̪o,P05_L2_20b
P05,2,21,a,present,la nieta canta el himno,canta,2,0,0.67,0.86,kan.t̪a,P05_L2_21a
P05,2,21,b,past,la nieta cantó el himno,cantó,2,1,0.96,1.09,kan.t̪o,P05_L2_21b
P05,2,22,a,present,el duque junta la leña,junta,2,0,0.73,0.98,xun.t̪a,P05_L2_22a
P05,2,22,b,past,el duque juntó la leña,juntó,2,1,0.77,0.87,xun.t̪o,P05_L2_22b
P05,2,23,a,present,el perro marca el territorio,marca,2,0,0.65,0.87,mar.ka,P05_L2_23a
P05,2,23,b,past,el perro marcó el territorio,marcó,2,1,0.75,0.83,mar.ko,P05_L2_23b
P05,2,24,a,present,el lobo mezcla la carne,mezcla,2,0,0.69,0.9,meθ.kla,P05_L2_24a
P05,2,24,b,past,el lobo mezcló la carne,mezcló,2,1,0.88,1.08,meθ.klo,P05_L2_24b
P05,2,25,a,present,el nene sopla el guiso,sopla,2,0,0.72,0.94,so.pla,P05_L2_25a
P05,2,25,b,past,el nene sopló el guiso,sopló,2,1,0.93,1.15,so.plo,P05_L2_25b
P05,2,26,a,present,la dama culpa la tormenta,culpa,2,0,1.03,1.17,kul.pa,P05_L2_26a
P05,2,26,b,past,la dama culpó la tormenta,culpó,2,1,0.94,1.13,kul.po,P05_L2_26b
P05,2,27,a,present,el lodo mancha el pantalón,mancha,2,0,0.54,0.72,man.tʃa,P05_L2_27a
P05,2,27,b,past,el lodo manchó el pantalón,manchó,2,1,0.98,1.1,man.tʃo,P05_L2_27b
P05,2,28,a,present,el chico gasta la pila,gasta,2,0,0.65,0.83,ɡas.t̪a,P05_L2_28a
P05,2,28,b,past,el chico gastó la pila,gastó,2,1,1.15,1.26,ɡas.t̪o,P05_L2_28b
P05,2,29,a,present,el socio salta el control,salta,2,0,0.8,1.0,sal.t̪a,P05_L2_29a
P05,2,29,b,past,el socio saltó el control,saltó,2,1,1.17,1.28,sal.t̪o,P05_L2_29b
P05,2,30,a,present,la nena corta la cartulina,corta,2,0,0.57,0.73,kor.t̪a,P05_L2_30a
P05,2,30,b,past,la nena cortó la cartulina,cortó,2,1,1.04,1.14,kor.t̪o,P05_L2_30b
P05,2,31,a,present,el móvil busca la señal,busca,2,0,0.49,0.7,bus.ka,P05_L2_31a
P05,2,31,b,past,el móvil buscó la señal,buscó,2,1,1.04,1.16,bus.ko,P05_L2_31b
P05,2,32,a,present,el coche limpia la nieve,limpia,2,0,0.63,0.77,lim.pja,P05_L2_32a
P05,2,32,b,past,el coche limpió la nieve,limpió,2,1,0.88,1.01,lim.pjo,P05_L2_32b
P05,2,33,a,present,la reina planta el rosal,planta,2,0,0.61,0.86,plan.t̪a,P05_L2_33a
P05,2,33,b,past,la reina plantó el rosal,plantó,2,1,1.01,1.09,plan.t̪o,P05_L2_33b
P05,2,34,a,present,la jarra filtra el caldo,filtra,2,0,0.59,0.87,filt̪.ɾa,P05_L2_34a
P05,2,34,b,past,la jarra filtró el caldo,filtró,2,1,1.13,1.2,filt̪.ɾo,P05_L2_34b
P05,2,35,a,present,el monje monta la mayonesa,monta,2,0,0.63,0.8,mon.t̪a,P05_L2_35a
P05,2,35,b,past,el monje montó la mayonesa,montó,2,1,0.99,1.09,mon.t̪o,P05_L2_35b
P05,2,36,a,present,el loro canta la melodía,canta,2,0,0.5,0.68,kan.t̪a,P05_L2_36a
P05,2,36,b,past,el loro cantó la melodía,cantó,2,1,0.85,0.97,kan.t̪o,P05_L2_36b
P05,2,37,a,present,el clavo junta la madera,junta,2,0,0.59,0.82,xun.t̪a,P05_L2_37a
P05,2,37,b,past,el clavo juntó la madera,juntó,2,1,0.87,0.96,xun.t̪o,P05_L2_37b
P05,2,38,a,present,el sastre marca el traje,marca,2,0,0.67,0.87,mar.ka,P05_L2_38a
P05,2,38,b,past,el sastre marcó el traje,marcó,2,1,1.28,1.39,mar.ko,P05_L2_38b
P05,2,39,a,present,la brocha mezcla la pintura,mezcla,2,0,0.61,0.8,meθ.kla,P05_L2_39a
P05,2,39,b,past,la brocha mezcló la pintura,mezcló,2,1,1.05,1.22,meθ.klo,P05_L2_39b
P05,2,40,a,present,la suegra sopla la sopa,sopla,2,0,0.92,1.14,so.pla,P05_L2_40a
P05,2,40,b,past,la suegra sopló la sopa,sopló,2,1,1.14,1.31,so.plo,P05_L2_40b
P05,2,41,a,present,el conde culpa el error,culpa,2,0,0.58,0.75,kul.pa,P05_L2_41a
P05,2,41,b,past,el conde culpó el error,culpó,2,1,0.88,1.02,kul.po,P05_L2_41b
P05,2,42,a,present,el zumo mancha la servilleta,mancha,2,0,0.44,0.61,man.tʃa,P05_L2_42a
P05,2,42,b,past,el zumo manchó la servilleta,manchó,2,1,0.71,0.84,man.tʃo,P05_L2_42b
P05,2,43,a,present,la jueza gasta el sueldo,gasta,2,0,0.64,0.82,ɡas.t̪a,P05_L2_43a
P05,2,43,b,past,la jueza gastó el sueldo,gastó,2,1,1.0,1.09,ɡas.t̪o,P05_L2_43b
P05,2,44,a,present,la rana salta la piedra,salta,2,0,0.56,0.77,sal.t̪a,P05_L2_44a
P05,2,44,b,past,la rana saltó la piedra,saltó,2,1,0.81,0.95,sal.t̪o,P05_L2_44b
P05,2,45,a,present,el láser corta el acero,corta,2,0,0.55,0.74,kor.t̪a,P05_L2_45a
P05,2,45,b,past,el láser cortó el acero,cortó,2,1,0.77,0.97,kor.t̪o,P05_L2_45b
P05,2,46,a,present,el padre busca el libro,busca,2,0,0.55,0.77,bus.ka,P05_L2_46a
P05,2,46,b,past,el padre buscó el libro,buscó,2,1,0.91,1.03,bus.ko,P05_L2_46b
P05,2,47,a,present,la lluvia limpia la calle,limpia,2,0,0.52,0.71,lim.pja,P05_L2_47a
P05,2,47,b,past,la lluvia limpió la calle,limpió,2,1,1.01,1.14,lim.pjo,P05_L2_47b
P05,2,48,a,present,el líder planta la semilla,planta,2,0,0.64,0.85,plan.t̪a,P05_L2_48a
P05,2,48,b,past,el líder plantó la semilla,plantó,2,1,1.07,1.17,plan.t̪o,P05_L2_48b
P05,2,49,a,present,la tela filtra el café,filtra,2,0,0.57,0.85,filt̪.ɾa,P05_L2_49a
P05,2,49,b,past,la tela filtró el café,filtró,2,1,1.14,1.22,filt̪.ɾo,P05_L2_49b
P05,2,50,a,present,la dueña monta la tienda,monta,2,0,0.63,0.84,mon.t̪a,P05_L2_50a
P05,2,50,b,past,la dueña montó la tienda,montó,2,1,0.92,1.03,mon.t̪o,P05_L2_50b
P05,2,51,a,present,la gorda canta la ópera,canta,2,0,0.59,0.75,kan.t̪a,P05_L2_51a
P05,2,51,b,past,la gorda cantó la ópera,cantó,2,1,0.98,1.1,kan.t̪o,P05_L2_51b
P05,2,52,a,present,el primo junta el papel,junta,2,0,0.39,0.62,xun.t̪a,P05_L2_52a
P05,2,52,b,past,el primo juntó el papel,juntó,2,1,1.02,1.11,xun.t̪o,P05_L2_52b
P05,2,53,a,present,el hombre marca la ruta,marca,2,0,0.48,0.69,mar.ka,P05_L2_53a
P05,2,53,b,past,el hombre marcó la ruta,marcó,2,1,0.77,0.9,mar.ko,P05_L2_53b
P05,2,54,a,present,el lago mezcla la tierra,mezcla,2,0,0.79,0.98,meθ.kla,P05_L2_54a
P05,2,54,b,past,el lago mezcló la tierra,mezcló,2,1,1.08,1.27,meθ.klo,P05_L2_54b
P05,2,55,a,present,la chica sopla el polvo,sopla,2,0,0.54,0.75,so.pla,P05_L2_55a
P05,2,55,b,past,la chica sopló el polvo,sopló,2,1,0.76,0.89,so.plo,P05_L2_55b
P05,2,56,a,present,la ama culpa la demora,culpa,2,0,0.5,0.73,kul.pa,P05_L2_56a
P05,2,56,b,past,la ama culpó la demora,culpó,2,1,0.87,1.01,kul.po,P05_L2_56b
P05,2,57,a,present,el vino mancha la mesa,mancha,2,0,0.42,0.58,man.tʃa,P05_L2_57a
P05,2,57,b,past,el vino manchó la mesa,manchó,2,1,0.95,1.09,man.tʃo,P05_L2_57b
P05,2,58,a,present,el carro gasta la gasolina,gasta,2,0,0.58,0.74,ɡas.t̪a,P05_L2_58a
P05,2,58,b,past,el carro gastó la gasolina,gastó,2,1,0.56,0.68,ɡas.t̪o,P05_L2_58b
P05,2,59,a,present,el niño salta el charco,salta,2,0,0.32,0.52,sal.t̪a,P05_L2_59a
P05,2,59,b,past,el niño saltó el charco,saltó,2,1,0.7,0.81,sal.t̪o,P05_L2_59b
P05,2,60,a,present,la rata corta el queso,corta,2,0,0.62,0.81,kor.t̪a,P05_L2_60a
P05,2,60,b,past,la rata cortó el queso,cortó,2,1,0.71,0.8,kor.t̪o,P05_L2_60b
P05,2,61,a,present,la vaca busca la paja,busca,2,0,0.32,0.51,bus.ka,P05_L2_61a
P05,2,61,b,past,la vaca buscó la paja,buscó,2,1,0.87,1.01,bus.ko,P05_L2_61b
P05,2,62,a,present,la prima limpia el baño,limpia,2,0,0.49,0.66,lim.pja,P05_L2_62a
P05,2,62,b,past,la prima limpió el baño,limpió,2,1,0.84,0.95,lim.pjo,P05_L2_62b
P05,2,63,a,present,la vieja planta el jazmín,planta,2,0,0.62,0.8,plan.t̪a,P05_L2_63a
P05,2,63,b,past,la vieja plantó el jazmín,plantó,2,1,0.94,1.02,plan.t̪o,P05_L2_63b
P05,2,64,a,present,el filtro filtra el aire,filtra,2,0,0.61,0.97,filt̪.ɾa,P05_L2_64a
P05,2,64,b,past,el filtro filtró el aire,filtró,2,1,1.52,1.61,filt̪.ɾo,P05_L2_64b
P05,2,65,a,present,la jefa monta el escritorio,monta,2,0,0.54,0.73,mon.t̪a,P05_L2_65a
P05,2,65,b,past,la jefa montó el escritorio,montó,2,1,1.1,1.19,mon.t̪o,P05_L2_65b
P05,2,66,a,present,la guapa canta la nana,canta,2,0,0.71,0.9,kan.t̪a,P05_L2_66a
P05,2,66,b,past,la guapa cantó la nana,cantó,2,1,0.64,0.76,kan.t̪o,P05_L2_66b
P05,2,67,a,present,la nuera junta el cartón,junta,2,0,0.54,0.78,xun.t̪a,P05_L2_67a
P05,2,67,b,past,la nuera juntó el cartón,juntó,2,1,0.73,0.8,xun.t̪o,P05_L2_67b
P05,2,68,a,present,la grasa marca la pared,marca,2,0,0.64,0.83,mar.ka,P05_L2_68a
P05,2,68,b,past,la grasa marcó la pared,marcó,2,1,0.75,0.88,mar.ko,P05_L2_68b
P05,2,69,a,present,la flaca mezcla el yogur,mezcla,2,0,0.68,0.87,meθ.kla,P05_L2_69a
P05,2,69,b,past,la flaca mezcló el yogur,mezcló,2,1,0.88,1.04,meθ.klo,P05_L2_69b
P05,2,70,a,present,el huésped sopla la pizza,sopla,2,0,0.65,0.86,so.pla,P05_L2_70a
P05,2,70,b,past,el huésped sopló la pizza,sopló,2,1,0.85,0.99,so.plo,P05_L2_70b
P05,2,71,a,present,el cónsul culpa la crisis,culpa,2,0,0.61,0.88,kul.pa,P05_L2_71a
P05,2,71,b,past,el cónsul culpó la crisis,culpó,2,1,0.8,1.05,kul.po,P05_L2_71b
P05,2,72,a,present,la rueda mancha el garaje,mancha,2,0,0.48,0.65,man.tʃa,P05_L2_72a
P05,2,72,b,past,la rueda manchó el garaje,manchó,2,1,1.02,1.14,man.tʃo,P05_L2_72b
P05,2,73,a,present,la rica gasta el crédito,gasta,2,0,0.55,0.77,ɡas.t̪a,P05_L2_73a
P05,2,73,b,past,la rica gastó el crédito,gastó,2,1,0.76,0.84,ɡas.t̪o,P05_L2_73b
P05,2,74,a,present,la cabra salta la valla,salta,2,0,0.52,0.73,sal.t̪a,P05_L2_74a
P05,2,74,b,past,la cabra saltó la valla,saltó,2,1,1.01,1.11,sal.t̪o,P05_L2_74b
P05,2,75,a,present,el mozo corta la cinta,corta,2,0,0.74,0.93,kor.t̪a,P05_L2_75a
P05,2,75,b,past,el mozo cortó la cinta,cortó,2,1,0.95,1.07,kor.t̪o,P05_L2_75b
P05,2,76,a,present,la rubia busca el anillo,busca,2,0,0.6,0.82,bus.ka,P05_L2_76a
P05,2,76,b,past,la rubia buscó el anillo,buscó,2,1,0.76,0.87,bus.ko,P05_L2_76b
P05,2,77,a,present,el trapo limpia la suciedad,limpia,2,0,0.58,0.74,lim.pja,P05_L2_77a
P05,2,77,b,past,el trapo limpió la suciedad,limpió,2,1,0.94,1.09,lim.pjo,P05_L2_77b
P05,2,78,a,present,el cura planta el geranio,planta,2,0,0.63,0.83,plan.t̪a,P05_L2_78a
P05,2,78,b,past,el cura plantó el geranio,plantó,2,1,0.73,0.83,plan.t̪o,P05_L2_78b
P05,2,79,a,present,la malla filtra el aceite,filtra,2,0,0.51,0.79,filt̪.ɾa,P05_L2_79a
P05,2,79,b,past,la malla filtró el aceite,filtró,2,1,0.9,0.96,filt̪.ɾo,P05_L2_79b
P05,2,80,a,present,el nieto monta la estantería,monta,2,0,0.37,0.55,mon.t̪a,P05_L2_80a
P05,2,80,b,past,el nieto montó la estantería,montó,2,1,0.76,0.85,mon.t̪o,P05_L2_80b
P05,2,81,a,present,el viejo canta el bolero,canta,2,0,0.75,0.95,kan.t̪a,P05_L2_81a
P05,2,81,b,past,el viejo cantó el bolero,cantó,2,1,0.97,1.05,kan.t̪o,P05_L2_81b
P05,2,82,a,present,la gata junta la comida,junta,2,0,0.68,0.89,xun.t̪a,P05_L2_82a
P05,2,82,b,past,la gata juntó la comida,juntó,2,1,0.56,0.66,xun.t̪o,P05_L2_82b
P05,2,83,a,present,la bici marca el suelo,marca,2,0,0.42,0.61,mar.ka,P05_L2_83a
P05,2,83,b,past,la bici marcó el suelo,marcó,2,1,0.96,1.06,mar.ko,P05_L2_83b
P05,2,84,a,present,la presa mezcla el cemento,mezcla,2,0,0.4,0.57,meθ.kla,P05_L2_84a
P05,2,84,b,past,la presa mezcló el cemento,mezcló,2,1,0.83,0.99,meθ.klo,P05_L2_84b
P05,2,85,a,present,la monja sopla el fuego,sopla,2,0,0.52,0.7,so.pla,P05_L2_85a
P05,2,85,b,past,la monja sopló el fuego,sopló,2,1,0.86,0.98,so.plo,P05_L2_85b
P05,2,86,a,present,la novia culpa el calor,culpa,2,0,0.6,0.79,kul.pa,P05_L2_86a
P05,2,86,b,past,la novia culpó el calor,culpó,2,1,0.75,0.88,kul.po,P05_L2_86b
P05,2,87,a,present,la sangre mancha la falda,mancha,2,0,0.65,0.82,man.tʃa,P05_L2_87a
P05,2,87,b,past,la sangre manchó la falda,manchó,2,1,1.02,1.15,man.tʃo,P05_L2_87b
P05,2,88,a,present,el novio gasta el jabón,gasta,2,0,0.61,0.79,ɡas.t̪a,P05_L2_88a
P05,2,88,b,past,el novio gastó el jabón,gastó,2,1,0.76,0.84,ɡas.t̪o,P05_L2_88b
P05,2,89,a,present,el mago salta el obstáculo,salta,2,0,0.46,0.68,sal.t̪a,P05_L2_89a
P05,2,89,b,past,el mago saltó el obstáculo,saltó,2,1,0.7,0.81,sal.t̪o,P05_L2_89b
P05,2,90,a,present,la mula corta el heno,corta,2,0,0.48,0.68,kor.t̪a,P05_L2_90a
P05,2,90,b,past,la mula cortó el heno,cortó,2,1,0.89,1.02,kor.t̪o,P05_L2_90b
