file,pid,list,item,variant,tense,target_verb,verb_start,verb_end,n_verb_syllables,stressed_syll_idx,syll1_start,syll1_end,syll1_label,syll2_start,syll2_end,syll2_label,syll3_start,syll3_end,syll3_label,syll4_start,syll4_end,syll4_label
P01_L1_01a,P01,1,1,a,present,busca,0.59,0.93,2,0,0.59,0.79,bus,0.79,0.93,ka,,,,,,
P01_L1_01b,P01,1,1,b,past,buscó,0.61,0.94,2,1,0.61,0.79,bus,0.79,0.94,ko,,,,,,
P01_L1_02a,P01,1,2,a,present,limpia,0.66,1.08,2,0,0.66,0.91,lim,0.91,1.08,pja,,,,,,
P01_L1_02b,P01,1,2,b,past,limpió,0.56,0.97,2,1,0.56,0.76,lim,0.76,0.97,pjo,,,,,,
P01_L1_03a,P01,1,3,a,present,planta,0.54,0.87,2,0,0.54,0.77,plan,0.77,0.87,t̪a,,,,,,
P01_L1_03b,P01,1,3,b,past,plantó,0.39,0.83,2,1,0.39,0.7,plan,0.7,0.83,t̪o,,,,,,
P01_L1_04a,P01,1,4,a,present,filtra,0.66,1.19,2,0,0.66,1.04,filt̪,1.04,1.19,ɾa,,,,,,
P01_L1_04b,P01,1,4,b,past,filtró,0.64,1.2,2,1,0.64,1.01,filt̪,1.01,1.2,ɾo,,,,,,
P01_L1_05a,P01,1,5,a,present,monta,0.54,1.04,2,0,0.54,0.8,mon,0.8,1.04,t̪a,,,,,,
P01_L1_05b,P01,1,5,b,past,montó,0.51,0.9,2,1,0.51,0.76,mon,0.76,0.9,t̪o,,,,,,
P01_L1_06a,P01,1,6,a,present,canta,0.51,0.81,2,0,0.51,0.73,kan,0.73,0.81,t̪a,,,,,,
P01_L1_06b,P01,1,6,b,past,cantó,0.49,0.89,2,1,0.49,0.72,kan,0.72,0.89,t̪o,,,,,,
P01_L1_07a,P01,1,7,a,present,junta,0.74,1.13,2,0,0.74,1.03,xun,1.03,1.13,t̪a,,,,,,
P01_L1_07b,P01,1,7,b,past,juntó,0.67,1.09,2,1,0.67,0.91,xun,0.91,1.09,t̪o,,,,,,
P01_L1_08a,P01,1,8,a,present,marca,0.72,1.11,2,0,0.72,1.0,mar,1.0,1.11,ka,,,,,,
P01_L1_08b,P01,1,8,b,past,marcó,0.64,1.01,2,1,0.64,0.88,mar,0.88,1.01,ko,,,,,,
P01_L1_09a,P01,1,9,a,present,mezcla,0.64,1.05,2,0,0.64,0.87,meθ,0.87,1.05,kla,,,,,,
P01_L1_09b,P01,1,9,b,past,mezcló,0.5,0.96,2,1,0.5,0.72,meθ,0.72,0.96,klo,,,,,,
P01_L1_10a,P01,1,10,a,present,sopla,0.57,0.94,2,0,0.57,0.79,so,0.79,0.94,pla,,,,,,
P01_L1_10b,P01,1,10,b,past,sopló,0.7,1.07,2,1,0.7,0.91,so,0.91,1.07,plo,,,,,,
P01_L1_11a,P01,1,11,a,present,culpa,0.77,1.08,2,0,0.77,0.94,kul,0.94,1.08,pa,,,,,,
P01_L1_11b,P01,1,11,b,past,culpó,0.52,0.9,2,1,0.52,0.68,kul,0.68,0.9,po,,,,,,
P01_L1_12a,P01,1,12,a,present,mancha,0.58,0.88,2,0,0.58,0.75,man,0.75,0.88,tʃa,,,,,,
P01_L1_12b,P01,1,12,b,past,manchó,0.59,0.92,2,1,0.59,0.77,man,0.77,0.92,tʃo,,,,,,
P01_L1_13a,P01,1,13,a,present,gasta,0.67,0.95,2,0,0.67,0.88,ɡas,0.88,0.95,t̪a,,,,,,
P01_L1_13b,P01,1,13,b,past,gastó,0.87,1.54,2,1,0.87,1.22,ɡas,1.22,1.54,t̪o,,,,,,
P01_L1_14a,P01,1,14,a,present,salta,0.92,1.36,2,0,0.92,1.24,sal,1.24,1.36,t̪a,,,,,,
P01_L1_14b,P01,1,14,b,past,saltó,0.75,1.16,2,1,0.75,0.99,sal,0.99,1.16,t̪o,,,,,,
P01_L1_15a,P01,1,15,a,present,corta,1.51,1.81,2,0,1.51,1.73,kor,1.73,1.81,t̪a,,,,,,
P01_L1_15b,P01,1,15,b,past,cortó,1.04,1.44,2,1,1.04,1.32,kor,1.32,1.44,t̪o,,,,,,
P01_L1_16a,P01,1,16,a,present,busca,0.94,1.3,2,0,0.94,1.18,bus,1.18,1.3,ka,,,,,,
P01_L1_16b,P01,1,16,b,past,buscó,0.76,1.22,2,1,0.76,0.98,bus,0.98,1.22,ko,,,,,,
P01_L1_17a,P01,1,17,a,present,limpia,0.59,0.93,2,0,0.59,0.81,lim,0.81,0.93,pja,,,,,,
P01_L1_17b,P01,1,17,b,past,limpió,0.61,1.08,2,1,0.61,0.84,lim,0.84,1.08,pjo,,,,,,
P01_L1_18a,P01,1,18,a,present,planta,0.92,1.27,2,0,0.92,1.18,plan,1.18,1.27,t̪a,,,,,,
P01_L1_18b,P01,1,18,b,past,plantó,0.91,1.25,2,1,0.91,1.12,plan,1.12,1.25,t̪o,,,,,,
P01_L1_19a,P01,1,19,a,present,filtra,0.87,1.35,2,0,0.87,1.21,filt̪,1.21,1.35,ɾa,,,,,,
P01_L1_19b,P01,1,19,b,past,filtró,0.97,1.43,2,1,0.97,1.31,filt̪,1.31,1.43,ɾo,,,,,,
P01_L1_20a,P01,1,20,a,present,monta,0.77,1.11,2,0,0.77,1.01,mon,1.01,1.11,t̪a,,,,,,
P01_L1_20b,P01,1,20,b,past,montó,0.68,1.11,2,1,0.68,0.94,mon,0.94,1.11,t̪o,,,,,,
P01_L1_21a,P01,1,21,a,present,canta,0.8,1.17,2,0,0.8,1.04,kan,1.04,1.17,t̪a,,,,,,
P01_L1_21b,P01,1,21,b,past,cantó,0.66,1.03,2,1,0.66,0.87,kan,0.87,1.03,t̪o,,,,,,
P01_L1_22a,P01,1,22,a,present,junta,0.6,0.96,2,0,0.6,0.87,xun,0.87,0.96,t̪a,,,,,,
P01_L1_22b,P01,1,22,b,past,juntó,0.55,0.94,2,1,0.55,0.8,xun,0.8,0.94,t̪o,,,,,,
P01_L1_23a,P01,1,23,a,present,marca,0.8,1.17,2,0,0.8,1.09,mar,1.09,1.17,ka,,,,,,
P01_L1_23b,P01,1,23,b,past,marcó,0.6,1.0,2,1,0.6,0.86,mar,0.86,1.0,ko,,,,,,
P01_L1_24a,P01,1,24,a,present,mezcla,0.53,0.95,2,0,0.53,0.78,meθ,0.78,0.95,kla,,,,,,
P01_L1_24b,P01,1,24,b,past,mezcló,0.51,0.99,2,1,0.51,0.75,meθ,0.75,0.99,klo,,,,,,
P01_L1_25a,P01,1,25,a,present,sopla,0.54,0.9,2,0,0.54,0.76,so,0.76,0.9,pla,,,,,,
P01_L1_25b,P01,1,25,b,past,sopló,0.51,0.98,2,1,0.51,0.77,so,0.77,0.98,plo,,,,,,
P01_L1_26a,P01,1,26,a,present,culpa,0.65,0.95,2,0,0.65,0.82,kul,0.82,0.95,pa,,,,,,
P01_L1_26b,P01,1,26,b,past,culpó,0.57,1.09,2,1,0.57,0.74,kul,0.74,1.09,po,,,,,,
P01_L1_27a,P01,1,27,a,present,mancha,0.37,0.65,2,0,0.37,0.59,man,0.59,0.65,tʃa,,,,,,
P01_L1_27b,P01,1,27,b,past,manchó,0.67,1.06,2,1,0.67,0.94,man,0.94,1.06,tʃo,,,,,,
P01_L1_28a,P01,1,28,a,present,gasta,1.11,1.39,2,0,1.11,1.29,ɡas,1.29,1.39,t̪a,,,,,,
P01_L1_28b,P01,1,28,b,past,gastó,0.69,1.0,2,1,0.69,0.92,ɡas,0.92,1.0,t̪o,,,,,,
P01_L1_29a,P01,1,29,a,present,salta,0.76,1.21,2,0,0.76,1.07,sal,1.07,1.21,t̪a,,,,,,
P01_L1_29b,P01,1,29,b,past,saltó,0.64,1.01,2,1,0.64,0.9,sal,0.9,1.01,t̪o,,,,,,
P01_L1_30a,P01,1,30,a,present,corta,0.77,1.06,2,0,0.77,0.94,kor,0.94,1.06,t̪a,,,,,,
P01_L1_30b,P01,1,30,b,past,cortó,0.57,1.07,2,1,0.57,0.87,kor,0.87,1.07,t̪o,,,,,,
P01_L1_31a,P01,1,31,a,present,busca,0.72,1.06,2,0,0.72,0.93,bus,0.93,1.06,ka,,,,,,
P01_L1_31b,P01,1,31,b,past,buscó,0.59,0.96,2,1,0.59,0.79,bus,0.79,0.96,ko,,,,,,
P01_L1_32a,P01,1,32,a,present,limpia,0.6,1.0,2,0,0.6,0.82,lim,0.82,1.0,pja,,,,,,
P01_L1_32b,P01,1,32,b,past,limpió,0.64,1.04,2,1,0.64,0.85,lim,0.85,1.04,pjo,,,,,,
P01_L1_33a,P01,1,33,a,present,planta,0.79,1.08,2,0,0.79,1.0,plan,1.0,1.08,t̪a,,,,,,
P01_L1_33b,P01,1,33,b,past,plantó,0.66,1.03,2,1,0.66,0.9,plan,0.9,1.03,t̪o,,,,,,
P01_L1_34a,P01,1,34,a,present,filtra,0.69,1.06,2,0,0.69,0.97,filt̪,0.97,1.06,ɾa,,,,,,
P01_L1_34b,P01,1,34,b,past,filtró,0.85,1.3,2,1,0.85,1.15,filt̪,1.15,1.3,ɾo,,,,,,
P01_L1_35a,P01,1,35,a,present,monta,0.62,0.98,2,0,0.62,0.89,mon,0.89,0.98,t̪a,,,,,,
P01_L1_35b,P01,1,35,b,past,montó,0.83,1.3,2,1,0.83,1.12,mon,1.12,1.3,t̪o,,,,,,
P01_L1_36a,P01,1,36,a,present,canta,0.79,1.08,2,0,0.79,0.99,kan,0.99,1.08,t̪a,,,,,,
P01_L1_36b,P01,1,36,b,past,cantó,0.53,0.86,2,1,0.53,0.74,kan,0.74,0.86,t̪o,,,,,,
P01_L1_37a,P01,1,37,a,present,junta,0.85,1.2,2,0,0.85,1.09,xun,1.09,1.2,t̪a,,,,,,
P01_L1_37b,P01,1,37,b,past,juntó,0.72,1.11,2,1,0.72,0.95,xun,0.95,1.11,t̪o,,,,,,
P01_L1_38a,P01,1,38,a,present,marca,0.79,1.16,2,0,0.79,1.06,mar,1.06,1.16,ka,,,,,,
P01_L1_38b,P01,1,38,b,past,marcó,0.69,1.12,2,1,0.69,0.95,mar,0.95,1.12,ko,,,,,,
P01_L1_39a,P01,1,39,a,present,mezcla,0.81,1.15,2,0,0.81,1.0,meθ,1.0,1.15,kla,,,,,,
P01_L1_39b,P01,1,39,b,past,mezcló,0.83,1.28,2,1,0.83,1.09,meθ,1.09,1.28,klo,,,,,,
P01_L1_40a,P01,1,40,a,present,sopla,0.73,1.11,2,0,0.73,0.98,so,0.98,1.11,pla,,,,,,
P01_L1_40b,P01,1,40,b,past,sopló,0.7,1.09,2,1,0.7,0.93,so,0.93,1.09,plo,,,,,,
P01_L1_41a,P01,1,41,a,present,culpa,0.82,1.22,2,0,0.82,1.09,kul,1.09,1.22,pa,,,,,,
P01_L1_41b,P01,1,41,b,past,culpó,0.68,1.08,2,1,0.68,0.91,kul,0.91,1.08,po,,,,,,
P01_L1_42a,P01,1,42,a,present,mancha,0.67,1.0,2,0,0.67,0.87,man,0.87,1.0,tʃa,,,,,,
P01_L1_42b,P01,1,42,b,past,manchó,0.62,1.08,2,1,0.62,0.84,man,0.84,1.08,tʃo,,,,,,
P01_L1_43a,P01,1,43,a,present,gasta,0.76,1.07,2,0,0.76,0.98,ɡas,0.98,1.07,t̪a,,,,,,
P01_L1_43b,P01,1,43,b,past,gastó,0.74,1.16,2,1,0.74,1.02,ɡas,1.02,1.16,t̪o,,,,,,
P01_L1_44a,P01,1,44,a,present,salta,0.77,1.15,2,0,0.77,1.03,sal,1.03,1.15,t̪a,,,,,,
P01_L1_44b,P01,1,44,b,past,saltó,0.51,0.92,2,1,0.51,0.79,sal,0.79,0.92,t̪o,,,,,,
P01_L1_45a,P01,1,45,a,present,corta,0.71,1.02,2,0,0.71,0.88,kor,0.88,1.02,t̪a,,,,,,
P01_L1_45b,P01,1,45,b,past,cortó,0.69,1.14,2,1,0.69,0.95,kor,0.95,1.14,t̪o,,,,,,
P01_L1_46a,P01,1,46,a,present,busca,0.58,0.9,2,0,0.58,0.76,bus,0.76,0.9,ka,,,,,,
P01_L1_46b,P01,1,46,b,past,buscó,0.66,1.08,2,1,0.66,0.88,bus,0.88,1.08,ko,,,,,,
P01_L1_47a,P01,1,47,a,present,limpia,0.71,1.08,2,0,0.71,0.93,lim,0.93,1.08,pja,,,,,,
P01_L1_47b,P01,1,47,b,past,limpió,0.84,1.31,2,1,0.84,1.08,lim,1.08,1.31,pjo,,,,,,
P01_L1_48a,P01,1,48,a,present,planta,0.7,1.05,2,0,0.7,0.95,plan,0.95,1.05,t̪a,,,,,,
P01_L1_48b,P01,1,48,b,past,plantó,0.66,1.07,2,1,0.66,0.92,plan,0.92,1.07,t̪o,,,,,,
P01_L1_49a,P01,1,49,a,present,filtra,0.76,1.19,2,0,0.76,1.1,filt̪,1.1,1.19,ɾa,,,,,,
P01_L1_49b,P01,1,49,b,past,filtró,0.76,1.16,2,1,0.76,1.06,filt̪,1.06,1.16,ɾo,,,,,,
P01_L1_50a,P01,1,50,a,present,monta,0.61,0.92,2,0,0.61,0.82,mon,0.82,0.92,t̪a,,,,,,
P01_L1_50b,P01,1,50,b,past,montó,0.71,1.13,2,1,0.71,0.94,mon,0.94,1.13,t̪o,,,,,,
P01_L1_51a,P01,1,51,a,present,canta,0.78,1.1,2,0,0.78,1.0,kan,1.0,1.1,t̪a,,,,,,
P01_L1_51b,P01,1,51,b,past,cantó,0.58,0.99,2,1,0.58,0.84,kan,0.84,0.99,t̪o,,,,,,
P01_L1_52a,P01,1,52,a,present,junta,0.78,1.11,2,0,0.78,1.02,xun,1.02,1.11,t̪a,,,,,,
P01_L1_52b,P01,1,52,b,past,juntó,0.56,0.92,2,1,0.56,0.81,xun,0.81,0.92,t̪o,,,,,,
P01_L1_53a,P01,1,53,a,present,marca,0.67,1.03,2,0,0.67,0.91,mar,0.91,1.03,ka,,,,,,
P01_L1_53b,P01,1,53,b,past,marcó,0.56,0.97,2,1,0.56,0.82,mar,0.82,0.97,ko,,,,,,
P01_L1_54a,P01,1,54,a,present,mezcla,0.66,1.03,2,0,0.66,0.87,meθ,0.87,1.03,kla,,,,,,
P01_L1_54b,P01,1,54,b,past,mezcló,0.61,1.03,2,1,0.61,0.86,meθ,0.86,1.03,klo,,,,,,
P01_L1_55a,P01,1,55,a,present,sopla,0.69,1.08,2,0,0.69,0.95,so,0.95,1.08,pla,,,,,,
P01_L1_55b,P01,1,55,b,past,sopló,0.68,1.16,2,1,0.68,0.96,so,0.96,1.16,plo,,,,,,
P01_L1_56a,P01,1,56,a,present,culpa,0.64,0.96,2,0,0.64,0.84,kul,0.84,0.96,pa,,,,,,
P01_L1_56b,P01,1,56,b,past,culpó,0.65,1.03,2,1,0.65,0.86,kul,0.86,1.03,po,,,,,,
P01_L1_57a,P01,1,57,a,present,mancha,0.67,1.03,2,0,0.67,0.88,man,0.88,1.03,tʃa,,,,,,
P01_L1_57b,P01,1,57,b,past,manchó,0.47,0.86,2,1,0.47,0.68,man,0.68,0.86,tʃo,,,,,,
P01_L1_58a,P01,1,58,a,present,gasta,0.67,0.95,2,0,0.67,0.87,ɡas,0.87,0.95,t̪a,,,,,,
P01_L1_58b,P01,1,58,b,past,gastó,0.51,0.89,2,1,0.51,0.76,ɡas,0.76,0.89,t̪o,,,,,,
P01_L1_59a,P01,1,59,a,present,salta,0.51,0.9,2,0,0.51,0.79,sal,0.79,0.9,t̪a,,,,,,
P01_L1_59b,P01,1,59,b,past,saltó,0.61,1.07,2,1,0.61,0.92,sal,0.92,1.07,t̪o,,,,,,
P01_L1_60a,P01,1,60,a,present,corta,0.75,1.16,2,0,0.75,1.02,kor,1.02,1.16,t̪a,,,,,,
P01_L1_60b,P01,1,60,b,past,cortó,0.61,0.99,2,1,0.61,0.81,kor,0.81,0.99,t̪o,,,,,,
P01_L1_61a,P01,1,61,a,present,busca,0.59,0.91,2,0,0.59,0.78,bus,0.78,0.91,ka,,,,,,
P01_L1_61b,P01,1,61,b,past,buscó,0.57,0.9,2,1,0.57,0.76,bus,0.76,0.9,ko,,,,,,
P01_L1_62a,P01,1,62,a,present,limpia,0.65,0.99,2,0,0.65,0.86,lim,0.86,0.99,pja,,,,,,
P01_L1_62b,P01,1,62,b,past,limpió,0.51,0.95,2,1,0.51,0.71,lim,0.71,0.95,pjo,,,,,,
P01_L1_63a,P01,1,63,a,present,planta,0.71,1.01,2,0,0.71,0.93,plan,0.93,1.01,t̪a,,,,,,
P01_L1_63b,P01,1,63,b,past,plantó,0.61,1.13,2,1,0.61,0.94,plan,0.94,1.13,t̪o,,,,,,
P01_L1_64a,P01,1,64,a,present,filtra,1.26,1.85,2,0,1.26,1.6,filt̪,1.6,1.85,ɾa,,,,,,
P01_L1_64b,P01,1,64,b,past,filtró,0.95,1.63,2,1,0.95,1.38,filt̪,1.38,1.63,ɾo,,,,,,
P01_L1_65a,P01,1,65,a,present,monta,0.95,1.31,2,0,0.95,1.22,mon,1.22,1.31,t̪a,,,,,,
P01_L1_65b,P01,1,65,b,past,montó,0.61,1.06,2,1,0.61,0.89,mon,0.89,1.06,t̪o,,,,,,
P01_L1_66a,P01,1,66,a,present,canta,0.66,1.01,2,0,0.66,0.91,kan,0.91,1.01,t̪a,,,,,,
P01_L1_66b,P01,1,66,b,past,cantó,0.77,1.13,2,1,0.77,1.01,kan,1.01,1.13,t̪o,,,,,,
P01_L1_67a,P01,1,67,a,present,junta,0.73,1.11,2,0,0.73,1.01,xun,1.01,1.11,t̪a,,,,,,
P01_L1_67b,P01,1,67,b,past,juntó,0.67,1.13,2,1,0.67,0.92,xun,0.92,1.13,t̪o,,,,,,
P01_L1_68a,P01,1,68,a,present,marca,0.7,1.07,2,0,0.7,0.97,mar,0.97,1.07,ka,,,,,,
P01_L1_68b,P01,1,68,b,past,marcó,0.82,1.23,2,1,0.82,1.08,mar,1.08,1.23,ko,,,,,,
P01_L1_69a,P01,1,69,a,present,mezcla,0.92,1.32,2,0,0.92,1.15,meθ,1.15,1.32,kla,,,,,,
P01_L1_69b,P01,1,69,b,past,mezcló,0.81,1.23,2,1,0.81,1.05,meθ,1.05,1.23,klo,,,,,,
P01_L1_70a,P01,1,70,a,present,sopla,0.87,1.24,2,0,0.87,1.1,so,1.1,1.24,pla,,,,,,
P01_L1_70b,P01,1,70,b,past,sopló,0.71,1.18,2,1,0.71,0.98,so,0.98,1.18,plo,,,,,,
P01_L1_71a,P01,1,71,a,present,culpa,1.23,1.67,2,0,1.23,1.44,kul,1.44,1.67,pa,,,,,,
P01_L1_71b,P01,1,71,b,past,culpó,0.9,1.39,2,1,0.9,1.13,kul,1.13,1.39,po,,,,,,
P01_L1_72a,P01,1,72,a,present,mancha,0.94,1.35,2,0,0.94,1.22,man,1.22,1.35,tʃa,,,,,,
P01_L1_72b,P01,1,72,b,past,manchó,0.78,1.34,2,1,0.78,1.06,man,1.06,1.34,tʃo,,,,,,
P01_L1_73a,P01,1,73,a,present,gasta,0.94,1.29,2,0,0.94,1.2,ɡas,1.2,1.29,t̪a,,,,,,
P01_L1_73b,P01,1,73,b,past,gastó,0.69,1.13,2,1,0.69,0.98,ɡas,0.98,1.13,t̪o,,,,,,
P01_L1_74a,P01,1,74,a,present,salta,0.68,1.07,2,0,0.68,0.95,sal,0.95,1.07,t̪a,,,,,,
P01_L1_74b,P01,1,74,b,past,saltó,0.89,1.34,2,1,0.89,1.2,sal,1.2,1.34,t̪o,,,,,,
P01_L1_75a,P01,1,75,a,present,corta,1.2,1.54,2,0,1.2,1.4,kor,1.4,1.54,t̪a,,,,,,
P01_L1_75b,P01,1,75,b,past,cortó,0.9,1.35,2,1,0.9,1.11,kor,1.11,1.35,t̪o,,,,,,
P01_L1_76a,P01,1,76,a,present,busca,0.62,0.95,2,0,0.62,0.84,bus,0.84,0.95,ka,,,,,,
P01_L1_76b,P01,1,76,b,past,buscó,0.75,1.11,2,1,0.75,0.98,bus,0.98,1.11,ko,,,,,,
P01_L1_77a,P01,1,77,a,present,limpia,0.58,0.87,2,0,0.58,0.77,lim,0.77,0.87,pja,,,,,,
P01_L1_77b,P01,1,77,b,past,limpió,0.69,1.19,2,1,0.69,0.92,lim,0.92,1.19,pjo,,,,,,
P01_L1_78a,P01,1,78,a,present,planta,0.81,1.11,2,0,0.81,1.04,plan,1.04,1.11,t̪a,,,,,,
P01_L1_78b,P01,1,78,b,past,plantó,0.68,1.18,2,1,0.68,1.02,plan,1.02,1.18,t̪o,,,,,,
P01_L1_79a,P01,1,79,a,present,filtra,0.69,1.09,2,0,0.69,0.98,filt̪,0.98,1.09,ɾa,,,,,,
P01_L1_79b,P01,1,79,b,past,filtró,0.86,1.36,2,1,0.86,1.26,filt̪,1.26,1.36,ɾo,,,,,,
P01_L1_80a,P01,1,80,a,present,monta,0.55,0.87,2,0,0.55,0.76,mon,0.76,0.87,t̪a,,,,,,
P01_L1_80b,P01,1,80,b,past,montó,0.5,0.99,2,1,0.5,0.74,mon,0.74,0.99,t̪o,,,,,,
P01_L1_81a,P01,1,81,a,present,canta,0.66,0.93,2,0,0.66,0.85,kan,0.85,0.93,t̪a,,,,,,
P01_L1_81b,P01,1,81,b,past,cantó,0.69,1.05,2,1,0.69,0.94,kan,0.94,1.05,t̪o,,,,,,
P01_L1_82a,P01,1,82,a,present,junta,0.58,0.93,2,0,0.58,0.82,xun,0.82,0.93,t̪a,,,,,,
P01_L1_82b,P01,1,82,b,past,juntó,0.53,0.88,2,1,0.53,0.74,xun,0.74,0.88,t̪o,,,,,,
P01_L1_83a,P01,1,83,a,present,marca,0.65,0.97,2,0,0.65,0.88,mar,0.88,0.97,ka,,,,,,
P01_L1_83b,P01,1,83,b,past,marcó,0.6,1.03,2,1,0.6,0.87,mar,0.87,1.03,ko,,,,,,
P01_L1_84a,P01,1,84,a,present,mezcla,0.58,0.99,2,0,0.58,0.81,meθ,0.81,0.99,kla,,,,,,
P01_L1_84b,P01,1,84,b,past,mezcló,0.63,0.99,2,1,0.63,0.85,meθ,0.85,0.99,klo,,,,,,
P01_L1_85a,P01,1,85,a,present,sopla,1.28,1.8,2,0,1.28,1.57,so,1.57,1.8,pla,,,,,,
P01_L1_85b,P01,1,85,b,past,sopló,0.85,1.38,2,1,0.85,1.14,so,1.14,1.38,plo,,,,,,
P01_L1_86a,P01,1,86,a,present,culpa,0.62,1.04,2,0,0.62,0.87,kul,0.87,1.04,pa,,,,,,
P01_L1_86b,P01,1,86,b,past,culpó,0.72,1.12,2,1,0.72,0.91,kul,0.91,1.12,po,,,,,,
P01_L1_87a,P01,1,87,a,present,mancha,0.68,1.06,2,0,0.68,0.9,man,0.9,1.06,tʃa,,,,,,
P01_L1_87b,P01,1,87,b,past,manchó,0.64,1.09,2,1,0.64,0.89,man,0.89,1.09,tʃo,,,,,,
P01_L1_88a,P01,1,88,a,present,gasta,0.73,1.05,2,0,0.73,0.97,ɡas,0.97,1.05,t̪a,,,,,,
P01_L1_88b,P01,1,88,b,past,gastó,0.65,1.28,2,1,0.65,0.97,ɡas,0.97,1.28,t̪o,,,,,,
P01_L1_89a,P01,1,89,a,present,salta,0.72,1.14,2,0,0.72,1.04,sal,1.04,1.14,t̪a,,,,,,
P01_L1_89b,P01,1,89,b,past,saltó,0.55,0.94,2,1,0.55,0.8,sal,0.8,0.94,t̪o,,,,,,
P01_L1_90a,P01,1,90,a,present,corta,1.06,1.4,2,0,1.06,1.28,kor,1.28,1.4,t̪a,,,,,,
P01_L1_90b,P01,1,90,b,past,cortó,0.84,1.33,2,1,0.84,1.11,kor,1.11,1.33,t̪o,,,,,,
P01_L2_01a,P01,2,1,a,present,busca,0.66,0.99,2,0,0.66,0.85,bus,0.85,0.99,ka,,,,,,
P01_L2_01b,P01,2,1,b,past,buscó,0.69,1.04,2,1,0.69,0.89,bus,0.89,1.04,ko,,,,,,
P01_L2_02a,P01,2,2,a,present,limpia,0.58,0.91,2,0,0.58,0.78,lim,0.78,0.91,pja,,,,,,
P01_L2_02b,P01,2,2,b,past,limpió,0.66,1.07,2,1,0.66,0.87,lim,0.87,1.07,pjo,,,,,,
P01_L2_03a,P01,2,3,a,present,planta,0.57,0.9,2,0,0.57,0.81,plan,0.81,0.9,t̪a,,,,,,
P01_L2_03b,P01,2,3,b,past,plantó,0.59,0.93,2,1,0.59,0.82,plan,0.82,0.93,t̪o,,,,,,
P01_L2_04a,P01,2,4,a,present,filtra,0.68,1.19,2,0,0.68,1.04,filt̪,1.04,1.19,ɾa,,,,,,
P01_L2_04b,P01,2,4,b,past,filtró,0.74,1.27,2,1,0.74,1.12,filt̪,1.12,1.27,ɾo,,,,,,
P01_L2_05a,P01,2,5,a,present,monta,0.83,1.18,2,0,0.83,1.1,mon,1.1,1.18,t̪a,,,,,,
P01_L2_05b,P01,2,5,b,past,montó,0.64,1.01,2,1,0.64,0.9,mon,0.9,1.01,t̪o,,,,,,
P01_L2_06a,P01,2,6,a,present,canta,0.59,0.95,2,0,0.59,0.85,kan,0.85,0.95,t̪a,,,,,,
P01_L2_06b,P01,2,6,b,past,cantó,0.67,1.02,2,1,0.67,0.92,kan,0.92,1.02,t̪o,,,,,,
P01_L2_07a,P01,2,7,a,present,junta,0.57,0.98,2,0,0.57,0.87,xun,0.87,0.98,t̪a,,,,,,
P01_L2_07b,P01,2,7,b,past,juntó,0.74,1.14,2,1,0.74,1.02,xun,1.02,1.14,t̪o,,,,,,
P01_L2_08a,P01,2,8,a,present,marca,0.55,0.91,2,0,0.55,0.79,mar,0.79,0.91,ka,,,,,,
P01_L2_08b,P01,2,8,b,past,marcó,0.7,1.04,2,1,0.7,0.93,mar,0.93,1.04,ko,,,,,,
P01_L2_09a,P01,2,9,a,present,mezcla,0.71,1.19,2,0,0.71,1.0,meθ,1.0,1.19,kla,,,,,,
P01_L2_09b,P01,2,9,b,past,mezcló,0.65,1.04,2,1,0.65,0.86,meθ,0.86,1.04,klo,,,,,,
P01_L2_10a,P01,2,10,a,present,sopla,0.78,1.17,2,0,0.78,1.02,so,1.02,1.17,pla,,,,,,
P01_L2_10b,P01,2,10,b,past,sopló,1.32,1.76,2,1,1.32,1.61,so,1.61,1.76,plo,,,,,,
P01_L2_11a,P01,2,11,a,present,culpa,0.81,1.15,2,0,0.81,0.99,kul,0.99,1.15,pa,,,,,,
P01_L2_11b,P01,2,11,b,past,culpó,0.82,1.22,2,1,0.82,0.99,kul,0.99,1.22,po,,,,,,
P01_L2_12a,P01,2,12,a,present,mancha,0.64,0.98,2,0,0.64,0.84,man,0.84,0.98,tʃa,,,,,,
P01_L2_12b,P01,2,12,b,past,manchó,0.67,1.04,2,1,0.67,0.87,man,0.87,1.04,tʃo,,,,,,
P01_L2_13a,P01,2,13,a,present,gasta,0.62,1.02,2,0,0.62,0.91,ɡas,0.91,1.02,t̪a,,,,,,
P01_L2_13b,P01,2,13,b,past,gastó,0.68,0.97,2,1,0.68,0.89,ɡas,0.89,0.97,t̪o,,,,,,
P01_L2_14a,P01,2,14,a,present,salta,0.64,1.07,2,0,0.64,0.91,sal,0.91,1.07,t̪a,,,,,,
P01_L2_14b,P01,2,14,b,past,saltó,0.78,1.24,2,1,0.78,1.07,sal,1.07,1.24,t̪o,,,,,,
P01_L2_15a,P01,2,15,a,present,corta,0.73,1.03,2,0,0.73,0.95,kor,0.95,1.03,t̪a,,,,,,
P01_L2_15b,P01,2,15,b,past,cortó,0.65,0.94,2,1,0.65,0.83,kor,0.83,0.94,t̪o,,,,,,
P01_L2_16a,P01,2,16,a,present,busca,0.53,0.95,2,0,0.53,0.76,bus,0.76,0.95,ka,,,,,,
P01_L2_16b,P01,2,16,b,past,buscó,0.79,1.1,2,1,0.79,0.98,bus,0.98,1.1,ko,,,,,,
P01_L2_17a,P01,2,17,a,present,limpia,0.53,0.88,2,0,0.53,0.75,lim,0.75,0.88,pja,,,,,,
P01_L2_17b,P01,2,17,b,past,limpió,0.58,0.93,2,1,0.58,0.77,lim,0.77,0.93,pjo,,,,,,
P01_L2_18a,P01,2,18,a,present,planta,0.62,0.98,2,0,0.62,0.88,plan,0.88,0.98,t̪a,,,,,,
P01_L2_18b,P01,2,18,b,past,plantó,0.5,0.89,2,1,0.5,0.78,plan,0.78,0.89,t̪o,,,,,,
P01_L2_19a,P01,2,19,a,present,filtra,0.67,1.22,2,0,0.67,1.09,filt̪,1.09,1.22,ɾa,,,,,,
P01_L2_19b,P01,2,19,b,past,filtró,0.87,1.28,2,1,0.87,1.18,filt̪,1.18,1.28,ɾo,,,,,,
P01_L2_20a,P01,2,20,a,present,monta,0.54,0.89,2,0,0.54,0.78,mon,0.78,0.89,t̪a,,,,,,
P01_L2_20b,P01,2,20,b,past,montó,1.43,1.81,2,1,1.43,1.69,mon,1.69,1.81,t̪o,,,,,,
P01_L2_21a,P01,2,21,a,present,canta,0.6,0.9,2,0,0.6,0.81,kan,0.81,0.9,t̪a,,,,,,
P01_L2_21b,P01,2,21,b,past,cantó,0.71,1.07,2,1,0.71,0.96,kan,0.96,1.07,t̪o,,,,,,
P01_L2_22a,P01,2,22,a,present,junta,0.58,1.0,2,0,0.58,0.89,xun,0.89,1.0,t̪a,,,,,,
P01_L2_22b,P01,2,22,b,past,juntó,0.77,1.15,2,1,0.77,1.04,xun,1.04,1.15,t̪o,,,,,,
P01_L2_23a,P01,2,23,a,present,marca,0.62,0.93,2,0,0.62,0.85,mar,0.85,0.93,ka,,,,,,
P01_L2_23b,P01,2,23,b,past,marcó,0.86,1.23,2,1,0.86,1.11,mar,1.11,1.23,ko,,,,,,
P01_L2_24a,P01,2,24,a,present,mezcla,0.48,0.88,2,0,0.48,0.71,meθ,0.71,0.88,kla,,,,,,
P01_L2_24b,P01,2,24,b,past,mezcló,0.51,0.89,2,1,0.51,0.72,meθ,0.72,0.89,klo,,,,,,
P01_L2_25a,P01,2,25,a,present,sopla,0.51,0.91,2,0,0.51,0.79,so,0.79,0.91,pla,,,,,,
P01_L2_25b,P01,2,25,b,past,sopló,0.65,1.03,2,1,0.65,0.9,so,0.9,1.03,plo,,,,,,
P01_L2_26a,P01,2,26,a,present,culpa,0.65,0.95,2,0,0.65,0.83,kul,0.83,0.95,pa,,,,,,
P01_L2_26b,P01,2,26,b,past,culpó,0.62,0.95,2,1,0.62,0.81,kul,0.81,0.95,po,,,,,,
P01_L2_27a,P01,2,27,a,present,mancha,0.55,0.87,2,0,0.55,0.76,man,0.76,0.87,tʃa,,,,,,
P01_L2_27b,P01,2,27,b,past,manchó,0.67,1.01,2,1,0.67,0.88,man,0.88,1.01,tʃo,,,,,,
P01_L2_28a,P01,2,28,a,present,gasta,0.66,0.98,2,0,0.66,0.88,ɡas,0.88,0.98,t̪a,,,,,,
P01_L2_28b,P01,2,28,b,past,gastó,0.69,1.02,2,1,0.69,0.91,ɡas,0.91,1.02,t̪o,,,,,,
P01_L2_29a,P01,2,29,a,present,salta,0.74,1.08,2,0,0.74,1.01,sal,1.01,1.08,t̪a,,,,,,
P01_L2_29b,P01,2,29,b,past,saltó,0.74,1.17,2,1,0.74,1.01,sal,1.01,1.17,t̪o,,,,,,
P01_L2_30a,P01,2,30,a,present,corta,0.87,1.28,2,0,0.87,1.17,kor,1.17,1.28,t̪a,,,,,,
P01_L2_30b,P01,2,30,b,past,cortó,0.66,0.94,2,1,0.66,0.81,kor,0.81,0.94,t̪o,,,,,,
P01_L2_31a,P01,2,31,a,present,busca,0.8,1.14,2,0,0.8,1.02,bus,1.02,1.14,ka,,,,,,
P01_L2_31b,P01,2,31,b,past,buscó,0.66,1.0,2,1,0.66,0.85,bus,0.85,1.0,ko,,,,,,
P01_L2_32a,P01,2,32,a,present,limpia,0.61,0.99,2,0,0.61,0.85,lim,0.85,0.99,pja,,,,,,
P01_L2_32b,P01,2,32,b,past,limpió,0.86,1.19,2,1,0.86,1.04,lim,1.04,1.19,pjo,,,,,,
P01_L2_33a,P01,2,33,a,present,planta,0.9,1.27,2,0,0.9,1.19,plan,1.19,1.27,t̪a,,,,,,
P01_L2_33b,P01,2,33,b,past,plantó,0.7,0.99,2,1,0.7,0.9,plan,0.9,0.99,t̪o,,,,,,
P01_L2_34a,P01,2,34,a,present,filtra,0.83,1.33,2,0,0.83,1.22,filt̪,1.22,1.33,ɾa,,,,,,
P01_L2_34b,P01,2,34,b,past,filtró,0.94,1.55,2,1,0.94,1.29,filt̪,1.29,1.55,ɾo,,,,,,
P01_L2_35a,P01,2,35,a,present,monta,0.82,1.2,2,0,0.82,1.09,mon,1.09,1.2,t̪a,,,,,,
P01_L2_35b,P01,2,35,b,past,montó,0.94,1.23,2,1,0.94,1.13,mon,1.13,1.23,t̪o,,,,,,
P01_L2_36a,P01,2,36,a,present,canta,0.82,1.21,2,0,0.82,1.1,kan,1.1,1.21,t̪a,,,,,,
P01_L2_36b,P01,2,36,b,past,cantó,0.9,1.47,2,1,0.9,1.18,kan,1.18,1.47,t̪o,,,,,,
P01_L2_37a,P01,2,37,a,present,junta,0.7,1.18,2,0,0.7,1.04,xun,1.04,1.18,t̪a,,,,,,
P01_L2_37b,P01,2,37,b,past,juntó,0.68,1.37,2,1,0.68,1.0,xun,1.0,1.37,t̪o,,,,,,
P01_L2_38a,P01,2,38,a,present,marca,0.68,1.26,2,0,0.68,1.02,mar,1.02,1.26,ka,,,,,,
P01_L2_38b,P01,2,38,b,past,marcó,1.05,1.68,2,1,1.05,1.35,mar,1.35,1.68,ko,,,,,,
P01_L2_39a,P01,2,39,a,present,mezcla,0.73,1.15,2,0,0.73,0.99,meθ,0.99,1.15,kla,,,,,,
P01_L2_39b,P01,2,39,b,past,mezcló,0.81,1.19,2,1,0.81,1.03,meθ,1.03,1.19,klo,,,,,,
P01_L2_40a,P01,2,40,a,present,sopla,0.72,1.14,2,0,0.72,1.0,so,1.0,1.14,pla,,,,,,
P01_L2_40b,P01,2,40,b,past,sopló,0.71,1.17,2,1,0.71,0.97,so,0.97,1.17,plo,,,,,,
P01_L2_41a,P01,2,41,a,present,culpa,0.73,1.31,2,0,0.73,1.05,kul,1.05,1.31,pa,,,,,,
P01_L2_41b,P01,2,41,b,past,culpó,1.1,1.45,2,1,1.1,1.29,kul,1.29,1.45,po,,,,,,
P01_L2_42a,P01,2,42,a,present,mancha,0.65,1.07,2,0,0.65,0.92,man,0.92,1.07,tʃa,,,,,,
P01_L2_42b,P01,2,42,b,past,manchó,0.84,1.17,2,1,0.84,1.03,man,1.03,1.17,tʃo,,,,,,
P01_L2_43a,P01,2,43,a,present,gasta,0.72,1.11,2,0,0.72,1.03,ɡas,1.03,1.11,t̪a,,,,,,
P01_L2_43b,P01,2,43,b,past,gastó,0.87,1.25,2,1,0.87,1.12,ɡas,1.12,1.25,t̪o,,,,,,
P01_L2_44a,P01,2,44,a,present,salta,0.96,1.41,2,0,0.96,1.3,sal,1.3,1.41,t̪a,,,,,,
P01_L2_44b,P01,2,44,b,past,saltó,0.73,1.08,2,1,0.73,0.98,sal,0.98,1.08,t̪o,,,,,,
P01_L2_45a,P01,2,45,a,present,corta,0.81,1.18,2,0,0.81,1.05,kor,1.05,1.18,t̪a,,,,,,
P01_L2_45b,P01,2,45,b,past,cortó,1.2,1.55,2,1,1.2,1.44,kor,1.44,1.55,t̪o,,,,,,
P01_L2_46a,P01,2,46,a,present,busca,0.72,1.14,2,0,0.72,1.0,bus,1.0,1.14,ka,,,,,,
P01_L2_46b,P01,2,46,b,past,buscó,0.67,1.01,2,1,0.67,0.87,bus,0.87,1.01,ko,,,,,,
P01_L2_47a,P01,2,47,a,present,limpia,0.6,0.96,2,0,0.6,0.81,lim,0.81,0.96,pja,,,,,,
P01_L2_47b,P01,2,47,b,past,limpió,0.86,1.2,2,1,0.86,1.04,lim,1.04,1.2,pjo,,,,,,
P01_L2_48a,P01,2,48,a,present,planta,0.6,0.97,2,0,0.6,0.86,plan,0.86,0.97,t̪a,,,,,,
P01_L2_48b,P01,2,48,b,past,plantó,0.67,1.01,2,1,0.67,0.91,plan,0.91,1.01,t̪o,,,,,,
P01_L2_49a,P01,2,49,a,present,filtra,0.65,1.08,2,0,0.65,0.99,filt̪,0.99,1.08,ɾa,,,,,,
P01_L2_49b,P01,2,49,b,past,filtró,0.92,1.39,2,1,0.92,1.3,filt̪,1.3,1.39,ɾo,,,,,,
P01_L2_50a,P01,2,50,a,present,monta,0.77,1.21,2,0,0.77,1.08,mon,1.08,1.21,t̪a,,,,,,
P01_L2_50b,P01,2,50,b,past,montó,0.78,1.11,2,1,0.78,1.01,mon,1.01,1.11,t̪o,,,,,,
P01_L2_51a,P01,2,51,a,present,canta,0.68,1.09,2,0,0.68,0.97,kan,0.97,1.09,t̪a,,,,,,
P01_L2_51b,P01,2,51,b,past,cantó,0.61,0.96,2,1,0.61,0.84,kan,0.84,0.96,t̪o,,,,,,
P01_L2_52a,P01,2,52,a,present,junta,1.14,1.53,2,0,1.14,1.44,xun,1.44,1.53,t̪a,,,,,,
P01_L2_52b,P01,2,52,b,past,juntó,0.72,1.11,2,1,0.72,0.99,xun,0.99,1.11,t̪o,,,,,,
P01_L2_53a,P01,2,53,a,present,marca,0.63,1.13,2,0,0.63,0.99,mar,0.99,1.13,ka,,,,,,
P01_L2_53b,P01,2,53,b,past,marcó,0.97,1.5,2,1,0.97,1.33,mar,1.33,1.5,ko,,,,,,
P01_L2_54a,P01,2,54,a,present,mezcla,0.59,1.02,2,0,0.59,0.83,meθ,0.83,1.02,kla,,,,,,
P01_L2_54b,P01,2,54,b,past,mezcló,0.63,1.21,2,1,0.63,0.86,meθ,0.86,1.21,klo,,,,,,
P01_L2_55a,P01,2,55,a,present,sopla,0.71,1.1,2,0,0.71,0.97,so,0.97,1.1,pla,,,,,,
P01_L2_55b,P01,2,55,b,past,sopló,0.88,1.27,2,1,0.88,1.13,so,1.13,1.27,plo,,,,,,
P01_L2_56a,P01,2,56,a,present,culpa,0.8,1.2,2,0,0.8,1.0,kul,1.0,1.2,pa,,,,,,
P01_L2_56b,P01,2,56,b,past,culpó,0.84,1.19,2,1,0.84,1.02,kul,1.02,1.19,po,,,,,,
P01_L2_57a,P01,2,57,a,present,mancha,0.59,1.05,2,0,0.59,0.9,man,0.9,1.05,tʃa,,,,,,
P01_L2_57b,P01,2,57,b,past,manchó,0.56,0.94,2,1,0.56,0.77,man,0.77,0.94,tʃo,,,,,,
P01_L2_58a,P01,2,58,a,present,gasta,0.68,1.09,2,0,0.68,0.99,ɡas,0.99,1.09,t̪a,,,,,,
P01_L2_58b,P01,2,58,b,past,gastó,0.82,1.14,2,1,0.82,1.04,ɡas,1.04,1.14,t̪o,,,,,,
P01_L2_59a,P01,2,59,a,present,salta,0.53,0.98,2,0,0.53,0.88,sal,0.88,0.98,t̪a,,,,,,
P01_L2_59b,P01,2,59,b,past,saltó,0.65,1.03,2,1,0.65,0.94,sal,0.94,1.03,t̪o,,,,,,
P01_L2_60a,P01,2,60,a,present,corta,0.73,1.09,2,0,0.73,0.93,kor,0.93,1.09,t̪a,,,,,,
P01_L2_60b,P01,2,60,b,past,cortó,0.72,1.02,2,1,0.72,0.93,kor,0.93,1.02,t̪o,,,,,,
P01_L2_61a,P01,2,61,a,present,busca,0.84,1.19,2,0,0.84,1.04,bus,1.04,1.19,ka,,,,,,
P01_L2_61b,P01,2,61,b,past,buscó,0.51,0.83,2,1,0.51,0.69,bus,0.69,0.83,ko,,,,,,
P01_L2_62a,P01,2,62,a,present,limpia,0.56,0.98,2,0,0.56,0.83,lim,0.83,0.98,pja,,,,,,
P01_L2_62b,P01,2,62,b,past,limpió,0.74,1.12,2,1,0.74,0.93,lim,0.93,1.12,pjo,,,,,,
P01_L2_63a,P01,2,63,a,present,planta,0.75,1.06,2,0,0.75,0.98,plan,0.98,1.06,t̪a,,,,,,
P01_L2_63b,P01,2,63,b,past,plantó,0.97,1.31,2,1,0.97,1.22,plan,1.22,1.31,t̪o,,,,,,
P01_L2_64a,P01,2,64,a,present,filtra,0.85,1.36,2,0,0.85,1.22,filt̪,1.22,1.36,ɾa,,,,,,
P01_L2_64b,P01,2,64,b,past,filtró,0.84,1.29,2,1,0.84,1.2,filt̪,1.2,1.29,ɾo,,,,,,
P01_L2_65a,P01,2,65,a,present,monta,0.82,1.23,2,0,0.82,1.16,mon,1.16,1.23,t̪a,,,,,,
P01_L2_65b,P01,2,65,b,past,montó,1.04,1.32,2,1,1.04,1.24,mon,1.24,1.32,t̪o,,,,,,
P01_L2_66a,P01,2,66,a,present,canta,0.68,1.09,2,0,0.68,0.96,kan,0.96,1.09,t̪a,,,,,,
P01_L2_66b,P01,2,66,b,past,cantó,0.58,0.91,2,1,0.58,0.81,kan,0.81,0.91,t̪o,,,,,,
P01_L2_67a,P01,2,67,a,present,junta,0.74,1.19,2,0,0.74,1.11,xun,1.11,1.19,t̪a,,,,,,
P01_L2_67b,P01,2,67,b,past,juntó,0.71,1.05,2,1,0.71,0.95,xun,0.95,1.05,t̪o,,,,,,
P01_L2_68a,P01,2,68,a,present,marca,0.77,1.15,2,0,0.77,1.04,mar,1.04,1.15,ka,,,,,,
P01_L2_68b,P01,2,68,b,past,marcó,0.9,1.31,2,1,0.9,1.18,mar,1.18,1.31,ko,,,,,,
P01_L2_69a,P01,2,69,a,present,mezcla,0.68,1.06,2,0,0.68,0.9,meθ,0.9,1.06,kla,,,,,,
P01_L2_69b,P01,2,69,b,past,mezcló,0.71,1.07,2,1,0.71,0.9,meθ,0.9,1.07,klo,,,,,,
P01_L2_70a,P01,2,70,a,present,sopla,0.62,1.05,2,0,0.62,0.91,so,0.91,1.05,pla,,,,,,
P01_L2_70b,P01,2,70,b,past,sopló,0.69,1.07,2,1,0.69,0.91,so,0.91,1.07,plo,,,,,,
P01_L2_71a,P01,2,71,a,present,culpa,0.98,1.42,2,0,0.98,1.3,kul,1.3,1.42,pa,,,,,,
P01_L2_71b,P01,2,71,b,past,culpó,1.1,1.53,2,1,1.1,1.34,kul,1.34,1.53,po,,,,,,
P01_L2_72a,P01,2,72,a,present,mancha,0.71,1.12,2,0,0.71,0.98,man,0.98,1.12,tʃa,,,,,,
P01_L2_72b,P01,2,72,b,past,manchó,0.63,0.97,2,1,0.63,0.83,man,0.83,0.97,tʃo,,,,,,
P01_L2_73a,P01,2,73,a,present,gasta,0.65,1.02,2,0,0.65,0.92,ɡas,0.92,1.02,t̪a,,,,,,
P01_L2_73b,P01,2,73,b,past,gastó,1.14,1.58,2,1,1.14,1.47,ɡas,1.47,1.58,t̪o,,,,,,
P01_L2_74a,P01,2,74,a,present,salta,0.76,1.2,2,0,0.76,1.08,sal,1.08,1.2,t̪a,,,,,,
P01_L2_74b,P01,2,74,b,past,saltó,0.87,1.27,2,1,0.87,1.15,sal,1.15,1.27,t̪o,,,,,,
P01_L2_75a,P01,2,75,a,present,corta,0.8,1.15,2,0,0.8,1.0,kor,1.0,1.15,t̪a,,,,,,
P01_L2_75b,P01,2,75,b,past,cortó,1.0,1.33,2,1,1.0,1.17,kor,1.17,1.33,t̪o,,,,,,
P01_L2_76a,P01,2,76,a,present,busca,0.85,1.21,2,0,0.85,1.09,bus,1.09,1.21,ka,,,,,,
P01_L2_76b,P01,2,76,b,past,buscó,0.78,1.09,2,1,0.78,0.98,bus,0.98,1.09,ko,,,,,,
P01_L2_77a,P01,2,77,a,present,limpia,0.68,1.04,2,0,0.68,0.91,lim,0.91,1.04,pja,,,,,,
P01_L2_77b,P01,2,77,b,past,limpió,0.83,1.17,2,1,0.83,1.01,lim,1.01,1.17,pjo,,,,,,
P01_L2_78a,P01,2,78,a,present,planta,0.7,1.0,2,0,0.7,0.92,plan,0.92,1.0,t̪a,,,,,,
P01_L2_78b,P01,2,78,b,past,plantó,0.85,1.15,2,1,0.85,1.06,plan,1.06,1.15,t̪o,,,,,,
P01_L2_79a,P01,2,79,a,present,filtra,0.67,1.12,2,0,0.67,1.03,filt̪,1.03,1.12,ɾa,,,,,,
P01_L2_79b,P01,2,79,b,past,filtró,1.01,1.44,2,1,1.01,1.33,filt̪,1.33,1.44,ɾo,,,,,,
P01_L2_80a,P01,2,80,a,present,monta,0.54,0.92,2,0,0.54,0.83,mon,0.83,0.92,t̪a,,,,,,
P01_L2_80b,P01,2,80,b,past,montó,0.79,1.12,2,1,0.79,1.01,mon,1.01,1.12,t̪o,,,,,,
P01_L2_81a,P01,2,81,a,present,canta,0.74,1.06,2,0,0.74,0.98,kan,0.98,1.06,t̪a,,,,,,
P01_L2_81b,P01,2,81,b,past,cantó,0.83,1.12,2,1,0.83,1.02,kan,1.02,1.12,t̪o,,,,,,
P01_L2_82a,P01,2,82,a,present,junta,1.12,1.55,2,0,1.12,1.43,xun,1.43,1.55,t̪a,,,,,,
P01_L2_82b,P01,2,82,b,past,juntó,0.7,1.08,2,1,0.7,0.95,xun,0.95,1.08,t̪o,,,,,,
P01_L2_83a,P01,2,83,a,present,marca,0.51,0.83,2,0,0.51,0.74,mar,0.74,0.83,ka,,,,,,
P01_L2_83b,P01,2,83,b,past,marcó,0.65,0.97,2,1,0.65,0.88,mar,0.88,0.97,ko,,,,,,
P01_L2_84a,P01,2,84,a,present,mezcla,0.81,1.32,2,0,0.81,1.09,meθ,1.09,1.32,kla,,,,,,
P01_L2_84b,P01,2,84,b,past,mezcló,0.61,0.97,2,1,0.61,0.83,meθ,0.83,0.97,klo,,,,,,
P01_L2_85a,P01,2,85,a,present,sopla,0.62,1.05,2,0,0.62,0.93,so,0.93,1.05,pla,,,,,,
P01_L2_85b,P01,2,85,b,past,sopló,0.69,1.19,2,1,0.69,1.0,so,1.0,1.19,plo,,,,,,
P01_L2_86a,P01,2,86,a,present,culpa,0.9,1.24,2,0,0.9,1.14,kul,1.14,1.24,pa,,,,,,
P01_L2_86b,P01,2,86,b,past,culpó,0.91,1.29,2,1,0.91,1.11,kul,1.11,1.29,po,,,,,,
P01_L2_87a,P01,2,87,a,present,mancha,0.91,1.29,2,0,0.91,1.13,man,1.13,1.29,tʃa,,,,,,
P01_L2_87b,P01,2,87,b,past,manchó,0.81,1.2,2,1,0.81,1.02,man,1.02,1.2,tʃo,,,,,,
P01_L2_88a,P01,2,88,a,present,gasta,0.72,1.06,2,0,0.72,0.96,ɡas,0.96,1.06,t̪a,,,,,,
P01_L2_88b,P01,2,88,b,past,gastó,0.68,1.01,2,1,0.68,0.92,ɡas,0.92,1.01,t̪o,,,,,,
P01_L2_89a,P01,2,89,a,present,salta,1.15,1.57,2,0,1.15,1.48,sal,1.48,1.57,t̪a,,,,,,
P01_L2_89b,P01,2,89,b,past,saltó,0.63,1.0,2,1,0.63,0.91,sal,0.91,1.0,t̪o,,,,,,
P01_L2_90a,P01,2,90,a,present,corta,0.85,1.18,2,0,0.85,1.08,kor,1.08,1.18,t̪a,,,,,,
P01_L2_90b,P01,2,90,b,past,cortó,0.81,1.12,2,1,0.81,1.01,kor,1.01,1.12,t̪o,,,,,,
P02_L1_01a,P02,1,1,a,present,busca,0.6,0.89,2,0,0.6,0.78,bus,0.78,0.89,ka,,,,,,
P02_L1_01b,P02,1,1,b,past,buscó,0.64,0.96,2,1,0.64,0.81,bus,0.81,0.96,ko,,,,,,
P02_L1_02a,P02,1,2,a,present,limpia,0.55,0.88,2,0,0.55,0.77,lim,0.77,0.88,pja,,,,,,
P02_L1_02b,P02,1,2,b,past,limpió,0.61,0.93,2,1,0.61,0.78,lim,0.78,0.93,pjo,,,,,,
P02_L1_03a,P02,1,3,a,present,planta,0.66,0.95,2,0,0.66,0.86,plan,0.86,0.95,t̪a,,,,,,
P02_L1_03b,P02,1,3,b,past,plantó,0.6,1.03,2,1,0.6,0.83,plan,0.83,1.03,t̪o,,,,,,
P02_L1_04a,P02,1,4,a,present,filtra,0.62,1.02,2,0,0.62,0.92,filt̪,0.92,1.02,ɾa,,,,,,
P02_L1_04b,P02,1,4,b,past,filtró,0.62,1.09,2,1,0.62,0.94,filt̪,0.94,1.09,ɾo,,,,,,
P02_L1_05a,P02,1,5,a,present,monta,0.51,0.82,2,0,0.51,0.72,mon,0.72,0.82,t̪a,,,,,,
P02_L1_05b,P02,1,5,b,past,montó,0.55,0.94,2,1,0.55,0.77,mon,0.77,0.94,t̪o,,,,,,
P02_L1_06a,P02,1,6,a,present,canta,0.41,0.71,2,0,0.41,0.61,kan,0.61,0.71,t̪a,,,,,,
P02_L1_06b,P02,1,6,b,past,cantó,0.4,0.72,2,1,0.4,0.61,kan,0.61,0.72,t̪o,,,,,,
P02_L1_07a,P02,1,7,a,present,junta,0.55,0.89,2,0,0.55,0.79,xun,0.79,0.89,t̪a,,,,,,
P02_L1_07b,P02,1,7,b,past,juntó,0.45,0.82,2,1,0.45,0.68,xun,0.68,0.82,t̪o,,,,,,
P02_L1_08a,P02,1,8,a,present,marca,0.58,0.89,2,0,0.58,0.79,mar,0.79,0.89,ka,,,,,,
P02_L1_08b,P02,1,8,b,past,marcó,0.41,0.69,2,1,0.41,0.58,mar,0.58,0.69,ko,,,,,,
P02_L1_09a,P02,1,9,a,present,mezcla,0.55,0.92,2,0,0.55,0.73,meθ,0.73,0.92,kla,,,,,,
P02_L1_09b,P02,1,9,b,past,mezcló,0.45,0.9,2,1,0.45,0.65,meθ,0.65,0.9,klo,,,,,,
P02_L1_10a,P02,1,10,a,present,sopla,0.63,0.95,2,0,0.63,0.82,so,0.82,0.95,pla,,,,,,
P02_L1_10b,P02,1,10,b,past,sopló,0.58,0.96,2,1,0.58,0.76,so,0.76,0.96,plo,,,,,,
P02_L1_11a,P02,1,11,a,present,culpa,0.83,1.47,2,0,0.83,1.24,kul,1.24,1.47,pa,,,,,,
P02_L1_11b,P02,1,11,b,past,culpó,0.97,1.42,2,1,0.97,1.17,kul,1.17,1.42,po,,,,,,
P02_L1_12a,P02,1,12,a,present,mancha,1.18,1.55,2,0,1.18,1.42,man,1.42,1.55,tʃa,,,,,,
P02_L1_12b,P02,1,12,b,past,manchó,0.79,1.15,2,1,0.79,0.98,man,0.98,1.15,tʃo,,,,,,
P02_L1_13a,P02,1,13,a,present,gasta,0.8,1.08,2,0,0.8,0.99,ɡas,0.99,1.08,t̪a,,,,,,
P02_L1_13b,P02,1,13,b,past,gastó,0.52,0.82,2,1,0.52,0.7,ɡas,0.7,0.82,t̪o,,,,,,
P02_L1_14a,P02,1,14,a,present,salta,0.83,1.19,2,0,0.83,1.09,sal,1.09,1.19,t̪a,,,,,,
P02_L1_14b,P02,1,14,b,past,saltó,0.76,1.16,2,1,0.76,0.96,sal,0.96,1.16,t̪o,,,,,,
P02_L1_15a,P02,1,15,a,present,corta,0.91,1.23,2,0,0.91,1.15,kor,1.15,1.23,t̪a,,,,,,
P02_L1_15b,P02,1,15,b,past,cortó,1.28,1.56,2,1,1.28,1.46,kor,1.46,1.56,t̪o,,,,,,
P02_L1_16a,P02,1,16,a,present,busca,0.62,0.96,2,0,0.62,0.85,bus,0.85,0.96,ka,,,,,,
P02_L1_16b,P02,1,16,b,past,buscó,0.5,0.82,2,1,0.5,0.68,bus,0.68,0.82,ko,,,,,,
P02_L1_17a,P02,1,17,a,present,limpia,0.63,0.97,2,0,0.63,0.82,lim,0.82,0.97,pja,,,,,,
P02_L1_17b,P02,1,17,b,past,limpió,0.64,0.95,2,1,0.64,0.81,lim,0.81,0.95,pjo,,,,,,
P02_L1_18a,P02,1,18,a,present,planta,0.66,0.99,2,0,0.66,0.89,plan,0.89,0.99,t̪a,,,,,,
P02_L1_18b,P02,1,18,b,past,plantó,0.41,0.79,2,1,0.41,0.64,plan,0.64,0.79,t̪o,,,,,,
P02_L1_19a,P02,1,19,a,present,filtra,0.74,1.17,2,0,0.74,1.08,filt̪,1.08,1.17,ɾa,,,,,,
P02_L1_19b,P02,1,19,b,past,filtró,0.65,1.05,2,1,0.65,0.93,filt̪,0.93,1.05,ɾo,,,,,,
P02_L1_20a,P02,1,20,a,present,monta,0.34,0.63,2,0,0.34,0.51,mon,0.51,0.63,t̪a,,,,,,
P02_L1_20b,P02,1,20,b,past,montó,0.44,0.74,2,1,0.44,0.6,mon,0.6,0.74,t̪o,,,,,,
P02_L1_21a,P02,1,21,a,present,canta,0.69,1.03,2,0,0.69,0.95,kan,0.95,1.03,t̪a,,,,,,
P02_L1_21b,P02,1,21,b,past,cantó,0.58,0.89,2,1,0.58,0.76,kan,0.76,0.89,t̪o,,,,,,
P02_L1_22a,P02,1,22,a,present,junta,0.59,0.97,2,0,0.59,0.85,xun,0.85,0.97,t̪a,,,,,,
P02_L1_22b,P02,1,22,b,past,juntó,0.41,0.76,2,1,0.41,0.63,xun,0.63,0.76,t̪o,,,,,,
P02_L1_23a,P02,1,23,a,present,marca,0.54,0.83,2,0,0.54,0.75,mar,0.75,0.83,ka,,,,,,
P02_L1_23b,P02,1,23,b,past,marcó,0.48,0.81,2,1,0.48,0.7,mar,0.7,0.81,ko,,,,,,
P02_L1_24a,P02,1,24,a,present,mezcla,0.61,0.94,2,0,0.61,0.82,meθ,0.82,0.94,kla,,,,,,
P02_L1_24b,P02,1,24,b,past,mezcló,0.48,0.87,2,1,0.48,0.66,meθ,0.66,0.87,klo,,,,,,
P02_L1_25a,P02,1,25,a,present,sopla,0.62,0.91,2,0,0.62,0.78,so,0.78,0.91,pla,,,,,,
P02_L1_25b,P02,1,25,b,past,sopló,0.54,0.89,2,1,0.54,0.73,so,0.73,0.89,plo,,,,,,
P02_L1_26a,P02,1,26,a,present,culpa,0.64,0.88,2,0,0.64,0.78,kul,0.78,0.88,pa,,,,,,
P02_L1_26b,P02,1,26,b,past,culpó,0.5,0.93,2,1,0.5,0.72,kul,0.72,0.93,po,,,,,,
P02_L1_27a,P02,1,27,a,present,mancha,0.77,1.07,2,0,0.77,0.92,man,0.92,1.07,tʃa,,,,,,
P02_L1_27b,P02,1,27,b,past,manchó,0.61,0.95,2,1,0.61,0.79,man,0.79,0.95,tʃo,,,,,,
P02_L1_28a,P02,1,28,a,present,gasta,0.42,0.73,2,0,0.42,0.63,ɡas,0.63,0.73,t̪a,,,,,,
P02_L1_28b,P02,1,28,b,past,gastó,0.56,0.87,2,1,0.56,0.75,ɡas,0.75,0.87,t̪o,,,,,,
P02_L1_29a,P02,1,29,a,present,salta,0.81,1.15,2,0,0.81,1.05,sal,1.05,1.15,t̪a,,,,,,
P02_L1_29b,P02,1,29,b,past,saltó,0.65,0.96,2,1,0.65,0.85,sal,0.85,0.96,t̪o,,,,,,
P02_L1_30a,P02,1,30,a,present,corta,0.74,1.02,2,0,0.74,0.9,kor,0.9,1.02,t̪a,,,,,,
P02_L1_30b,P02,1,30,b,past,cortó,0.58,0.87,2,1,0.58,0.74,kor,0.74,0.87,t̪o,,,,,,
P02_L1_31a,P02,1,31,a,present,busca,0.61,0.87,2,0,0.61,0.77,bus,0.77,0.87,ka,,,,,,
P02_L1_31b,P02,1,31,b,past,buscó,0.6,0.98,2,1,0.6,0.78,bus,0.78,0.98,ko,,,,,,
P02_L1_32a,P02,1,32,a,present,limpia,0.8,1.1,2,0,0.8,0.97,lim,0.97,1.1,pja,,,,,,
P02_L1_32b,P02,1,32,b,past,limpió,0.67,1.04,2,1,0.67,0.83,lim,0.83,1.04,pjo,,,,,,
P02_L1_33a,P02,1,33,a,present,planta,1.29,1.67,2,0,1.29,1.57,plan,1.57,1.67,t̪a,,,,,,
P02_L1_33b,P02,1,33,b,past,plantó,0.82,1.17,2,1,0.82,1.05,plan,1.05,1.17,t̪o,,,,,,
P02_L1_34a,P02,1,34,a,present,filtra,0.78,1.17,2,0,0.78,1.1,filt̪,1.1,1.17,ɾa,,,,,,
P02_L1_34b,P02,1,34,b,past,filtró,0.71,1.08,2,1,0.71,0.98,filt̪,0.98,1.08,ɾo,,,,,,
P02_L1_35a,P02,1,35,a,present,monta,0.86,1.13,2,0,0.86,1.04,mon,1.04,1.13,t̪a,,,,,,
P02_L1_35b,P02,1,35,b,past,montó,0.81,1.17,2,1,0.81,1.01,mon,1.01,1.17,t̪o,,,,,,
P02_L1_36a,P02,1,36,a,present,canta,0.83,1.16,2,0,0.83,1.03,kan,1.03,1.16,t̪a,,,,,,
P02_L1_36b,P02,1,36,b,past,cantó,0.82,1.16,2,1,0.82,1.04,kan,1.04,1.16,t̪o,,,,,,
P02_L1_37a,P02,1,37,a,present,junta,0.62,0.96,2,0,0.62,0.85,xun,0.85,0.96,t̪a,,,,,,
P02_L1_37b,P02,1,37,b,past,juntó,0.84,1.25,2,1,0.84,1.09,xun,1.09,1.25,t̪o,,,,,,
P02_L1_38a,P02,1,38,a,present,marca,0.94,1.24,2,0,0.94,1.13,mar,1.13,1.24,ka,,,,,,
P02_L1_38b,P02,1,38,b,past,marcó,0.86,1.17,2,1,0.86,1.05,mar,1.05,1.17,ko,,,,,,
P02_L1_39a,P02,1,39,a,present,mezcla,1.03,1.32,2,0,1.03,1.21,meθ,1.21,1.32,kla,,,,,,
P02_L1_39b,P02,1,39,b,past,mezcló,0.74,1.12,2,1,0.74,0.92,meθ,0.92,1.12,klo,,,,,,
P02_L1_40a,P02,1,40,a,present,sopla,0.66,0.99,2,0,0.66,0.85,so,0.85,0.99,pla,,,,,,
P02_L1_40b,P02,1,40,b,past,sopló,0.51,0.84,2,1,0.51,0.68,so,0.68,0.84,plo,,,,,,
P02_L1_41a,P02,1,41,a,present,culpa,0.59,0.96,2,0,0.59,0.78,kul,0.78,0.96,pa,,,,,,
P02_L1_41b,P02,1,41,b,past,culpó,0.75,1.17,2,1,0.75,0.99,kul,0.99,1.17,po,,,,,,
P02_L1_42a,P02,1,42,a,present,mancha,0.58,0.86,2,0,0.58,0.71,man,0.71,0.86,tʃa,,,,,,
P02_L1_42b,P02,1,42,b,past,manchó,0.43,0.76,2,1,0.43,0.59,man,0.59,0.76,tʃo,,,,,,
P02_L1_43a,P02,1,43,a,present,gasta,0.59,0.9,2,0,0.59,0.81,ɡas,0.81,0.9,t̪a,,,,,,
P02_L1_43b,P02,1,43,b,past,gastó,0.71,0.98,2,1,0.71,0.88,ɡas,0.88,0.98,t̪o,,,,,,
P02_L1_44a,P02,1,44,a,present,salta,0.51,0.82,2,0,0.51,0.71,sal,0.71,0.82,t̪a,,,,,,
P02_L1_44b,P02,1,44,b,past,saltó,0.58,0.94,2,1,0.58,0.8,sal,0.8,0.94,t̪o,,,,,,
P02_L1_45a,P02,1,45,a,present,corta,0.65,0.98,2,0,0.65,0.85,kor,0.85,0.98,t̪a,,,,,,
P02_L1_45b,P02,1,45,b,past,cortó,0.57,0.87,2,1,0.57,0.77,kor,0.77,0.87,t̪o,,,,,,
P02_L1_46a,P02,1,46,a,present,busca,0.85,1.17,2,0,0.85,1.06,bus,1.06,1.17,ka,,,,,,
P02_L1_46b,P02,1,46,b,past,buscó,0.67,1.05,2,1,0.67,0.87,bus,0.87,1.05,ko,,,,,,
P02_L1_47a,P02,1,47,a,present,limpia,0.63,0.93,2,0,0.63,0.8,lim,0.8,0.93,pja,,,,,,
P02_L1_47b,P02,1,47,b,past,limpió,0.54,0.93,2,1,0.54,0.71,lim,0.71,0.93,pjo,,,,,,
P02_L1_48a,P02,1,48,a,present,planta,0.77,1.06,2,0,0.77,0.97,plan,0.97,1.06,t̪a,,,,,,
P02_L1_48b,P02,1,48,b,past,plantó,0.79,1.21,2,1,0.79,1.04,plan,1.04,1.21,t̪o,,,,,,
P02_L1_49a,P02,1,49,a,present,filtra,0.49,0.84,2,0,0.49,0.78,filt̪,0.78,0.84,ɾa,,,,,,
P02_L1_49b,P02,1,49,b,past,filtró,0.45,0.77,2,1,0.45,0.71,filt̪,0.71,0.77,ɾo,,,,,,
P02_L1_50a,P02,1,50,a,present,monta,0.57,0.86,2,0,0.57,0.74,mon,0.74,0.86,t̪a,,,,,,
P02_L1_50b,P02,1,50,b,past,montó,0.37,0.71,2,1,0.37,0.56,mon,0.56,0.71,t̪o,,,,,,
P02_L1_51a,P02,1,51,a,present,canta,1.02,1.36,2,0,1.02,1.24,kan,1.24,1.36,t̪a,,,,,,
P02_L1_51b,P02,1,51,b,past,cantó,0.51,0.81,2,1,0.51,0.67,kan,0.67,0.81,t̪o,,,,,,
P02_L1_52a,P02,1,52,a,present,junta,0.65,0.95,2,0,0.65,0.85,xun,0.85,0.95,t̪a,,,,,,
P02_L1_52b,P02,1,52,b,past,juntó,0.43,0.76,2,1,0.43,0.65,xun,0.65,0.76,t̪o,,,,,,
P02_L1_53a,P02,1,53,a,present,marca,0.43,0.7,2,0,0.43,0.6,mar,0.6,0.7,ka,,,,,,
P02_L1_53b,P02,1,53,b,past,marcó,0.47,0.75,2,1,0.47,0.65,mar,0.65,0.75,ko,,,,,,
P02_L1_54a,P02,1,54,a,present,mezcla,0.74,1.09,2,0,0.74,0.92,meθ,0.92,1.09,kla,,,,,,
P02_L1_54b,P02,1,54,b,past,mezcló,0.34,0.67,2,1,0.34,0.49,meθ,0.49,0.67,klo,,,,,,
P02_L1_55a,P02,1,55,a,present,sopla,0.7,0.97,2,0,0.7,0.86,so,0.86,0.97,pla,,,,,,
P02_L1_55b,P02,1,55,b,past,sopló,0.62,0.96,2,1,0.62,0.76,so,0.76,0.96,plo,,,,,,
P02_L1_56a,P02,1,56,a,present,culpa,0.74,1.04,2,0,0.74,0.92,kul,0.92,1.04,pa,,,,,,
P02_L1_56b,P02,1,56,b,past,culpó,0.57,0.94,2,1,0.57,0.74,kul,0.74,0.94,po,,,,,,
P02_L1_57a,P02,1,57,a,present,mancha,0.76,1.04,2,0,0.76,0.9,man,0.9,1.04,tʃa,,,,,,
P02_L1_57b,P02,1,57,b,past,manchó,0.55,0.87,2,1,0.55,0.69,man,0.69,0.87,tʃo,,,,,,
P02_L1_58a,P02,1,58,a,present,gasta,0.53,0.82,2,0,0.53,0.73,ɡas,0.73,0.82,t̪a,,,,,,
P02_L1_58b,P02,1,58,b,past,gastó,0.57,0.94,2,1,0.57,0.8,ɡas,0.8,0.94,t̪o,,,,,,
P02_L1_59a,P02,1,59,a,present,salta,0.5,0.82,2,0,0.5,0.73,sal,0.73,0.82,t̪a,,,,,,
P02_L1_59b,P02,1,59,b,past,saltó,0.4,0.8,2,1,0.4,0.63,sal,0.63,0.8,t̪o,,,,,,
P02_L1_60a,P02,1,60,a,present,corta,0.58,0.87,2,0,0.58,0.77,kor,0.77,0.87,t̪a,,,,,,
P02_L1_60b,P02,1,60,b,past,cortó,0.48,0.79,2,1,0.48,0.61,kor,0.61,0.79,t̪o,,,,,,
P02_L1_61a,P02,1,61,a,present,busca,0.51,0.82,2,0,0.51,0.7,bus,0.7,0.82,ka,,,,,,
P02_L1_61b,P02,1,61,b,past,buscó,0.45,0.83,2,1,0.45,0.66,bus,0.66,0.83,ko,,,,,,
P02_L1_62a,P02,1,62,a,present,limpia,0.55,0.82,2,0,0.55,0.71,lim,0.71,0.82,pja,,,,,,
P02_L1_62b,P02,1,62,b,past,limpió,0.53,0.87,2,1,0.53,0.72,lim,0.72,0.87,pjo,,,,,,
P02_L1_63a,P02,1,63,a,present,planta,0.85,1.14,2,0,0.85,1.06,plan,1.06,1.14,t̪a,,,,,,
P02_L1_63b,P02,1,63,b,past,plantó,0.63,0.95,2,1,0.63,0.84,plan,0.84,0.95,t̪o,,,,,,
P02_L1_64a,P02,1,64,a,present,filtra,0.61,1.01,2,0,0.61,0.91,filt̪,0.91,1.01,ɾa,,,,,,
P02_L1_64b,P02,1,64,b,past,filtró,0.73,1.15,2,1,0.73,1.02,filt̪,1.02,1.15,ɾo,,,,,,
P02_L1_65a,P02,1,65,a,present,monta,0.62,0.98,2,0,0.62,0.87,mon,0.87,0.98,t̪a,,,,,,
P02_L1_65b,P02,1,65,b,past,montó,0.6,0.97,2,1,0.6,0.83,mon,0.83,0.97,t̪o,,,,,,
P02_L1_66a,P02,1,66,a,present,canta,0.57,0.89,2,0,0.57,0.78,kan,0.78,0.89,t̪a,,,,,,
P02_L1_66b,P02,1,66,b,past,cantó,0.71,1.07,2,1,0.71,0.9,kan,0.9,1.07,t̪o,,,,,,
P02_L1_67a,P02,1,67,a,present,junta,0.4,0.71,2,0,0.4,0.61,xun,0.61,0.71,t̪a,,,,,,
P02_L1_67b,P02,1,67,b,past,juntó,0.56,0.86,2,1,0.56,0.77,xun,0.77,0.86,t̪o,,,,,,
P02_L1_68a,P02,1,68,a,present,marca,0.96,1.26,2,0,0.96,1.17,mar,1.17,1.26,ka,,,,,,
P02_L1_68b,P02,1,68,b,past,marcó,0.68,1.01,2,1,0.68,0.88,mar,0.88,1.01,ko,,,,,,
P02_L1_69a,P02,1,69,a,present,mezcla,0.78,1.14,2,0,0.78,0.99,meθ,0.99,1.14,kla,,,,,,
P02_L1_69b,P02,1,69,b,past,mezcló,0.63,0.94,2,1,0.63,0.8,meθ,0.8,0.94,klo,,,,,,
P02_L1_70a,P02,1,70,a,present,sopla,1.01,1.52,2,0,1.01,1.25,so,1.25,1.52,pla,,,,,,
P02_L1_70b,P02,1,70,b,past,sopló,0.48,0.85,2,1,0.48,0.67,so,0.67,0.85,plo,,,,,,
P02_L1_71a,P02,1,71,a,present,culpa,0.77,1.07,2,0,0.77,0.97,kul,0.97,1.07,pa,,,,,,
P02_L1_71b,P02,1,71,b,past,culpó,0.64,0.98,2,1,0.64,0.84,kul,0.84,0.98,po,,,,,,
P02_L1_72a,P02,1,72,a,present,mancha,0.59,0.91,2,0,0.59,0.79,man,0.79,0.91,tʃa,,,,,,
P02_L1_72b,P02,1,72,b,past,manchó,0.45,0.75,2,1,0.45,0.59,man,0.59,0.75,tʃo,,,,,,
P02_L1_73a,P02,1,73,a,present,gasta,0.72,1.0,2,0,0.72,0.93,ɡas,0.93,1.0,t̪a,,,,,,
P02_L1_73b,P02,1,73,b,past,gastó,0.65,0.96,2,1,0.65,0.86,ɡas,0.86,0.96,t̪o,,,,,,
P02_L1_74a,P02,1,74,a,present,salta,0.68,1.0,2,0,0.68,0.89,sal,0.89,1.0,t̪a,,,,,,
P02_L1_74b,P02,1,74,b,past,saltó,0.66,1.05,2,1,0.66,0.89,sal,0.89,1.05,t̪o,,,,,,
P02_L1_75a,P02,1,75,a,present,corta,0.62,0.89,2,0,0.62,0.78,kor,0.78,0.89,t̪a,,,,,,
P02_L1_75b,P02,1,75,b,past,cortó,0.68,0.97,2,1,0.68,0.83,kor,0.83,0.97,t̪o,,,,,,
P02_L1_76a,P02,1,76,a,present,busca,0.55,0.79,2,0,0.55,0.73,bus,0.73,0.79,ka,,,,,,
P02_L1_76b,P02,1,76,b,past,buscó,0.53,0.83,2,1,0.53,0.71,bus,0.71,0.83,ko,,,,,,
P02_L1_77a,P02,1,77,a,present,limpia,0.69,0.99,2,0,0.69,0.86,lim,0.86,0.99,pja,,,,,,
P02_L1_77b,P02,1,77,b,past,limpió,0.62,1.0,2,1,0.62,0.79,lim,0.79,1.0,pjo,,,,,,
P02_L1_78a,P02,1,78,a,present,planta,0.56,0.89,2,0,0.56,0.79,plan,0.79,0.89,t̪a,,,,,,
P02_L1_78b,P02,1,78,b,past,plantó,0.68,1.01,2,1,0.68,0.9,plan,0.9,1.01,t̪o,,,,,,
P02_L1_79a,P02,1,79,a,present,filtra,0.64,0.94,2,0,0.64,0.88,filt̪,0.88,0.94,ɾa,,,,,,
P02_L1_79b,P02,1,79,b,past,filtró,0.57,0.89,2,1,0.57,0.81,filt̪,0.81,0.89,ɾo,,,,,,
P02_L1_80a,P02,1,80,a,present,monta,0.87,1.14,2,0,0.87,1.05,mon,1.05,1.14,t̪a,,,,,,
P02_L1_80b,P02,1,80,b,past,montó,0.47,0.8,2,1,0.47,0.66,mon,0.66,0.8,t̪o,,,,,,
P02_L1_81a,P02,1,81,a,present,canta,0.66,0.92,2,0,0.66,0.82,kan,0.82,0.92,t̪a,,,,,,
P02_L1_81b,P02,1,81,b,past,cantó,0.53,0.85,2,1,0.53,0.75,kan,0.75,0.85,t̪o,,,,,,
P02_L1_82a,P02,1,82,a,present,junta,0.6,0.89,2,0,0.6,0.79,xun,0.79,0.89,t̪a,,,,,,
P02_L1_82b,P02,1,82,b,past,juntó,0.64,1.01,2,1,0.64,0.86,xun,0.86,1.01,t̪o,,,,,,
P02_L1_83a,P02,1,83,a,present,marca,0.51,0.82,2,0,0.51,0.72,mar,0.72,0.82,ka,,,,,,
P02_L1_83b,P02,1,83,b,past,marcó,0.59,0.96,2,1,0.59,0.81,mar,0.81,0.96,ko,,,,,,
P02_L1_84a,P02,1,84,a,present,mezcla,0.64,0.97,2,0,0.64,0.84,meθ,0.84,0.97,kla,,,,,,
P02_L1_84b,P02,1,84,b,past,mezcló,0.6,0.97,2,1,0.6,0.79,meθ,0.79,0.97,klo,,,,,,
P02_L1_85a,P02,1,85,a,present,sopla,0.61,0.87,2,0,0.61,0.76,so,0.76,0.87,pla,,,,,,
P02_L1_85b,P02,1,85,b,past,sopló,0.56,0.85,2,1,0.56,0.71,so,0.71,0.85,plo,,,,,,
P02_L1_86a,P02,1,86,a,present,culpa,0.57,0.84,2,0,0.57,0.75,kul,0.75,0.84,pa,,,,,,
P02_L1_86b,P02,1,86,b,past,culpó,0.62,0.97,2,1,0.62,0.8,kul,0.8,0.97,po,,,,,,
P02_L1_87a,P02,1,87,a,present,mancha,0.69,1.03,2,0,0.69,0.91,man,0.91,1.03,tʃa,,,,,,
P02_L1_87b,P02,1,87,b,past,manchó,0.6,1.0,2,1,0.6,0.82,man,0.82,1.0,tʃo,,,,,,
P02_L1_88a,P02,1,88,a,present,gasta,0.8,1.06,2,0,0.8,0.98,ɡas,0.98,1.06,t̪a,,,,,,
P02_L1_88b,P02,1,88,b,past,gastó,0.5,0.78,2,1,0.5,0.68,ɡas,0.68,0.78,t̪o,,,,,,
P02_L1_89a,P02,1,89,a,present,salta,0.72,1.02,2,0,0.72,0.93,sal,0.93,1.02,t̪a,,,,,,
P02_L1_89b,P02,1,89,b,past,saltó,0.6,0.92,2,1,0.6,0.82,sal,0.82,0.92,t̪o,,,,,,
P02_L1_90a,P02,1,90,a,present,corta,0.48,0.8,2,0,0.48,0.7,kor,0.7,0.8,t̪a,,,,,,
P02_L1_90b,P02,1,90,b,past,cortó,0.72,1.07,2,1,0.72,0.91,kor,0.91,1.07,t̪o,,,,,,
P02_L2_01a,P02,2,1,a,present,busca,0.69,1.0,2,0,0.69,0.88,bus,0.88,1.0,ka,,,,,,
P02_L2_01b,P02,2,1,b,past,buscó,0.57,0.96,2,1,0.57,0.77,bus,0.77,0.96,ko,,,,,,
P02_L2_02a,P02,2,2,a,present,limpia,0.68,1.05,2,0,0.68,0.93,lim,0.93,1.05,pja,,,,,,
P02_L2_02b,P02,2,2,b,past,limpió,0.64,1.15,2,1,0.64,0.96,lim,0.96,1.15,pjo,,,,,,
P02_L2_03a,P02,2,3,a,present,planta,0.54,0.86,2,0,0.54,0.78,plan,0.78,0.86,t̪a,,,,,,
P02_L2_03b,P02,2,3,b,past,plantó,0.73,1.14,2,1,0.73,0.96,plan,0.96,1.14,t̪o,,,,,,
P02_L2_04a,P02,2,4,a,present,filtra,0.62,1.14,2,0,0.62,1.0,filt̪,1.0,1.14,ɾa,,,,,,
P02_L2_04b,P02,2,4,b,past,filtró,0.65,1.12,2,1,0.65,0.99,filt̪,0.99,1.12,ɾo,,,,,,
P02_L2_05a,P02,2,5,a,present,monta,0.46,0.81,2,0,0.46,0.73,mon,0.73,0.81,t̪a,,,,,,
P02_L2_05b,P02,2,5,b,past,montó,0.57,0.92,2,1,0.57,0.79,mon,0.79,0.92,t̪o,,,,,,
P02_L2_06a,P02,2,6,a,present,canta,0.5,0.82,2,0,0.5,0.73,kan,0.73,0.82,t̪a,,,,,,
P02_L2_06b,P02,2,6,b,past,cantó,0.5,0.87,2,1,0.5,0.73,kan,0.73,0.87,t̪o,,,,,,
P02_L2_07a,P02,2,7,a,present,junta,0.65,1.01,2,0,0.65,0.9,xun,0.9,1.01,t̪a,,,,,,
P02_L2_07b,P02,2,7,b,past,juntó,0.54,0.94,2,1,0.54,0.8,xun,0.8,0.94,t̪o,,,,,,
P02_L2_08a,P02,2,8,a,present,marca,0.52,0.86,2,0,0.52,0.75,mar,0.75,0.86,ka,,,,,,
P02_L2_08b,P02,2,8,b,past,marcó,0.56,0.88,2,1,0.56,0.75,mar,0.75,0.88,ko,,,,,,
P02_L2_09a,P02,2,9,a,present,mezcla,0.63,1.06,2,0,0.63,0.88,meθ,0.88,1.06,kla,,,,,,
P02_L2_09b,P02,2,9,b,past,mezcló,0.54,1.01,2,1,0.54,0.76,meθ,0.76,1.01,klo,,,,,,
P02_L2_10a,P02,2,10,a,present,sopla,0.71,1.08,2,0,0.71,0.93,so,0.93,1.08,pla,,,,,,
P02_L2_10b,P02,2,10,b,past,sopló,0.62,1.01,2,1,0.62,0.81,so,0.81,1.01,plo,,,,,,
P02_L2_11a,P02,2,11,a,present,culpa,0.77,1.13,2,0,0.77,1.0,kul,1.0,1.13,pa,,,,,,
P02_L2_11b,P02,2,11,b,past,culpó,0.69,1.1,2,1,0.69,0.87,kul,0.87,1.1,po,,,,,,
P02_L2_12a,P02,2,12,a,present,mancha,0.67,1.0,2,0,0.67,0.87,man,0.87,1.0,tʃa,,,,,,
P02_L2_12b,P02,2,12,b,past,manchó,0.69,1.03,2,1,0.69,0.86,man,0.86,1.03,tʃo,,,,,,
P02_L2_13a,P02,2,13,a,present,gasta,0.68,0.99,2,0,0.68,0.9,ɡas,0.9,0.99,t̪a,,,,,,
P02_L2_13b,P02,2,13,b,past,gastó,0.61,0.94,2,1,0.61,0.83,ɡas,0.83,0.94,t̪o,,,,,,
P02_L2_14a,P02,2,14,a,present,salta,0.59,0.95,2,0,0.59,0.84,sal,0.84,0.95,t̪a,,,,,,
P02_L2_14b,P02,2,14,b,past,saltó,0.72,1.09,2,1,0.72,0.96,sal,0.96,1.09,t̪o,,,,,,
P02_L2_15a,P02,2,15,a,present,corta,0.74,1.04,2,0,0.74,0.94,kor,0.94,1.04,t̪a,,,,,,
P02_L2_15b,P02,2,15,b,past,cortó,0.74,1.04,2,1,0.74,0.96,kor,0.96,1.04,t̪o,,,,,,
P02_L2_16a,P02,2,16,a,present,busca,0.61,0.96,2,0,0.61,0.82,bus,0.82,0.96,ka,,,,,,
P02_L2_16b,P02,2,16,b,past,buscó,0.76,1.14,2,1,0.76,0.96,bus,0.96,1.14,ko,,,,,,
P02_L2_17a,P02,2,17,a,present,limpia,0.47,0.85,2,0,0.47,0.71,lim,0.71,0.85,pja,,,,,,
P02_L2_17b,P02,2,17,b,past,limpió,0.64,0.96,2,1,0.64,0.78,lim,0.78,0.96,pjo,,,,,,
P02_L2_18a,P02,2,18,a,present,planta,0.48,0.86,2,0,0.48,0.75,plan,0.75,0.86,t̪a,,,,,,
P02_L2_18b,P02,2,18,b,past,plantó,0.47,0.83,2,1,0.47,0.7,plan,0.7,0.83,t̪o,,,,,,
P02_L2_19a,P02,2,19,a,present,filtra,0.55,1.0,2,0,0.55,0.91,filt̪,0.91,1.0,ɾa,,,,,,
P02_L2_19b,P02,2,19,b,past,filtró,0.52,0.94,2,1,0.52,0.81,filt̪,0.81,0.94,ɾo,,,,,,
P02_L2_20a,P02,2,20,a,present,monta,0.65,1.06,2,0,0.65,0.93,mon,0.93,1.06,t̪a,,,,,,
P02_L2_20b,P02,2,20,b,past,montó,0.52,0.88,2,1,0.52,0.73,mon,0.73,0.88,t̪o,,,,,,
P02_L2_21a,P02,2,21,a,present,canta,0.55,0.87,2,0,0.55,0.77,kan,0.77,0.87,t̪a,,,,,,
P02_L2_21b,P02,2,21,b,past,cantó,0.55,0.87,2,1,0.55,0.76,kan,0.76,0.87,t̪o,,,,,,
P02_L2_22a,P02,2,22,a,present,junta,0.58,0.93,2,0,0.58,0.81,xun,0.81,0.93,t̪a,,,,,,
P02_L2_22b,P02,2,22,b,past,juntó,0.52,0.89,2,1,0.52,0.75,xun,0.75,0.89,t̪o,,,,,,
P02_L2_23a,P02,2,23,a,present,marca,0.57,0.93,2,0,0.57,0.82,mar,0.82,0.93,ka,,,,,,
P02_L2_23b,P02,2,23,b,past,marcó,0.56,0.86,2,1,0.56,0.76,mar,0.76,0.86,ko,,,,,,
P02_L2_24a,P02,2,24,a,present,mezcla,0.51,0.91,2,0,0.51,0.75,meθ,0.75,0.91,kla,,,,,,
P02_L2_24b,P02,2,24,b,past,mezcló,0.49,0.87,2,1,0.49,0.67,meθ,0.67,0.87,klo,,,,,,
P02_L2_25a,P02,2,25,a,present,sopla,0.5,0.84,2,0,0.5,0.72,so,0.72,0.84,pla,,,,,,
P02_L2_25b,P02,2,25,b,past,sopló,0.5,0.84,2,1,0.5,0.7,so,0.7,0.84,plo,,,,,,
P02_L2_26a,P02,2,26,a,present,culpa,0.5,0.81,2,0,0.5,0.69,kul,0.69,0.81,pa,,,,,,
P02_L2_26b,P02,2,26,b,past,culpó,0.53,0.82,2,1,0.53,0.7,kul,0.7,0.82,po,,,,,,
P02_L2_27a,P02,2,27,a,present,mancha,0.47,0.81,2,0,0.47,0.7,man,0.7,0.81,tʃa,,,,,,
P02_L2_27b,P02,2,27,b,past,manchó,0.68,0.98,2,1,0.68,0.83,man,0.83,0.98,tʃo,,,,,,
P02_L2_28a,P02,2,28,a,present,gasta,0.66,1.0,2,0,0.66,0.9,ɡas,0.9,1.0,t̪a,,,,,,
P02_L2_28b,P02,2,28,b,past,gastó,0.53,0.85,2,1,0.53,0.72,ɡas,0.72,0.85,t̪o,,,,,,
P02_L2_29a,P02,2,29,a,present,salta,0.53,0.82,2,0,0.53,0.75,sal,0.75,0.82,t̪a,,,,,,
P02_L2_29b,P02,2,29,b,past,saltó,0.53,0.8,2,1,0.53,0.69,sal,0.69,0.8,t̪o,,,,,,
P02_L2_30a,P02,2,30,a,present,corta,0.43,0.72,2,0,0.43,0.6,kor,0.6,0.72,t̪a,,,,,,
P02_L2_30b,P02,2,30,b,past,cortó,0.47,0.75,2,1,0.47,0.62,kor,0.62,0.75,t̪o,,,,,,
P02_L2_31a,P02,2,31,a,present,busca,0.46,0.76,2,0,0.46,0.67,bus,0.67,0.76,ka,,,,,,
P02_L2_31b,P02,2,31,b,past,buscó,0.44,0.73,2,1,0.44,0.61,bus,0.61,0.73,ko,,,,,,
P02_L2_32a,P02,2,32,a,present,limpia,0.49,0.8,2,0,0.49,0.67,lim,0.67,0.8,pja,,,,,,
P02_L2_32b,P02,2,32,b,past,limpió,0.52,0.84,2,1,0.52,0.68,lim,0.68,0.84,pjo,,,,,,
P02_L2_33a,P02,2,33,a,present,planta,0.62,0.95,2,0,0.62,0.86,plan,0.86,0.95,t̪a,,,,,,
P02_L2_33b,P02,2,33,b,past,plantó,0.59,0.97,2,1,0.59,0.85,plan,0.85,0.97,t̪o,,,,,,
P02_L2_34a,P02,2,34,a,present,filtra,0.49,0.89,2,0,0.49,0.81,filt̪,0.81,0.89,ɾa,,,,,,
P02_L2_34b,P02,2,34,b,past,filtró,0.54,0.96,2,1,0.54,0.84,filt̪,0.84,0.96,ɾo,,,,,,
P02_L2_35a,P02,2,35,a,present,monta,0.58,0.95,2,0,0.58,0.83,mon,0.83,0.95,t̪a,,,,,,
P02_L2_35b,P02,2,35,b,past,montó,0.54,0.84,2,1,0.54,0.72,mon,0.72,0.84,t̪o,,,,,,
P02_L2_36a,P02,2,36,a,present,canta,0.51,0.82,2,0,0.51,0.71,kan,0.71,0.82,t̪a,,,,,,
P02_L2_36b,P02,2,36,b,past,cantó,0.54,0.84,2,1,0.54,0.73,kan,0.73,0.84,t̪o,,,,,,
P02_L2_37a,P02,2,37,a,present,junta,0.45,0.79,2,0,0.45,0.68,xun,0.68,0.79,t̪a,,,,,,
P02_L2_37b,P02,2,37,b,past,juntó,0.54,0.9,2,1,0.54,0.77,xun,0.77,0.9,t̪o,,,,,,
P02_L2_38a,P02,2,38,a,present,marca,0.51,0.86,2,0,0.51,0.73,mar,0.73,0.86,ka,,,,,,
P02_L2_38b,P02,2,38,b,past,marcó,0.66,1.2,2,1,0.66,1.0,mar,1.0,1.2,ko,,,,,,
P02_L2_39a,P02,2,39,a,present,mezcla,0.67,1.05,2,0,0.67,0.9,meθ,0.9,1.05,kla,,,,,,
P02_L2_39b,P02,2,39,b,past,mezcló,0.68,1.03,2,1,0.68,0.86,meθ,0.86,1.03,klo,,,,,,
P02_L2_40a,P02,2,40,a,present,sopla,0.65,0.98,2,0,0.65,0.84,so,0.84,0.98,pla,,,,,,
P02_L2_40b,P02,2,40,b,past,sopló,0.6,0.94,2,1,0.6,0.78,so,0.78,0.94,plo,,,,,,
P02_L2_41a,P02,2,41,a,present,culpa,0.57,0.95,2,0,0.57,0.81,kul,0.81,0.95,pa,,,,,,
P02_L2_41b,P02,2,41,b,past,culpó,0.5,0.89,2,1,0.5,0.7,kul,0.7,0.89,po,,,,,,
P02_L2_42a,P02,2,42,a,present,mancha,0.47,0.77,2,0,0.47,0.66,man,0.66,0.77,tʃa,,,,,,
P02_L2_42b,P02,2,42,b,past,manchó,0.5,0.82,2,1,0.5,0.66,man,0.66,0.82,tʃo,,,,,,
P02_L2_43a,P02,2,43,a,present,gasta,0.54,0.86,2,0,0.54,0.78,ɡas,0.78,0.86,t̪a,,,,,,
P02_L2_43b,P02,2,43,b,past,gastó,0.52,0.85,2,1,0.52,0.73,ɡas,0.73,0.85,t̪o,,,,,,
P02_L2_44a,P02,2,44,a,present,salta,0.49,0.85,2,0,0.49,0.74,sal,0.74,0.85,t̪a,,,,,,
P02_L2_44b,P02,2,44,b,past,saltó,0.47,0.81,2,1,0.47,0.67,sal,0.67,0.81,t̪o,,,,,,
P02_L2_45a,P02,2,45,a,present,corta,0.49,0.78,2,0,0.49,0.68,kor,0.68,0.78,t̪a,,,,,,
P02_L2_45b,P02,2,45,b,past,cortó,0.53,0.84,2,1,0.53,0.74,kor,0.74,0.84,t̪o,,,,,,
P02_L2_46a,P02,2,46,a,present,busca,0.44,0.8,2,0,0.44,0.68,bus,0.68,0.8,ka,,,,,,
P02_L2_46b,P02,2,46,b,past,buscó,0.56,0.91,2,1,0.56,0.77,bus,0.77,0.91,ko,,,,,,
P02_L2_47a,P02,2,47,a,present,limpia,0.56,0.87,2,0,0.56,0.74,lim,0.74,0.87,pja,,,,,,
P02_L2_47b,P02,2,47,b,past,limpió,0.57,0.87,2,1,0.57,0.73,lim,0.73,0.87,pjo,,,,,,
P02_L2_48a,P02,2,48,a,present,planta,0.42,0.72,2,0,0.42,0.64,plan,0.64,0.72,t̪a,,,,,,
P02_L2_48b,P02,2,48,b,past,plantó,0.56,0.89,2,1,0.56,0.79,plan,0.79,0.89,t̪o,,,,,,
P02_L2_49a,P02,2,49,a,present,filtra,0.4,0.74,2,0,0.4,0.66,filt̪,0.66,0.74,ɾa,,,,,,
P02_L2_49b,P02,2,49,b,past,filtró,0.49,0.83,2,1,0.49,0.72,filt̪,0.72,0.83,ɾo,,,,,,
P02_L2_50a,P02,2,50,a,present,monta,0.45,0.78,2,0,0.45,0.66,mon,0.66,0.78,t̪a,,,,,,
P02_L2_50b,P02,2,50,b,past,montó,0.49,0.82,2,1,0.49,0.67,mon,0.67,0.82,t̪o,,,,,,
P02_L2_51a,P02,2,51,a,present,canta,0.53,0.85,2,0,0.53,0.73,kan,0.73,0.85,t̪a,,,,,,
P02_L2_51b,P02,2,51,b,past,cantó,0.56,0.85,2,1,0.56,0.74,kan,0.74,0.85,t̪o,,,,,,
P02_L2_52a,P02,2,52,a,present,junta,0.46,0.76,2,0,0.46,0.68,xun,0.68,0.76,t̪a,,,,,,
P02_L2_52b,P02,2,52,b,past,juntó,0.37,0.66,2,1,0.37,0.57,xun,0.57,0.66,t̪o,,,,,,
P02_L2_53a,P02,2,53,a,present,marca,0.39,0.7,2,0,0.39,0.59,mar,0.59,0.7,ka,,,,,,
P02_L2_53b,P02,2,53,b,past,marcó,0.39,0.69,2,1,0.39,0.57,mar,0.57,0.69,ko,,,,,,
P02_L2_54a,P02,2,54,a,present,mezcla,0.45,0.83,2,0,0.45,0.66,meθ,0.66,0.83,kla,,,,,,
P02_L2_54b,P02,2,54,b,past,mezcló,0.44,0.78,2,1,0.44,0.63,meθ,0.63,0.78,klo,,,,,,
P02_L2_55a,P02,2,55,a,present,sopla,0.55,0.89,2,0,0.55,0.76,so,0.76,0.89,pla,,,,,,
P02_L2_55b,P02,2,55,b,past,sopló,0.51,0.84,2,1,0.51,0.68,so,0.68,0.84,plo,,,,,,
P02_L2_56a,P02,2,56,a,present,culpa,0.51,0.86,2,0,0.51,0.73,kul,0.73,0.86,pa,,,,,,
P02_L2_56b,P02,2,56,b,past,culpó,0.49,0.8,2,1,0.49,0.64,kul,0.64,0.8,po,,,,,,
P02_L2_57a,P02,2,57,a,present,mancha,0.46,0.79,2,0,0.46,0.65,man,0.65,0.79,tʃa,,,,,,
P02_L2_57b,P02,2,57,b,past,manchó,0.44,0.72,2,1,0.44,0.58,man,0.58,0.72,tʃo,,,,,,
P02_L2_58a,P02,2,58,a,present,gasta,0.37,0.68,2,0,0.37,0.57,ɡas,0.57,0.68,t̪a,,,,,,
P02_L2_58b,P02,2,58,b,past,gastó,0.43,0.74,2,1,0.43,0.62,ɡas,0.62,0.74,t̪o,,,,,,
P02_L2_59a,P02,2,59,a,present,salta,0.41,0.75,2,0,0.41,0.64,sal,0.64,0.75,t̪a,,,,,,
P02_L2_59b,P02,2,59,b,past,saltó,0.46,0.8,2,1,0.46,0.67,sal,0.67,0.8,t̪o,,,,,,
P02_L2_60a,P02,2,60,a,present,corta,0.47,0.77,2,0,0.47,0.66,kor,0.66,0.77,t̪a,,,,,,
P02_L2_60b,P02,2,60,b,past,cortó,0.51,0.81,2,1,0.51,0.69,kor,0.69,0.81,t̪o,,,,,,
P02_L2_61a,P02,2,61,a,present,busca,0.45,0.79,2,0,0.45,0.67,bus,0.67,0.79,ka,,,,,,
P02_L2_61b,P02,2,61,b,past,buscó,0.46,0.77,2,1,0.46,0.64,bus,0.64,0.77,ko,,,,,,
P02_L2_62a,P02,2,62,a,present,limpia,0.42,0.73,2,0,0.42,0.6,lim,0.6,0.73,pja,,,,,,
P02_L2_62b,P02,2,62,b,past,limpió,0.48,0.82,2,1,0.48,0.65,lim,0.65,0.82,pjo,,,,,,
P02_L2_63a,P02,2,63,a,present,planta,0.55,0.83,2,0,0.55,0.76,plan,0.76,0.83,t̪a,,,,,,
P02_L2_63b,P02,2,63,b,past,plantó,0.54,0.84,2,1,0.54,0.75,plan,0.75,0.84,t̪o,,,,,,
P02_L2_64a,P02,2,64,a,present,filtra,0.58,0.99,2,0,0.58,0.89,filt̪,0.89,0.99,ɾa,,,,,,
P02_L2_64b,P02,2,64,b,past,filtró,0.61,1.01,2,1,0.61,0.89,filt̪,0.89,1.01,ɾo,,,,,,
P02_L2_65a,P02,2,65,a,present,monta,0.48,0.79,2,0,0.48,0.7,mon,0.7,0.79,t̪a,,,,,,
P02_L2_65b,P02,2,65,b,past,montó,0.44,0.74,2,1,0.44,0.65,mon,0.65,0.74,t̪o,,,,,,
P02_L2_66a,P02,2,66,a,present,canta,0.54,0.81,2,0,0.54,0.69,kan,0.69,0.81,t̪a,,,,,,
P02_L2_66b,P02,2,66,b,past,cantó,0.59,0.9,2,1,0.59,0.78,kan,0.78,0.9,t̪o,,,,,,
P02_L2_67a,P02,2,67,a,present,junta,0.52,0.83,2,0,0.52,0.74,xun,0.74,0.83,t̪a,,,,,,
P02_L2_67b,P02,2,67,b,past,juntó,0.56,0.88,2,1,0.56,0.78,xun,0.78,0.88,t̪o,,,,,,
P02_L2_68a,P02,2,68,a,present,marca,0.5,0.8,2,0,0.5,0.7,mar,0.7,0.8,ka,,,,,,
P02_L2_68b,P02,2,68,b,past,marcó,0.46,0.76,2,1,0.46,0.65,mar,0.65,0.76,ko,,,,,,
P02_L2_69a,P02,2,69,a,present,mezcla,0.62,0.99,2,0,0.62,0.84,meθ,0.84,0.99,kla,,,,,,
P02_L2_69b,P02,2,69,b,past,mezcló,0.55,0.98,2,1,0.55,0.75,meθ,0.75,0.98,klo,,,,,,
P02_L2_70a,P02,2,70,a,present,sopla,0.74,0.99,2,0,0.74,0.85,so,0.85,0.99,pla,,,,,,
P02_L2_70b,P02,2,70,b,past,sopló,0.97,1.32,2,1,0.97,1.14,so,1.14,1.32,plo,,,,,,
P02_L2_71a,P02,2,71,a,present,culpa,0.68,0.97,2,0,0.68,0.84,kul,0.84,0.97,pa,,,,,,
P02_L2_71b,P02,2,71,b,past,culpó,0.64,1.02,2,1,0.64,0.88,kul,0.88,1.02,po,,,,,,
P02_L2_72a,P02,2,72,a,present,mancha,0.5,0.82,2,0,0.5,0.7,man,0.7,0.82,tʃa,,,,,,
P02_L2_72b,P02,2,72,b,past,manchó,0.59,0.93,2,1,0.59,0.78,man,0.78,0.93,tʃo,,,,,,
P02_L2_73a,P02,2,73,a,present,gasta,0.46,0.79,2,0,0.46,0.71,ɡas,0.71,0.79,t̪a,,,,,,
P02_L2_73b,P02,2,73,b,past,gastó,0.52,0.8,2,1,0.52,0.71,ɡas,0.71,0.8,t̪o,,,,,,
P02_L2_74a,P02,2,74,a,present,salta,0.52,0.85,2,0,0.52,0.73,sal,0.73,0.85,t̪a,,,,,,
P02_L2_74b,P02,2,74,b,past,saltó,0.52,0.85,2,1,0.52,0.73,sal,0.73,0.85,t̪o,,,,,,
P02_L2_75a,P02,2,75,a,present,corta,0.51,0.81,2,0,0.51,0.69,kor,0.69,0.81,t̪a,,,,,,
P02_L2_75b,P02,2,75,b,past,cortó,0.59,0.9,2,1,0.59,0.79,kor,0.79,0.9,t̪o,,,,,,
P02_L2_76a,P02,2,76,a,present,busca,0.47,0.82,2,0,0.47,0.72,bus,0.72,0.82,ka,,,,,,
P02_L2_76b,P02,2,76,b,past,buscó,0.47,0.76,2,1,0.47,0.66,bus,0.66,0.76,ko,,,,,,
P02_L2_77a,P02,2,77,a,present,limpia,0.62,1.0,2,0,0.62,0.83,lim,0.83,1.0,pja,,,,,,
P02_L2_77b,P02,2,77,b,past,limpió,0.52,0.83,2,1,0.52,0.66,lim,0.66,0.83,pjo,,,,,,
P02_L2_78a,P02,2,78,a,present,planta,0.49,0.77,2,0,0.49,0.7,plan,0.7,0.77,t̪a,,,,,,
P02_L2_78b,P02,2,78,b,past,plantó,0.5,0.82,2,1,0.5,0.73,plan,0.73,0.82,t̪o,,,,,,
P02_L2_79a,P02,2,79,a,present,filtra,0.5,0.88,2,0,0.5,0.79,filt̪,0.79,0.88,ɾa,,,,,,
P02_L2_79b,P02,2,79,b,past,filtró,0.48,0.79,2,1,0.48,0.73,filt̪,0.73,0.79,ɾo,,,,,,
P02_L2_80a,P02,2,80,a,present,monta,0.56,0.9,2,0,0.56,0.77,mon,0.77,0.9,t̪a,,,,,,
P02_L2_80b,P02,2,80,b,past,montó,0.48,0.74,2,1,0.48,0.63,mon,0.63,0.74,t̪o,,,,,,
P02_L2_81a,P02,2,81,a,present,canta,0.56,0.9,2,0,0.56,0.8,kan,0.8,0.9,t̪a,,,,,,
P02_L2_81b,P02,2,81,b,past,cantó,0.63,0.96,2,1,0.63,0.82,kan,0.82,0.96,t̪o,,,,,,
P02_L2_82a,P02,2,82,a,present,junta,0.41,0.75,2,0,0.41,0.64,xun,0.64,0.75,t̪a,,,,,,
P02_L2_82b,P02,2,82,b,past,juntó,0.5,0.81,2,1,0.5,0.7,xun,0.7,0.81,t̪o,,,,,,
P02_L2_83a,P02,2,83,a,present,marca,0.5,0.81,2,0,0.5,0.71,mar,0.71,0.81,ka,,,,,,
P02_L2_83b,P02,2,83,b,past,marcó,0.64,0.96,2,1,0.64,0.84,mar,0.84,0.96,ko,,,,,,
P02_L2_84a,P02,2,84,a,present,mezcla,0.49,0.85,2,0,0.49,0.73,meθ,0.73,0.85,kla,,,,,,
P02_L2_84b,P02,2,84,b,past,mezcló,0.5,0.86,2,1,0.5,0.69,meθ,0.69,0.86,klo,,,,,,
P02_L2_85a,P02,2,85,a,present,sopla,0.49,0.81,2,0,0.49,0.68,so,0.68,0.81,pla,,,,,,
P02_L2_85b,P02,2,85,b,past,sopló,0.44,0.74,2,1,0.44,0.61,so,0.61,0.74,plo,,,,,,
P02_L2_86a,P02,2,86,a,present,culpa,0.54,0.85,2,0,0.54,0.74,kul,0.74,0.85,pa,,,,,,
P02_L2_86b,P02,2,86,b,past,culpó,0.57,0.9,2,1,0.57,0.78,kul,0.78,0.9,po,,,,,,
P02_L2_87a,P02,2,87,a,present,mancha,0.47,0.78,2,0,0.47,0.64,man,0.64,0.78,tʃa,,,,,,
P02_L2_87b,P02,2,87,b,past,manchó,0.58,0.87,2,1,0.58,0.74,man,0.74,0.87,tʃo,,,,,,
P02_L2_88a,P02,2,88,a,present,gasta,0.53,0.78,2,0,0.53,0.7,ɡas,0.7,0.78,t̪a,,,,,,
P02_L2_88b,P02,2,88,b,past,gastó,0.53,0.76,2,1,0.53,0.67,ɡas,0.67,0.76,t̪o,,,,,,
P02_L2_89a,P02,2,89,a,present,salta,0.47,0.76,2,0,0.47,0.68,sal,0.68,0.76,t̪a,,,,,,
P02_L2_89b,P02,2,89,b,past,saltó,0.5,0.77,2,1,0.5,0.66,sal,0.66,0.77,t̪o,,,,,,
P02_L2_90a,P02,2,90,a,present,corta,0.48,0.75,2,0,0.48,0.62,kor,0.62,0.75,t̪a,,,,,,
P02_L2_90b,P02,2,90,b,past,cortó,0.56,0.87,2,1,0.56,0.76,kor,0.76,0.87,t̪o,,,,,,
P03_L1_01a,P03,1,1,a,present,busca,0.66,0.94,2,0,0.66,0.83,bus,0.83,0.94,ka,,,,,,
P03_L1_01b,P03,1,1,b,past,buscó,0.4,0.67,2,1,0.4,0.57,bus,0.57,0.67,ko,,,,,,
P03_L1_02a,P03,1,2,a,present,limpia,0.65,1.0,2,0,0.65,0.88,lim,0.88,1.0,pja,,,,,,
P03_L1_02b,P03,1,2,b,past,limpió,0.24,0.55,2,1,0.24,0.43,lim,0.43,0.55,pjo,,,,,,
P03_L1_03a,P03,1,3,a,present,planta,0.4,0.67,2,0,0.4,0.59,plan,0.59,0.67,t̪a,,,,,,
P03_L1_03b,P03,1,3,b,past,plantó,0.39,0.84,2,1,0.39,0.64,plan,0.64,0.84,t̪o,,,,,,
P03_L1_04a,P03,1,4,a,present,filtra,0.66,1.02,2,0,0.66,0.93,filt̪,0.93,1.02,ɾa,,,,,,
P03_L1_04b,P03,1,4,b,past,filtró,0.4,0.85,2,1,0.4,0.71,filt̪,0.71,0.85,ɾo,,,,,,
P03_L1_05a,P03,1,5,a,present,monta,0.46,0.68,2,0,0.46,0.61,mon,0.61,0.68,t̪a,,,,,,
P03_L1_05b,P03,1,5,b,past,montó,0.34,0.67,2,1,0.34,0.55,mon,0.55,0.67,t̪o,,,,,,
P03_L1_06a,P03,1,6,a,present,canta,0.53,0.76,2,0,0.53,0.67,kan,0.67,0.76,t̪a,,,,,,
P03_L1_06b,P03,1,6,b,past,cantó,0.38,0.7,2,1,0.38,0.59,kan,0.59,0.7,t̪o,,,,,,
P03_L1_07a,P03,1,7,a,present,junta,0.52,0.78,2,0,0.52,0.69,xun,0.69,0.78,t̪a,,,,,,
P03_L1_07b,P03,1,7,b,past,juntó,0.52,0.86,2,1,0.52,0.74,xun,0.74,0.86,t̪o,,,,,,
P03_L1_08a,P03,1,8,a,present,marca,0.46,0.74,2,0,0.46,0.64,mar,0.64,0.74,ka,,,,,,
P03_L1_08b,P03,1,8,b,past,marcó,0.49,0.8,2,1,0.49,0.68,mar,0.68,0.8,ko,,,,,,
P03_L1_09a,P03,1,9,a,present,mezcla,0.46,0.79,2,0,0.46,0.63,meθ,0.63,0.79,kla,,,,,,
P03_L1_09b,P03,1,9,b,past,mezcló,0.49,0.81,2,1,0.49,0.67,meθ,0.67,0.81,klo,,,,,,
P03_L1_10a,P03,1,10,a,present,sopla,0.61,0.95,2,0,0.61,0.79,so,0.79,0.95,pla,,,,,,
P03_L1_10b,P03,1,10,b,past,sopló,0.65,0.96,2,1,0.65,0.77,so,0.77,0.96,plo,,,,,,
P03_L1_11a,P03,1,11,a,present,culpa,0.46,0.79,2,0,0.46,0.67,kul,0.67,0.79,pa,,,,,,
P03_L1_11b,P03,1,11,b,past,culpó,0.48,0.82,2,1,0.48,0.68,kul,0.68,0.82,po,,,,,,
P03_L1_12a,P03,1,12,a,present,mancha,1.19,1.47,2,0,1.19,1.36,man,1.36,1.47,tʃa,,,,,,
P03_L1_12b,P03,1,12,b,past,manchó,0.52,0.86,2,1,0.52,0.72,man,0.72,0.86,tʃo,,,,,,
P03_L1_13a,P03,1,13,a,present,gasta,0.6,0.88,2,0,0.6,0.81,ɡas,0.81,0.88,t̪a,,,,,,
P03_L1_13b,P03,1,13,b,past,gastó,0.39,0.68,2,1,0.39,0.58,ɡas,0.58,0.68,t̪o,,,,,,
P03_L1_14a,P03,1,14,a,present,salta,0.71,0.98,2,0,0.71,0.88,sal,0.88,0.98,t̪a,,,,,,
P03_L1_14b,P03,1,14,b,past,saltó,0.51,0.79,2,1,0.51,0.7,sal,0.7,0.79,t̪o,,,,,,
P03_L1_15a,P03,1,15,a,present,corta,0.78,1.05,2,0,0.78,0.93,kor,0.93,1.05,t̪a,,,,,,
P03_L1_15b,P03,1,15,b,past,cortó,0.52,0.82,2,1,0.52,0.73,kor,0.73,0.82,t̪o,,,,,,
P03_L1_16a,P03,1,16,a,present,busca,0.5,0.79,2,0,0.5,0.69,bus,0.69,0.79,ka,,,,,,
P03_L1_16b,P03,1,16,b,past,buscó,0.64,0.97,2,1,0.64,0.82,bus,0.82,0.97,ko,,,,,,
P03_L1_17a,P03,1,17,a,present,limpia,0.77,1.04,2,0,0.77,0.92,lim,0.92,1.04,pja,,,,,,
P03_L1_17b,P03,1,17,b,past,limpió,0.59,0.86,2,1,0.59,0.73,lim,0.73,0.86,pjo,,,,,,
P03_L1_18a,P03,1,18,a,present,planta,0.65,0.92,2,0,0.65,0.83,plan,0.83,0.92,t̪a,,,,,,
P03_L1_18b,P03,1,18,b,past,plantó,0.48,0.74,2,1,0.48,0.64,plan,0.64,0.74,t̪o,,,,,,
P03_L1_19a,P03,1,19,a,present,filtra,0.49,0.84,2,0,0.49,0.74,filt̪,0.74,0.84,ɾa,,,,,,
P03_L1_19b,P03,1,19,b,past,filtró,0.59,0.97,2,1,0.59,0.86,filt̪,0.86,0.97,ɾo,,,,,,
P03_L1_20a,P03,1,20,a,present,monta,0.55,0.83,2,0,0.55,0.73,mon,0.73,0.83,t̪a,,,,,,
P03_L1_20b,P03,1,20,b,past,montó,0.4,0.7,2,1,0.4,0.57,mon,0.57,0.7,t̪o,,,,,,
P03_L1_21a,P03,1,21,a,present,canta,0.87,1.09,2,0,0.87,1.02,kan,1.02,1.09,t̪a,,,,,,
P03_L1_21b,P03,1,21,b,past,cantó,0.46,0.69,2,1,0.46,0.6,kan,0.6,0.69,t̪o,,,,,,
P03_L1_22a,P03,1,22,a,present,junta,0.34,0.61,2,0,0.34,0.52,xun,0.52,0.61,t̪a,,,,,,
P03_L1_22b,P03,1,22,b,past,juntó,0.64,0.96,2,1,0.64,0.85,xun,0.85,0.96,t̪o,,,,,,
P03_L1_23a,P03,1,23,a,present,marca,0.56,0.81,2,0,0.56,0.75,mar,0.75,0.81,ka,,,,,,
P03_L1_23b,P03,1,23,b,past,marcó,0.51,0.77,2,1,0.51,0.68,mar,0.68,0.77,ko,,,,,,
P03_L1_24a,P03,1,24,a,present,mezcla,0.59,0.95,2,0,0.59,0.79,meθ,0.79,0.95,kla,,,,,,
P03_L1_24b,P03,1,24,b,past,mezcló,0.34,0.73,2,1,0.34,0.54,meθ,0.54,0.73,klo,,,,,,
P03_L1_25a,P03,1,25,a,present,sopla,0.6,0.96,2,0,0.6,0.83,so,0.83,0.96,pla,,,,,,
P03_L1_25b,P03,1,25,b,past,sopló,0.36,0.65,2,1,0.36,0.51,so,0.51,0.65,plo,,,,,,
P03_L1_26a,P03,1,26,a,present,culpa,0.72,1.01,2,0,0.72,0.91,kul,0.91,1.01,pa,,,,,,
P03_L1_26b,P03,1,26,b,past,culpó,0.46,0.77,2,1,0.46,0.65,kul,0.65,0.77,po,,,,,,
P03_L1_27a,P03,1,27,a,present,mancha,0.36,0.64,2,0,0.36,0.54,man,0.54,0.64,tʃa,,,,,,
P03_L1_27b,P03,1,27,b,past,manchó,0.45,0.81,2,1,0.45,0.67,man,0.67,0.81,tʃo,,,,,,
P03_L1_28a,P03,1,28,a,present,gasta,0.44,0.7,2,0,0.44,0.61,ɡas,0.61,0.7,t̪a,,,,,,
P03_L1_28b,P03,1,28,b,past,gastó,0.45,0.71,2,1,0.45,0.62,ɡas,0.62,0.71,t̪o,,,,,,
P03_L1_29a,P03,1,29,a,present,salta,0.62,0.88,2,0,0.62,0.79,sal,0.79,0.88,t̪a,,,,,,
P03_L1_29b,P03,1,29,b,past,saltó,0.54,0.85,2,1,0.54,0.75,sal,0.75,0.85,t̪o,,,,,,
P03_L1_30a,P03,1,30,a,present,corta,0.44,0.71,2,0,0.44,0.61,kor,0.61,0.71,t̪a,,,,,,
P03_L1_30b,P03,1,30,b,past,cortó,0.49,0.74,2,1,0.49,0.63,kor,0.63,0.74,t̪o,,,,,,
P03_L1_31a,P03,1,31,a,present,busca,0.58,0.82,2,0,0.58,0.71,bus,0.71,0.82,ka,,,,,,
P03_L1_31b,P03,1,31,b,past,buscó,0.46,0.7,2,1,0.46,0.6,bus,0.6,0.7,ko,,,,,,
P03_L1_32a,P03,1,32,a,present,limpia,0.54,0.82,2,0,0.54,0.69,lim,0.69,0.82,pja,,,,,,
P03_L1_32b,P03,1,32,b,past,limpió,0.42,0.69,2,1,0.42,0.57,lim,0.57,0.69,pjo,,,,,,
P03_L1_33a,P03,1,33,a,present,planta,0.62,0.86,2,0,0.62,0.79,plan,0.79,0.86,t̪a,,,,,,
P03_L1_33b,P03,1,33,b,past,plantó,0.57,0.82,2,1,0.57,0.75,plan,0.75,0.82,t̪o,,,,,,
P03_L1_34a,P03,1,34,a,present,filtra,0.72,1.03,2,0,0.72,0.94,filt̪,0.94,1.03,ɾa,,,,,,
P03_L1_34b,P03,1,34,b,past,filtró,0.44,0.78,2,1,0.44,0.69,filt̪,0.69,0.78,ɾo,,,,,,
P03_L1_35a,P03,1,35,a,present,monta,0.58,0.83,2,0,0.58,0.75,mon,0.75,0.83,t̪a,,,,,,
P03_L1_35b,P03,1,35,b,past,montó,0.47,0.72,2,1,0.47,0.62,mon,0.62,0.72,t̪o,,,,,,
P03_L1_36a,P03,1,36,a,present,canta,0.42,0.66,2,0,0.42,0.58,kan,0.58,0.66,t̪a,,,,,,
P03_L1_36b,P03,1,36,b,past,cantó,0.47,0.73,2,1,0.47,0.63,kan,0.63,0.73,t̪o,,,,,,
P03_L1_37a,P03,1,37,a,present,junta,0.52,0.78,2,0,0.52,0.68,xun,0.68,0.78,t̪a,,,,,,
P03_L1_37b,P03,1,37,b,past,juntó,0.57,0.83,2,1,0.57,0.74,xun,0.74,0.83,t̪o,,,,,,
P03_L1_38a,P03,1,38,a,present,marca,0.58,0.88,2,0,0.58,0.8,mar,0.8,0.88,ka,,,,,,
P03_L1_38b,P03,1,38,b,past,marcó,0.51,0.83,2,1,0.51,0.73,mar,0.73,0.83,ko,,,,,,
P03_L1_39a,P03,1,39,a,present,mezcla,0.65,0.97,2,0,0.65,0.83,mes,0.83,0.97,kla,,,,,,
P03_L1_39b,P03,1,39,b,past,mezcló,0.49,0.82,2,1,0.49,0.65,meθ,0.65,0.82,klo,,,,,,
P03_L1_40a,P03,1,40,a,present,sopla,0.53,0.82,2,0,0.53,0.69,so,0.69,0.82,pla,,,,,,
P03_L1_40b,P03,1,40,b,past,sopló,0.52,0.83,2,1,0.52,0.67,so,0.67,0.83,plo,,,,,,
P03_L1_41a,P03,1,41,a,present,culpa,0.64,0.89,2,0,0.64,0.81,kul,0.81,0.89,pa,,,,,,
P03_L1_41b,P03,1,41,b,past,culpó,0.43,0.7,2,1,0.43,0.61,kul,0.61,0.7,po,,,,,,
P03_L1_42a,P03,1,42,a,present,mancha,0.41,0.71,2,0,0.41,0.59,man,0.59,0.71,tʃa,,,,,,
P03_L1_42b,P03,1,42,b,past,manchó,0.33,0.61,2,1,0.33,0.5,man,0.5,0.61,tʃo,,,,,,
P03_L1_43a,P03,1,43,a,present,gasta,0.72,0.98,2,0,0.72,0.9,ɡas,0.9,0.98,t̪a,,,,,,
P03_L1_43b,P03,1,43,b,past,gastó,0.43,0.67,2,1,0.43,0.58,ɡas,0.58,0.67,t̪o,,,,,,
P03_L1_44a,P03,1,44,a,present,salta,0.47,0.75,2,0,0.47,0.65,sal,0.65,0.75,t̪a,,,,,,
P03_L1_44b,P03,1,44,b,past,saltó,0.47,0.76,2,1,0.47,0.65,sal,0.65,0.76,t̪o,,,,,,
P03_L1_45a,P03,1,45,a,present,corta,0.61,0.87,2,0,0.61,0.79,kor,0.79,0.87,t̪a,,,,,,
P03_L1_45b,P03,1,45,b,past,cortó,0.47,0.71,2,1,0.47,0.64,kor,0.64,0.71,t̪o,,,,,,
P03_L1_46a,P03,1,46,a,present,busca,0.56,0.84,2,0,0.56,0.74,bus,0.74,0.84,ka,,,,,,
P03_L1_46b,P03,1,46,b,past,buscó,0.38,0.68,2,1,0.38,0.56,bus,0.56,0.68,ko,,,,,,
P03_L1_47a,P03,1,47,a,present,limpia,0.54,0.82,2,0,0.54,0.7,lim,0.7,0.82,pja,,,,,,
P03_L1_47b,P03,1,47,b,past,limpió,0.5,0.76,2,1,0.5,0.64,lim,0.64,0.76,pjo,,,,,,
P03_L1_48a,P03,1,48,a,present,planta,0.61,0.86,2,0,0.61,0.77,plan,0.77,0.86,t̪a,,,,,,
P03_L1_48b,P03,1,48,b,past,plantó,0.46,0.72,2,1,0.46,0.63,plan,0.63,0.72,t̪o,,,,,,
P03_L1_49a,P03,1,49,a,present,filtra,0.44,0.75,2,0,0.44,0.67,filt̪,0.67,0.75,ɾa,,,,,,
P03_L1_49b,P03,1,49,b,past,filtró,0.4,0.73,2,1,0.4,0.64,filt̪,0.64,0.73,ɾo,,,,,,
P03_L1_50a,P03,1,50,a,present,monta,0.45,0.69,2,0,0.45,0.6,mon,0.6,0.69,t̪a,,,,,,
P03_L1_50b,P03,1,50,b,past,montó,0.41,0.67,2,1,0.41,0.57,mon,0.57,0.67,t̪o,,,,,,
P03_L1_51a,P03,1,51,a,present,canta,0.58,0.8,2,0,0.58,0.72,kan,0.72,0.8,t̪a,,,,,,
P03_L1_51b,P03,1,51,b,past,cantó,0.73,1.03,2,1,0.73,0.93,kan,0.93,1.03,t̪o,,,,,,
P03_L1_52a,P03,1,52,a,present,junta,0.62,0.87,2,0,0.62,0.79,xun,0.79,0.87,t̪a,,,,,,
P03_L1_52b,P03,1,52,b,past,juntó,0.42,0.71,2,1,0.42,0.62,xun,0.62,0.71,t̪o,,,,,,
P03_L1_53a,P03,1,53,a,present,marca,0.46,0.79,2,0,0.46,0.67,mar,0.67,0.79,ka,,,,,,
P03_L1_53b,P03,1,53,b,past,marcó,0.4,0.68,2,1,0.4,0.59,mar,0.59,0.68,ko,,,,,,
P03_L1_54a,P03,1,54,a,present,mezcla,0.48,0.83,2,0,0.48,0.65,mes,0.65,0.83,kla,,,,,,
P03_L1_54b,P03,1,54,b,past,mezcló,0.38,0.73,2,1,0.38,0.56,meθ,0.56,0.73,klo,,,,,,
P03_L1_55a,P03,1,55,a,present,sopla,0.63,0.99,2,0,0.63,0.86,so,0.86,0.99,pla,,,,,,
P03_L1_55b,P03,1,55,b,past,sopló,0.54,0.87,2,1,0.54,0.72,so,0.72,0.87,plo,,,,,,
P03_L1_56a,P03,1,56,a,present,culpa,0.6,0.89,2,0,0.6,0.79,kul,0.79,0.89,pa,,,,,,
P03_L1_56b,P03,1,56,b,past,culpó,0.48,0.8,2,1,0.48,0.68,kul,0.68,0.8,po,,,,,,
P03_L1_57a,P03,1,57,a,present,mancha,0.49,0.78,2,0,0.49,0.65,man,0.65,0.78,tʃa,,,,,,
P03_L1_57b,P03,1,57,b,past,manchó,0.46,0.76,2,1,0.46,0.63,man,0.63,0.76,tʃo,,,,,,
P03_L1_58a,P03,1,58,a,present,gasta,0.5,0.78,2,0,0.5,0.68,ɡas,0.68,0.78,t̪a,,,,,,
P03_L1_58b,P03,1,58,b,past,gastó,0.49,0.76,2,1,0.49,0.66,ɡas,0.66,0.76,t̪o,,,,,,
P03_L1_59a,P03,1,59,a,present,salta,0.54,0.81,2,0,0.54,0.73,sal,0.73,0.81,t̪a,,,,,,
P03_L1_59b,P03,1,59,b,past,saltó,0.46,0.78,2,1,0.46,0.67,sal,0.67,0.78,t̪o,,,,,,
P03_L1_60a,P03,1,60,a,present,corta,0.64,0.88,2,0,0.64,0.81,kor,0.81,0.88,t̪a,,,,,,
P03_L1_60b,P03,1,60,b,past,cortó,0.51,0.81,2,1,0.51,0.68,kor,0.68,0.81,t̪o,,,,,,
P03_L1_61a,P03,1,61,a,present,busca,0.47,0.76,2,0,0.47,0.63,bus,0.63,0.76,ka,,,,,,
P03_L1_61b,P03,1,61,b,past,buscó,0.42,0.77,2,1,0.42,0.63,bus,0.63,0.77,ko,,,,,,
P03_L1_62a,P03,1,62,a,present,limpia,0.46,0.71,2,0,0.46,0.59,lim,0.59,0.71,pja,,,,,,
P03_L1_62b,P03,1,62,b,past,limpió,0.62,0.93,2,1,0.62,0.78,lim,0.78,0.93,pjo,,,,,,
P03_L1_63a,P03,1,63,a,present,planta,0.46,0.7,2,0,0.46,0.63,plan,0.63,0.7,t̪a,,,,,,
P03_L1_63b,P03,1,63,b,past,plantó,0.46,0.75,2,1,0.46,0.65,plan,0.65,0.75,t̪o,,,,,,
P03_L1_64a,P03,1,64,a,present,filtra,0.74,1.1,2,0,0.74,1.02,filt̪,1.02,1.1,ɾa,,,,,,
P03_L1_64b,P03,1,64,b,past,filtró,0.58,0.93,2,1,0.58,0.84,filt̪,0.84,0.93,ɾo,,,,,,
P03_L1_65a,P03,1,65,a,present,monta,0.56,0.85,2,0,0.56,0.77,mon,0.77,0.85,t̪a,,,,,,
P03_L1_65b,P03,1,65,b,past,montó,0.44,0.72,2,1,0.44,0.64,mon,0.64,0.72,t̪o,,,,,,
P03_L1_66a,P03,1,66,a,present,canta,0.55,0.81,2,0,0.55,0.71,kan,0.71,0.81,t̪a,,,,,,
P03_L1_66b,P03,1,66,b,past,cantó,0.49,0.78,2,1,0.49,0.67,kan,0.67,0.78,t̪o,,,,,,
P03_L1_67a,P03,1,67,a,present,junta,0.74,1.01,2,0,0.74,0.93,xun,0.93,1.01,t̪a,,,,,,
P03_L1_67b,P03,1,67,b,past,juntó,0.58,0.95,2,1,0.58,0.82,xun,0.82,0.95,t̪o,,,,,,
P03_L1_68a,P03,1,68,a,present,marca,0.65,0.94,2,0,0.65,0.84,mar,0.84,0.94,ka,,,,,,
P03_L1_68b,P03,1,68,b,past,marcó,0.5,0.87,2,1,0.5,0.72,mar,0.72,0.87,ko,,,,,,
P03_L1_69a,P03,1,69,a,present,mezcla,0.6,0.9,2,0,0.6,0.78,mes,0.78,0.9,kla,,,,,,
P03_L1_69b,P03,1,69,b,past,mezcló,0.5,0.81,2,1,0.5,0.67,meθ,0.67,0.81,klo,,,,,,
P03_L1_70a,P03,1,70,a,present,sopla,0.89,1.2,2,0,0.89,1.07,so,1.07,1.2,pla,,,,,,
P03_L1_70b,P03,1,70,b,past,sopló,0.49,0.79,2,1,0.49,0.65,so,0.65,0.79,plo,,,,,,
P03_L1_71a,P03,1,71,a,present,culpa,0.57,0.84,2,0,0.57,0.73,kul,0.73,0.84,pa,,,,,,
P03_L1_71b,P03,1,71,b,past,culpó,0.48,0.74,2,1,0.48,0.63,kul,0.63,0.74,po,,,,,,
P03_L1_72a,P03,1,72,a,present,mancha,0.72,0.99,2,0,0.72,0.88,man,0.88,0.99,tʃa,,,,,,
P03_L1_72b,P03,1,72,b,past,manchó,0.43,0.71,2,1,0.43,0.59,man,0.59,0.71,tʃo,,,,,,
P03_L1_73a,P03,1,73,a,present,gasta,0.52,0.76,2,0,0.52,0.67,ɡas,0.67,0.76,t̪a,,,,,,
P03_L1_73b,P03,1,73,b,past,gastó,0.37,0.61,2,1,0.37,0.53,ɡas,0.53,0.61,t̪o,,,,,,
P03_L1_74a,P03,1,74,a,present,salta,0.5,0.78,2,0,0.5,0.69,sal,0.69,0.78,t̪a,,,,,,
P03_L1_74b,P03,1,74,b,past,saltó,0.46,0.74,2,1,0.46,0.64,sal,0.64,0.74,t̪o,,,,,,
P03_L1_75a,P03,1,75,a,present,corta,0.64,0.92,2,0,0.64,0.8,kor,0.8,0.92,t̪a,,,,,,
P03_L1_75b,P03,1,75,b,past,cortó,0.5,0.77,2,1,0.5,0.66,kor,0.66,0.77,t̪o,,,,,,
P03_L1_76a,P03,1,76,a,present,busca,0.58,0.84,2,0,0.58,0.74,bus,0.74,0.84,ka,,,,,,
P03_L1_76b,P03,1,76,b,past,buscó,0.55,0.8,2,1,0.55,0.7,bus,0.7,0.8,ko,,,,,,
P03_L1_77a,P03,1,77,a,present,limpia,0.53,0.76,2,0,0.53,0.66,lim,0.66,0.76,pja,,,,,,
P03_L1_77b,P03,1,77,b,past,limpió,0.49,0.74,2,1,0.49,0.62,lim,0.62,0.74,pjo,,,,,,
P03_L1_78a,P03,1,78,a,present,planta,0.49,0.77,2,0,0.49,0.7,plan,0.7,0.77,t̪a,,,,,,
P03_L1_78b,P03,1,78,b,past,plantó,0.47,0.73,2,1,0.47,0.65,plan,0.65,0.73,t̪o,,,,,,
P03_L1_79a,P03,1,79,a,present,filtra,0.64,0.95,2,0,0.64,0.87,filt̪,0.87,0.95,ɾa,,,,,,
P03_L1_79b,P03,1,79,b,past,filtró,0.4,0.71,2,1,0.4,0.64,filt̪,0.64,0.71,ɾo,,,,,,
P03_L1_80a,P03,1,80,a,present,monta,0.52,0.81,2,0,0.52,0.71,mon,0.71,0.81,t̪a,,,,,,
P03_L1_80b,P03,1,80,b,past,montó,0.38,0.68,2,1,0.38,0.58,mon,0.58,0.68,t̪o,,,,,,
P03_L1_81a,P03,1,81,a,present,canta,0.57,0.82,2,0,0.57,0.74,kan,0.74,0.82,t̪a,,,,,,
P03_L1_81b,P03,1,81,b,past,cantó,0.5,0.82,2,1,0.5,0.71,kan,0.71,0.82,t̪o,,,,,,
P03_L1_82a,P03,1,82,a,present,junta,0.69,0.97,2,0,0.69,0.87,xun,0.87,0.97,t̪a,,,,,,
P03_L1_82b,P03,1,82,b,past,juntó,0.38,0.7,2,1,0.38,0.58,xun,0.58,0.7,t̪o,,,,,,
P03_L1_83a,P03,1,83,a,present,marca,0.81,1.09,2,0,0.81,1.0,mar,1.0,1.09,ka,,,,,,
P03_L1_83b,P03,1,83,b,past,marcó,0.4,0.69,2,1,0.4,0.59,mar,0.59,0.69,ko,,,,,,
P03_L1_84a,P03,1,84,a,present,mezcla,0.52,0.79,2,0,0.52,0.69,mes,0.69,0.79,kla,,,,,,
P03_L1_84b,P03,1,84,b,past,mezcló,0.47,0.74,2,1,0.47,0.62,meθ,0.62,0.74,klo,,,,,,
P03_L1_85a,P03,1,85,a,present,sopla,0.62,0.9,2,0,0.62,0.79,so,0.79,0.9,pla,,,,,,
P03_L1_85b,P03,1,85,b,past,sopló,0.46,0.73,2,1,0.46,0.61,so,0.61,0.73,plo,,,,,,
P03_L1_86a,P03,1,86,a,present,culpa,0.51,0.78,2,0,0.51,0.69,kul,0.69,0.78,pa,,,,,,
P03_L1_86b,P03,1,86,b,past,culpó,0.58,0.84,2,1,0.58,0.74,kul,0.74,0.84,po,,,,,,
P03_L1_87a,P03,1,87,a,present,mancha,0.53,0.83,2,0,0.53,0.72,man,0.72,0.83,tʃa,,,,,,
P03_L1_87b,P03,1,87,b,past,manchó,0.47,0.79,2,1,0.47,0.65,man,0.65,0.79,tʃo,,,,,,
P03_L1_88a,P03,1,88,a,present,gasta,0.52,0.77,2,0,0.52,0.7,ɡas,0.7,0.77,t̪a,,,,,,
P03_L1_88b,P03,1,88,b,past,gastó,0.48,0.72,2,1,0.48,0.64,ɡas,0.64,0.72,t̪o,,,,,,
P03_L1_89a,P03,1,89,a,present,salta,0.45,0.8,2,0,0.45,0.71,sal,0.71,0.8,t̪a,,,,,,
P03_L1_89b,P03,1,89,b,past,saltó,0.57,0.89,2,1,0.57,0.78,sal,0.78,0.89,t̪o,,,,,,
P03_L1_90a,P03,1,90,a,present,corta,0.71,1.01,2,0,0.71,0.88,kor,0.88,1.01,t̪a,,,,,,
P03_L1_90b,P03,1,90,b,past,cortó,0.52,0.79,2,1,0.52,0.69,kor,0.69,0.79,t̪o,,,,,,
P03_L2_01a,P03,2,1,a,present,busca,0.5,0.77,2,0,0.5,0.67,bus,0.67,0.77,ka,,,,,,
P03_L2_01b,P03,2,1,b,past,buscó,0.4,0.67,2,1,0.4,0.55,bus,0.55,0.67,ko,,,,,,
P03_L2_02a,P03,2,2,a,present,limpia,0.42,0.71,2,0,0.42,0.59,lim,0.59,0.71,pja,,,,,,
P03_L2_02b,P03,2,2,b,past,limpió,0.64,0.93,2,1,0.64,0.81,lim,0.81,0.93,pjo,,,,,,
P03_L2_03a,P03,2,3,a,present,planta,0.53,0.81,2,0,0.53,0.72,plan,0.72,0.81,t̪a,,,,,,
P03_L2_03b,P03,2,3,b,past,plantó,0.47,0.78,2,1,0.47,0.66,plan,0.66,0.78,t̪o,,,,,,
P03_L2_04a,P03,2,4,a,present,filtra,0.42,0.8,2,0,0.42,0.71,filt̪,0.71,0.8,ɾa,,,,,,
P03_L2_04b,P03,2,4,b,past,filtró,0.56,0.87,2,1,0.56,0.78,filt̪,0.78,0.87,ɾo,,,,,,
P03_L2_05a,P03,2,5,a,present,monta,0.39,0.64,2,0,0.39,0.57,mon,0.57,0.64,t̪a,,,,,,
P03_L2_05b,P03,2,5,b,past,montó,0.54,0.78,2,1,0.54,0.7,mon,0.7,0.78,t̪o,,,,,,
P03_L2_06a,P03,2,6,a,present,canta,0.43,0.69,2,0,0.43,0.6,kan,0.6,0.69,t̪a,,,,,,
P03_L2_06b,P03,2,6,b,past,cantó,0.41,0.69,2,1,0.41,0.59,kan,0.59,0.69,t̪o,,,,,,
P03_L2_07a,P03,2,7,a,present,junta,0.49,0.79,2,0,0.49,0.69,xun,0.69,0.79,t̪a,,,,,,
P03_L2_07b,P03,2,7,b,past,juntó,0.52,0.82,2,1,0.52,0.71,xun,0.71,0.82,t̪o,,,,,,
P03_L2_08a,P03,2,8,a,present,marca,0.61,0.91,2,0,0.61,0.81,mar,0.81,0.91,ka,,,,,,
P03_L2_08b,P03,2,8,b,past,marcó,0.64,0.93,2,1,0.64,0.82,mar,0.82,0.93,ko,,,,,,
P03_L2_09a,P03,2,9,a,present,mezcla,0.46,0.8,2,0,0.46,0.63,meθ,0.63,0.8,kla,,,,,,
P03_L2_09b,P03,2,9,b,past,mezcló,0.38,0.72,2,1,0.38,0.54,meθ,0.54,0.72,klo,,,,,,
P03_L2_10a,P03,2,10,a,present,sopla,0.58,0.9,2,0,0.58,0.74,so,0.74,0.9,pla,,,,,,
P03_L2_10b,P03,2,10,b,past,sopló,0.57,0.89,2,1,0.57,0.73,so,0.73,0.89,plo,,,,,,
P03_L2_11a,P03,2,11,a,present,culpa,0.51,0.76,2,0,0.51,0.66,kul,0.66,0.76,pa,,,,,,
P03_L2_11b,P03,2,11,b,past,culpó,0.58,0.89,2,1,0.58,0.77,kul,0.77,0.89,po,,,,,,
P03_L2_12a,P03,2,12,a,present,mancha,0.53,0.83,2,0,0.53,0.7,man,0.7,0.83,tʃa,,,,,,
P03_L2_12b,P03,2,12,b,past,manchó,0.66,1.0,2,1,0.66,0.86,man,0.86,1.0,tʃo,,,,,,
P03_L2_13a,P03,2,13,a,present,gasta,0.51,0.76,2,0,0.51,0.67,ɡas,0.67,0.76,t̪a,,,,,,
P03_L2_13b,P03,2,13,b,past,gastó,0.56,0.83,2,1,0.56,0.73,ɡas,0.73,0.83,t̪o,,,,,,
P03_L2_14a,P03,2,14,a,present,salta,0.49,0.81,2,0,0.49,0.71,sal,0.71,0.81,t̪a,,,,,,
P03_L2_14b,P03,2,14,b,past,saltó,0.44,0.75,2,1,0.44,0.63,sal,0.63,0.75,t̪o,,,,,,
P03_L2_15a,P03,2,15,a,present,corta,0.61,0.9,2,0,0.61,0.78,kor,0.78,0.9,t̪a,,,,,,
P03_L2_15b,P03,2,15,b,past,cortó,0.5,0.78,2,1,0.5,0.67,kor,0.67,0.78,t̪o,,,,,,
P03_L2_16a,P03,2,16,a,present,busca,0.66,0.96,2,0,0.66,0.86,bus,0.86,0.96,ka,,,,,,
P03_L2_16b,P03,2,16,b,past,buscó,0.64,0.97,2,1,0.64,0.82,bus,0.82,0.97,ko,,,,,,
P03_L2_17a,P03,2,17,a,present,limpia,0.5,0.8,2,0,0.5,0.67,lim,0.67,0.8,pja,,,,,,
P03_L2_17b,P03,2,17,b,past,limpió,0.67,0.97,2,1,0.67,0.81,lim,0.81,0.97,pjo,,,,,,
P03_L2_18a,P03,2,18,a,present,planta,0.48,0.77,2,0,0.48,0.66,plan,0.66,0.77,t̪a,,,,,,
P03_L2_18b,P03,2,18,b,past,plantó,0.57,0.89,2,1,0.57,0.78,plan,0.78,0.89,t̪o,,,,,,
P03_L2_19a,P03,2,19,a,present,filtra,0.5,0.85,2,0,0.5,0.76,filt̪,0.76,0.85,ɾa,,,,,,
P03_L2_19b,P03,2,19,b,past,filtró,0.52,0.9,2,1,0.52,0.77,filt̪,0.77,0.9,ɾo,,,,,,
P03_L2_20a,P03,2,20,a,present,monta,0.48,0.75,2,0,0.48,0.65,mon,0.65,0.75,t̪a,,,,,,
P03_L2_20b,P03,2,20,b,past,montó,0.43,0.74,2,1,0.43,0.63,mon,0.63,0.74,t̪o,,,,,,
P03_L2_21a,P03,2,21,a,present,canta,0.46,0.75,2,0,0.46,0.67,kan,0.67,0.75,t̪a,,,,,,
P03_L2_21b,P03,2,21,b,past,cantó,0.64,0.9,2,1,0.64,0.8,kan,0.8,0.9,t̪o,,,,,,
P03_L2_22a,P03,2,22,a,present,junta,0.52,0.78,2,0,0.52,0.68,xun,0.68,0.78,t̪a,,,,,,
P03_L2_22b,P03,2,22,b,past,juntó,0.43,0.73,2,1,0.43,0.61,xun,0.61,0.73,t̪o,,,,,,
P03_L2_23a,P03,2,23,a,present,marca,0.41,0.72,2,0,0.41,0.63,mar,0.63,0.72,ka,,,,,,
P03_L2_23b,P03,2,23,b,past,marcó,0.49,0.78,2,1,0.49,0.69,mar,0.69,0.78,ko,,,,,,
P03_L2_24a,P03,2,24,a,present,mezcla,0.37,0.69,2,0,0.37,0.54,meθ,0.54,0.69,kla,,,,,,
P03_L2_24b,P03,2,24,b,past,mezcló,0.58,0.89,2,1,0.58,0.74,meθ,0.74,0.89,klo,,,,,,
P03_L2_25a,P03,2,25,a,present,sopla,0.47,0.78,2,0,0.47,0.67,so,0.67,0.78,pla,,,,,,
P03_L2_25b,P03,2,25,b,past,sopló,0.55,0.91,2,1,0.55,0.72,so,0.72,0.91,plo,,,,,,
P03_L2_26a,P03,2,26,a,present,culpa,0.4,0.71,2,0,0.4,0.61,kul,0.61,0.71,pa,,,,,,
P03_L2_26b,P03,2,26,b,past,culpó,0.44,0.7,2,1,0.44,0.6,kul,0.6,0.7,po,,,,,,
P03_L2_27a,P03,2,27,a,present,mancha,0.45,0.74,2,0,0.45,0.63,man,0.63,0.74,tʃa,,,,,,
P03_L2_27b,P03,2,27,b,past,manchó,0.52,0.86,2,1,0.52,0.73,man,0.73,0.86,tʃo,,,,,,
P03_L2_28a,P03,2,28,a,present,gasta,0.44,0.72,2,0,0.44,0.61,ɡas,0.61,0.72,t̪a,,,,,,
P03_L2_28b,P03,2,28,b,past,gastó,0.48,0.75,2,1,0.48,0.64,ɡas,0.64,0.75,t̪o,,,,,,
P03_L2_29a,P03,2,29,a,present,salta,0.47,0.76,2,0,0.47,0.7,sal,0.7,0.76,t̪a,,,,,,
P03_L2_29b,P03,2,29,b,past,saltó,0.55,0.86,2,1,0.55,0.76,sal,0.76,0.86,t̪o,,,,,,
P03_L2_30a,P03,2,30,a,present,corta,0.47,0.74,2,0,0.47,0.64,kor,0.64,0.74,t̪a,,,,,,
P03_L2_30b,P03,2,30,b,past,cortó,0.52,0.79,2,1,0.52,0.68,kor,0.68,0.79,t̪o,,,,,,
P03_L2_31a,P03,2,31,a,present,busca,0.49,0.76,2,0,0.49,0.65,bus,0.65,0.76,ka,,,,,,
P03_L2_31b,P03,2,31,b,past,buscó,0.5,0.78,2,1,0.5,0.65,bus,0.65,0.78,ko,,,,,,
P03_L2_32a,P03,2,32,a,present,limpia,0.57,0.85,2,0,0.57,0.71,lim,0.71,0.85,pja,,,,,,
P03_L2_32b,P03,2,32,b,past,limpió,0.55,0.85,2,1,0.55,0.72,lim,0.72,0.85,pjo,,,,,,
P03_L2_33a,P03,2,33,a,present,planta,0.62,0.87,2,0,0.62,0.8,plan,0.8,0.87,t̪a,,,,,,
P03_L2_33b,P03,2,33,b,past,plantó,0.53,0.84,2,1,0.53,0.73,plan,0.73,0.84,t̪o,,,,,,
P03_L2_34a,P03,2,34,a,present,filtra,0.46,0.8,2,0,0.46,0.72,filt̪,0.72,0.8,ɾa,,,,,,
P03_L2_34b,P03,2,34,b,past,filtró,0.49,0.85,2,1,0.49,0.74,filt̪,0.74,0.85,ɾo,,,,,,
P03_L2_35a,P03,2,35,a,present,monta,0.51,0.83,2,0,0.51,0.73,mon,0.73,0.83,t̪a,,,,,,
P03_L2_35b,P03,2,35,b,past,montó,0.52,0.82,2,1,0.52,0.72,mon,0.72,0.82,t̪o,,,,,,
P03_L2_36a,P03,2,36,a,present,canta,0.45,0.72,2,0,0.45,0.63,kan,0.63,0.72,t̪a,,,,,,
P03_L2_36b,P03,2,36,b,past,cantó,0.42,0.7,2,1,0.42,0.59,kan,0.59,0.7,t̪o,,,,,,
P03_L2_37a,P03,2,37,a,present,junta,0.47,0.78,2,0,0.47,0.66,xun,0.66,0.78,t̪a,,,,,,
P03_L2_37b,P03,2,37,b,past,juntó,0.52,0.82,2,1,0.52,0.7,xun,0.7,0.82,t̪o,,,,,,
P03_L2_38a,P03,2,38,a,present,marca,0.6,0.93,2,0,0.6,0.85,mar,0.85,0.93,ka,,,,,,
P03_L2_38b,P03,2,38,b,past,marcó,0.7,1.14,2,1,0.7,0.94,mar,0.94,1.14,ko,,,,,,
P03_L2_39a,P03,2,39,a,present,mezcla,0.52,0.85,2,0,0.52,0.7,meθ,0.7,0.85,kla,,,,,,
P03_L2_39b,P03,2,39,b,past,mezcló,0.57,0.89,2,1,0.57,0.75,meθ,0.75,0.89,klo,,,,,,
P03_L2_40a,P03,2,40,a,present,sopla,0.53,0.92,2,0,0.53,0.77,so,0.77,0.92,pla,,,,,,
P03_L2_40b,P03,2,40,b,past,sopló,0.54,0.89,2,1,0.54,0.74,so,0.74,0.89,plo,,,,,,
P03_L2_41a,P03,2,41,a,present,culpa,0.49,0.81,2,0,0.49,0.7,kul,0.7,0.81,pa,,,,,,
P03_L2_41b,P03,2,41,b,past,culpó,0.46,0.75,2,1,0.46,0.64,kul,0.64,0.75,po,,,,,,
P03_L2_42a,P03,2,42,a,present,mancha,0.5,0.85,2,0,0.5,0.7,man,0.7,0.85,tʃa,,,,,,
P03_L2_42b,P03,2,42,b,past,manchó,0.46,0.76,2,1,0.46,0.62,man,0.62,0.76,tʃo,,,,,,
P03_L2_43a,P03,2,43,a,present,gasta,0.6,0.91,2,0,0.6,0.81,ɡas,0.81,0.91,t̪a,,,,,,
P03_L2_43b,P03,2,43,b,past,gastó,0.62,0.93,2,1,0.62,0.82,ɡas,0.82,0.93,t̪o,,,,,,
P03_L2_44a,P03,2,44,a,present,salta,0.5,0.88,2,0,0.5,0.76,sal,0.76,0.88,t̪a,,,,,,
P03_L2_44b,P03,2,44,b,past,saltó,0.53,0.86,2,1,0.53,0.74,sal,0.74,0.86,t̪o,,,,,,
P03_L2_45a,P03,2,45,a,present,corta,0.64,0.91,2,0,0.64,0.83,kor,0.83,0.91,t̪a,,,,,,
P03_L2_45b,P03,2,45,b,past,cortó,0.66,0.91,2,1,0.66,0.82,kor,0.82,0.91,t̪o,,,,,,
P03_L2_46a,P03,2,46,a,present,busca,0.43,0.75,2,0,0.43,0.64,bus,0.64,0.75,ka,,,,,,
P03_L2_46b,P03,2,46,b,past,buscó,0.45,0.78,2,1,0.45,0.63,bus,0.63,0.78,ko,,,,,,
P03_L2_47a,P03,2,47,a,present,limpia,0.55,0.85,2,0,0.55,0.72,lim,0.72,0.85,pja,,,,,,
P03_L2_47b,P03,2,47,b,past,limpió,0.57,0.88,2,1,0.57,0.73,lim,0.73,0.88,pjo,,,,,,
P03_L2_48a,P03,2,48,a,present,planta,0.62,0.97,2,0,0.62,0.87,plan,0.87,0.97,t̪a,,,,,,
P03_L2_48b,P03,2,48,b,past,plantó,0.54,0.84,2,1,0.54,0.75,plan,0.75,0.84,t̪o,,,,,,
P03_L2_49a,P03,2,49,a,present,filtra,0.52,0.92,2,0,0.52,0.83,filt̪,0.83,0.92,ɾa,,,,,,
P03_L2_49b,P03,2,49,b,past,filtró,0.52,0.85,2,1,0.52,0.77,filt̪,0.77,0.85,ɾo,,,,,,
P03_L2_50a,P03,2,50,a,present,monta,0.68,1.03,2,0,0.68,0.91,mon,0.91,1.03,t̪a,,,,,,
P03_L2_50b,P03,2,50,b,past,montó,0.53,0.85,2,1,0.53,0.72,mon,0.72,0.85,t̪o,,,,,,
P03_L2_51a,P03,2,51,a,present,canta,0.55,0.84,2,0,0.55,0.74,kan,0.74,0.84,t̪a,,,,,,
P03_L2_51b,P03,2,51,b,past,cantó,0.6,0.91,2,1,0.6,0.78,kan,0.78,0.91,t̪o,,,,,,
P03_L2_52a,P03,2,52,a,present,junta,0.54,0.88,2,0,0.54,0.78,xun,0.78,0.88,t̪a,,,,,,
P03_L2_52b,P03,2,52,b,past,juntó,0.58,0.93,2,1,0.58,0.81,xun,0.81,0.93,t̪o,,,,,,
P03_L2_53a,P03,2,53,a,present,marca,0.43,0.79,2,0,0.43,0.68,mar,0.68,0.79,ka,,,,,,
P03_L2_53b,P03,2,53,b,past,marcó,0.38,0.7,2,1,0.38,0.59,mar,0.59,0.7,ko,,,,,,
P03_L2_54a,P03,2,54,a,present,mezcla,0.52,0.89,2,0,0.52,0.72,meθ,0.72,0.89,kla,,,,,,
P03_L2_54b,P03,2,54,b,past,mezcló,0.52,0.88,2,1,0.52,0.73,meθ,0.73,0.88,klo,,,,,,
P03_L2_55a,P03,2,55,a,present,sopla,0.54,0.88,2,0,0.54,0.76,so,0.76,0.88,pla,,,,,,
P03_L2_55b,P03,2,55,b,past,sopló,0.52,0.86,2,1,0.52,0.73,so,0.73,0.86,plo,,,,,,
P03_L2_56a,P03,2,56,a,present,culpa,0.49,0.85,2,0,0.49,0.71,kul,0.71,0.85,pa,,,,,,
P03_L2_56b,P03,2,56,b,past,culpó,0.48,0.79,2,1,0.48,0.66,kul,0.66,0.79,po,,,,,,
P03_L2_57a,P03,2,57,a,present,mancha,0.56,0.91,2,0,0.56,0.75,man,0.75,0.91,tʃa,,,,,,
P03_L2_57b,P03,2,57,b,past,manchó,0.54,0.92,2,1,0.54,0.75,man,0.75,0.92,tʃo,,,,,,
P03_L2_58a,P03,2,58,a,present,gasta,0.51,0.82,2,0,0.51,0.71,ɡas,0.71,0.82,t̪a,,,,,,
P03_L2_58b,P03,2,58,b,past,gastó,0.59,0.96,2,1,0.59,0.82,ɡas,0.82,0.96,t̪o,,,,,,
P03_L2_59a,P03,2,59,a,present,salta,0.49,0.87,2,0,0.49,0.78,sal,0.78,0.87,t̪a,,,,,,
P03_L2_59b,P03,2,59,b,past,saltó,0.53,0.95,2,1,0.53,0.77,sal,0.77,0.95,t̪o,,,,,,
P03_L2_60a,P03,2,60,a,present,corta,0.6,0.93,2,0,0.6,0.83,kor,0.83,0.93,t̪a,,,,,,
P03_L2_60b,P03,2,60,b,past,cortó,0.57,0.9,2,1,0.57,0.77,kor,0.77,0.9,t̪o,,,,,,
P03_L2_61a,P03,2,61,a,present,busca,0.61,0.96,2,0,0.61,0.84,bus,0.84,0.96,ka,,,,,,
P03_L2_61b,P03,2,61,b,past,buscó,0.5,0.82,2,1,0.5,0.69,bus,0.69,0.82,ko,,,,,,
P03_L2_62a,P03,2,62,a,present,limpia,0.7,1.0,2,0,0.7,0.88,lim,0.88,1.0,pja,,,,,,
P03_L2_62b,P03,2,62,b,past,limpió,0.54,0.85,2,1,0.54,0.72,lim,0.72,0.85,pjo,,,,,,
P03_L2_63a,P03,2,63,a,present,planta,0.45,0.77,2,0,0.45,0.68,plan,0.68,0.77,t̪a,,,,,,
P03_L2_63b,P03,2,63,b,past,plantó,0.5,0.83,2,1,0.5,0.71,plan,0.71,0.83,t̪o,,,,,,
P03_L2_64a,P03,2,64,a,present,filtra,0.71,1.08,2,0,0.71,0.99,filt̪,0.99,1.08,ɾa,,,,,,
P03_L2_64b,P03,2,64,b,past,filtró,0.58,1.0,2,1,0.58,0.89,filt̪,0.89,1.0,ɾo,,,,,,
P03_L2_65a,P03,2,65,a,present,monta,0.5,0.87,2,0,0.5,0.78,mon,0.78,0.87,t̪a,,,,,,
P03_L2_65b,P03,2,65,b,past,montó,0.46,0.8,2,1,0.46,0.69,mon,0.69,0.8,t̪o,,,,,,
P03_L2_66a,P03,2,66,a,present,canta,0.45,0.74,2,0,0.45,0.63,kan,0.63,0.74,t̪a,,,,,,
P03_L2_66b,P03,2,66,b,past,cantó,0.49,0.79,2,1,0.49,0.67,kan,0.67,0.79,t̪o,,,,,,
P03_L2_67a,P03,2,67,a,present,junta,0.47,0.74,2,0,0.47,0.66,xun,0.66,0.74,t̪a,,,,,,
P03_L2_67b,P03,2,67,b,past,juntó,0.49,0.81,2,1,0.49,0.7,xun,0.7,0.81,t̪o,,,,,,
P03_L2_68a,P03,2,68,a,present,marca,0.56,0.93,2,0,0.56,0.82,mar,0.82,0.93,ka,,,,,,
P03_L2_68b,P03,2,68,b,past,marcó,0.47,0.84,2,1,0.47,0.7,mar,0.7,0.84,ko,,,,,,
P03_L2_69a,P03,2,69,a,present,mezcla,0.72,1.09,2,0,0.72,0.93,mes,0.93,1.09,kla,,,,,,
P03_L2_69b,P03,2,69,b,past,mezcló,0.65,1.05,2,1,0.65,0.83,meθ,0.83,1.05,klo,,,,,,
P03_L2_70a,P03,2,70,a,present,sopla,0.51,0.9,2,0,0.51,0.76,so,0.76,0.9,pla,,,,,,
P03_L2_70b,P03,2,70,b,past,sopló,0.56,0.92,2,1,0.56,0.77,so,0.77,0.92,plo,,,,,,
P03_L2_71a,P03,2,71,a,present,culpa,0.61,0.94,2,0,0.61,0.8,kul,0.8,0.94,pa,,,,,,
P03_L2_71b,P03,2,71,b,past,culpó,0.62,0.96,2,1,0.62,0.83,kul,0.83,0.96,po,,,,,,
P03_L2_72a,P03,2,72,a,present,mancha,0.46,0.8,2,0,0.46,0.66,man,0.66,0.8,tʃa,,,,,,
P03_L2_72b,P03,2,72,b,past,manchó,0.49,0.9,2,1,0.49,0.72,man,0.72,0.9,tʃo,,,,,,
P03_L2_73a,P03,2,73,a,present,gasta,0.55,0.88,2,0,0.55,0.78,ɡas,0.78,0.88,t̪a,,,,,,
P03_L2_73b,P03,2,73,b,past,gastó,0.55,0.9,2,1,0.55,0.76,ɡas,0.76,0.9,t̪o,,,,,,
P03_L2_74a,P03,2,74,a,present,salta,0.59,0.92,2,0,0.59,0.8,sal,0.8,0.92,t̪a,,,,,,
P03_L2_74b,P03,2,74,b,past,saltó,0.53,0.86,2,1,0.53,0.74,sal,0.74,0.86,t̪o,,,,,,
P03_L2_75a,P03,2,75,a,present,corta,0.48,0.77,2,0,0.48,0.65,kor,0.65,0.77,t̪a,,,,,,
P03_L2_75b,P03,2,75,b,past,cortó,0.43,0.71,2,1,0.43,0.57,kor,0.57,0.71,t̪o,,,,,,
P03_L2_76a,P03,2,76,a,present,busca,0.46,0.78,2,0,0.46,0.67,bus,0.67,0.78,ka,,,,,,
P03_L2_76b,P03,2,76,b,past,buscó,0.52,0.86,2,1,0.52,0.7,bus,0.7,0.86,ko,,,,,,
P03_L2_77a,P03,2,77,a,present,limpia,0.5,0.82,2,0,0.5,0.68,lim,0.68,0.82,pja,,,,,,
P03_L2_77b,P03,2,77,b,past,limpió,0.51,0.8,2,1,0.51,0.66,lim,0.66,0.8,pjo,,,,,,
P03_L2_78a,P03,2,78,a,present,planta,0.57,0.87,2,0,0.57,0.79,plan,0.79,0.87,t̪a,,,,,,
P03_L2_78b,P03,2,78,b,past,plantó,0.6,0.86,2,1,0.6,0.79,plan,0.79,0.86,t̪o,,,,,,
P03_L2_79a,P03,2,79,a,present,filtra,0.58,0.92,2,0,0.58,0.83,filt̪,0.83,0.92,ɾa,,,,,,
P03_L2_79b,P03,2,79,b,past,filtró,0.6,0.95,2,1,0.6,0.85,filt̪,0.85,0.95,ɾo,,,,,,
P03_L2_80a,P03,2,80,a,present,monta,0.54,0.84,2,0,0.54,0.75,mon,0.75,0.84,t̪a,,,,,,
P03_L2_80b,P03,2,80,b,past,montó,0.46,0.75,2,1,0.46,0.64,mon,0.64,0.75,t̪o,,,,,,
P03_L2_81a,P03,2,81,a,present,canta,0.45,0.71,2,0,0.45,0.61,kan,0.61,0.71,t̪a,,,,,,
P03_L2_81b,P03,2,81,b,past,cantó,0.57,0.87,2,1,0.57,0.76,kan,0.76,0.87,t̪o,,,,,,
P03_L2_82a,P03,2,82,a,present,junta,0.53,0.89,2,0,0.53,0.77,xun,0.77,0.89,t̪a,,,,,,
P03_L2_82b,P03,2,82,b,past,juntó,0.55,0.87,2,1,0.55,0.76,xun,0.76,0.87,t̪o,,,,,,
P03_L2_83a,P03,2,83,a,present,marca,0.5,0.83,2,0,0.5,0.73,mar,0.73,0.83,ka,,,,,,
P03_L2_83b,P03,2,83,b,past,marcó,0.48,0.83,2,1,0.48,0.7,mar,0.7,0.83,ko,,,,,,
P03_L2_84a,P03,2,84,a,present,mezcla,0.48,0.89,2,0,0.48,0.72,meθ,0.72,0.89,kla,,,,,,
P03_L2_84b,P03,2,84,b,past,mezcló,0.6,0.92,2,1,0.6,0.78,meθ,0.78,0.92,klo,,,,,,
P03_L2_85a,P03,2,85,a,present,sopla,0.56,0.87,2,0,0.56,0.75,so,0.75,0.87,pla,,,,,,
P03_L2_85b,P03,2,85,b,past,sopló,0.51,0.8,2,1,0.51,0.68,so,0.68,0.8,plo,,,,,,
P03_L2_86a,P03,2,86,a,present,culpa,0.77,1.1,2,0,0.77,0.98,kul,0.98,1.1,pa,,,,,,
P03_L2_86b,P03,2,86,b,past,culpó,0.49,0.91,2,1,0.49,0.68,kul,0.68,0.91,po,,,,,,
P03_L2_87a,P03,2,87,a,present,mancha,0.74,1.1,2,0,0.74,0.94,man,0.94,1.1,tʃa,,,,,,
P03_L2_87b,P03,2,87,b,past,manchó,0.54,0.93,2,1,0.54,0.75,man,0.75,0.93,tʃo,,,,,,
P03_L2_88a,P03,2,88,a,present,gasta,0.53,0.82,2,0,0.53,0.71,ɡas,0.71,0.82,t̪a,,,,,,
P03_L2_88b,P03,2,88,b,past,gastó,0.63,0.93,2,1,0.63,0.82,ɡas,0.82,0.93,t̪o,,,,,,
P03_L2_89a,P03,2,89,a,present,salta,0.53,0.92,2,0,0.53,0.84,sal,0.84,0.92,t̪a,,,,,,
P03_L2_89b,P03,2,89,b,past,saltó,0.38,0.72,2,1,0.38,0.61,sal,0.61,0.72,t̪o,,,,,,
P03_L2_90a,P03,2,90,a,present,corta,0.58,0.86,2,0,0.58,0.74,kor,0.74,0.86,t̪a,,,,,,
P03_L2_90b,P03,2,90,b,past,cortó,0.59,0.95,2,1,0.59,0.77,kor,0.77,0.95,t̪o,,,,,,
P04_L1_01a,P04,1,1,a,present,busca,0.78,1.16,2,0,0.78,1.01,bus,1.01,1.16,ka,,,,,,
P04_L1_01b,P04,1,1,b,past,buscó,0.52,0.92,2,1,0.52,0.75,bus,0.75,0.92,ko,,,,,,
P04_L1_02a,P04,1,2,a,present,limpia,0.78,1.21,2,0,0.78,1.02,lim,1.02,1.21,pja,,,,,,
P04_L1_02b,P04,1,2,b,past,limpió,0.65,1.04,2,1,0.65,0.87,lim,0.87,1.04,pjo,,,,,,
P04_L1_03a,P04,1,3,a,present,planta,0.73,1.13,2,0,0.73,1.01,plan,1.01,1.13,t̪a,,,,,,
P04_L1_03b,P04,1,3,b,past,plantó,0.54,0.95,2,1,0.54,0.82,plan,0.82,0.95,t̪o,,,,,,
P04_L1_04a,P04,1,4,a,present,filtra,0.84,1.28,2,0,0.84,1.15,filt̪,1.15,1.28,ɾa,,,,,,
P04_L1_04b,P04,1,4,b,past,filtró,0.6,1.27,2,1,0.6,1.12,filt̪,1.12,1.27,ɾo,,,,,,
P04_L1_05a,P04,1,5,a,present,monta,0.79,1.33,2,0,0.79,1.13,mon,1.13,1.33,t̪a,,,,,,
P04_L1_05b,P04,1,5,b,past,montó,0.67,1.03,2,1,0.67,0.91,mon,0.91,1.03,t̪o,,,,,,
P04_L1_06a,P04,1,6,a,present,canta,0.73,1.18,2,0,0.73,1.0,kan,1.0,1.18,t̪a,,,,,,
P04_L1_06b,P04,1,6,b,past,cantó,0.75,1.15,2,1,0.75,1.01,kan,1.01,1.15,t̪o,,,,,,
P04_L1_07a,P04,1,7,a,present,junta,0.87,1.4,2,0,0.87,1.24,xun,1.24,1.4,t̪a,,,,,,
P04_L1_07b,P04,1,7,b,past,juntó,0.64,1.09,2,1,0.64,0.95,xun,0.95,1.09,t̪o,,,,,,
P04_L1_08a,P04,1,8,a,present,marca,0.69,1.11,2,0,0.69,0.98,mar,0.98,1.11,ka,,,,,,
P04_L1_08b,P04,1,8,b,past,marcó,0.59,1.03,2,1,0.59,0.88,mar,0.88,1.03,ko,,,,,,
P04_L1_09a,P04,1,9,a,present,mezcla,0.54,1.2,2,0,0.54,0.81,mes,0.81,1.2,kla,,,,,,
P04_L1_09b,P04,1,9,b,past,mezcló,0.46,0.93,2,1,0.46,0.68,meθ,0.68,0.93,klo,,,,,,
P04_L1_10a,P04,1,10,a,present,sopla,0.96,1.39,2,0,0.96,1.21,so,1.21,1.39,pla,,,,,,
P04_L1_10b,P04,1,10,b,past,sopló,1.0,1.39,2,1,1.0,1.19,so,1.19,1.39,plo,,,,,,
P04_L1_11a,P04,1,11,a,present,culpa,1.01,1.49,2,0,1.01,1.28,kul,1.28,1.49,pa,,,,,,
P04_L1_11b,P04,1,11,b,past,culpó,0.8,1.23,2,1,0.8,1.0,kul,1.0,1.23,po,,,,,,
P04_L1_12a,P04,1,12,a,present,mancha,0.89,1.3,2,0,0.89,1.11,man,1.11,1.3,tʃa,,,,,,
P04_L1_12b,P04,1,12,b,past,manchó,0.55,1.0,2,1,0.55,0.8,man,0.8,1.0,tʃo,,,,,,
P04_L1_13a,P04,1,13,a,present,gasta,0.64,0.99,2,0,0.64,0.9,ɡas,0.9,0.99,t̪a,,,,,,
P04_L1_13b,P04,1,13,b,past,gastó,0.52,0.89,2,1,0.52,0.78,ɡas,0.78,0.89,t̪o,,,,,,
P04_L1_14a,P04,1,14,a,present,salta,0.64,1.06,2,0,0.64,0.92,sal,0.92,1.06,t̪a,,,,,,
P04_L1_14b,P04,1,14,b,past,saltó,0.79,1.28,2,1,0.79,1.11,sal,1.11,1.28,t̪o,,,,,,
P04_L1_15a,P04,1,15,a,present,corta,0.95,1.33,2,0,0.95,1.2,kor,1.2,1.33,t̪a,,,,,,
P04_L1_15b,P04,1,15,b,past,cortó,0.8,1.19,2,1,0.8,1.05,kor,1.05,1.19,t̪o,,,,,,
P04_L1_16a,P04,1,16,a,present,busca,0.59,1.0,2,0,0.59,0.83,bus,0.83,1.0,ka,,,,,,
P04_L1_16b,P04,1,16,b,past,buscó,0.64,1.11,2,1,0.64,0.96,bus,0.96,1.11,ko,,,,,,
P04_L1_17a,P04,1,17,a,present,limpia,0.78,1.2,2,0,0.78,1.01,lim,1.01,1.2,pja,,,,,,
P04_L1_17b,P04,1,17,b,past,limpió,0.57,0.97,2,1,0.57,0.78,lim,0.78,0.97,pjo,,,,,,
P04_L1_18a,P04,1,18,a,present,planta,0.7,1.11,2,0,0.7,0.97,plan,0.97,1.11,t̪a,,,,,,
P04_L1_18b,P04,1,18,b,past,plantó,0.52,0.97,2,1,0.52,0.82,plan,0.82,0.97,t̪o,,,,,,
P04_L1_19a,P04,1,19,a,present,filtra,0.76,1.34,2,0,0.76,1.17,filt̪,1.17,1.34,ɾa,,,,,,
P04_L1_19b,P04,1,19,b,past,filtró,0.57,1.24,2,1,0.57,0.91,filt̪,0.91,1.24,ɾo,,,,,,
P04_L1_20a,P04,1,20,a,present,monta,0.61,1.02,2,0,0.61,0.88,mon,0.88,1.02,t̪a,,,,,,
P04_L1_20b,P04,1,20,b,past,montó,0.49,0.9,2,1,0.49,0.76,mon,0.76,0.9,t̪o,,,,,,
P04_L1_21a,P04,1,21,a,present,canta,0.73,1.09,2,0,0.73,0.95,kan,0.95,1.09,t̪a,,,,,,
P04_L1_21b,P04,1,21,b,past,cantó,0.6,0.93,2,1,0.6,0.83,kan,0.83,0.93,t̪o,,,,,,
P04_L1_22a,P04,1,22,a,present,junta,0.69,1.18,2,0,0.69,1.04,xun,1.04,1.18,t̪a,,,,,,
P04_L1_22b,P04,1,22,b,past,juntó,0.49,0.92,2,1,0.49,0.78,xun,0.78,0.92,t̪o,,,,,,
P04_L1_23a,P04,1,23,a,present,marca,0.59,1.04,2,0,0.59,0.88,mar,0.88,1.04,ka,,,,,,
P04_L1_23b,P04,1,23,b,past,marcó,0.56,0.93,2,1,0.56,0.81,mar,0.81,0.93,ko,,,,,,
P04_L1_24a,P04,1,24,a,present,mezcla,0.64,1.29,2,0,0.64,1.03,meθ,1.03,1.29,kla,,,,,,
P04_L1_24b,P04,1,24,b,past,mezcló,0.55,1.04,2,1,0.55,0.77,meθ,0.77,1.04,klo,,,,,,
P04_L1_25a,P04,1,25,a,present,sopla,0.69,1.2,2,0,0.69,0.98,so,0.98,1.2,pla,,,,,,
P04_L1_25b,P04,1,25,b,past,sopló,0.63,1.05,2,1,0.63,0.88,so,0.88,1.05,plo,,,,,,
P04_L1_26a,P04,1,26,a,present,culpa,0.73,1.4,2,0,0.73,1.06,kul,1.06,1.4,pa,,,,,,
P04_L1_26b,P04,1,26,b,past,culpó,0.63,0.98,2,1,0.63,0.83,kul,0.83,0.98,po,,,,,,
P04_L1_27a,P04,1,27,a,present,mancha,1.14,1.77,2,0,1.14,1.43,man,1.43,1.77,tʃa,,,,,,
P04_L1_27b,P04,1,27,b,past,manchó,0.38,0.73,2,1,0.38,0.6,man,0.6,0.73,tʃo,,,,,,
P04_L1_28a,P04,1,28,a,present,gasta,0.75,1.42,2,0,0.75,1.15,ɡas,1.15,1.42,t̪a,,,,,,
P04_L1_28b,P04,1,28,b,past,gastó,0.71,1.13,2,1,0.71,0.99,ɡas,0.99,1.13,t̪o,,,,,,
P04_L1_29a,P04,1,29,a,present,salta,0.8,1.27,2,0,0.8,1.1,sal,1.1,1.27,t̪a,,,,,,
P04_L1_29b,P04,1,29,b,past,saltó,0.68,1.12,2,1,0.68,0.99,sal,0.99,1.12,t̪o,,,,,,
P04_L1_30a,P04,1,30,a,present,corta,0.54,0.95,2,0,0.54,0.76,kor,0.76,0.95,t̪a,,,,,,
P04_L1_30b,P04,1,30,b,past,cortó,0.44,0.87,2,1,0.44,0.68,kor,0.68,0.87,t̪o,,,,,,
P04_L1_31a,P04,1,31,a,present,busca,0.69,1.09,2,0,0.69,0.94,bus,0.94,1.09,ka,,,,,,
P04_L1_31b,P04,1,31,b,past,buscó,0.67,1.1,2,1,0.67,0.95,bus,0.95,1.1,ko,,,,,,
P04_L1_32a,P04,1,32,a,present,limpia,0.78,1.17,2,0,0.78,1.01,lim,1.01,1.17,pja,,,,,,
P04_L1_32b,P04,1,32,b,past,limpió,0.5,0.88,2,1,0.5,0.69,lim,0.69,0.88,pjo,,,,,,
P04_L1_33a,P04,1,33,a,present,planta,0.82,1.43,2,0,0.82,1.19,plan,1.19,1.43,t̪a,,,,,,
P04_L1_33b,P04,1,33,b,past,plantó,0.84,1.27,2,1,0.84,1.12,plan,1.12,1.27,t̪o,,,,,,
P04_L1_34a,P04,1,34,a,present,filtra,0.84,1.37,2,0,0.84,1.23,filt̪,1.23,1.37,ɾa,,,,,,
P04_L1_34b,P04,1,34,b,past,filtró,0.64,1.19,2,1,0.64,1.05,filt̪,1.05,1.19,ɾo,,,,,,
P04_L1_35a,P04,1,35,a,present,monta,0.76,1.09,2,0,0.76,0.99,mon,0.99,1.09,t̪a,,,,,,
P04_L1_35b,P04,1,35,b,past,montó,0.85,1.2,2,1,0.85,1.06,mon,1.06,1.2,t̪o,,,,,,
P04_L1_36a,P04,1,36,a,present,canta,0.71,1.14,2,0,0.71,0.97,kan,0.97,1.14,t̪a,,,,,,
P04_L1_36b,P04,1,36,b,past,cantó,0.63,0.99,2,1,0.63,0.86,kan,0.86,0.99,t̪o,,,,,,
P04_L1_37a,P04,1,37,a,present,junta,0.84,1.22,2,0,0.84,1.09,xun,1.09,1.22,t̪a,,,,,,
P04_L1_37b,P04,1,37,b,past,juntó,0.6,1.04,2,1,0.6,0.9,xun,0.9,1.04,t̪o,,,,,,
P04_L1_38a,P04,1,38,a,present,marca,0.88,1.26,2,0,0.88,1.14,mar,1.14,1.26,ka,,,,,,
P04_L1_38b,P04,1,38,b,past,marcó,0.86,1.36,2,1,0.86,1.19,mar,1.19,1.36,ko,,,,,,
P04_L1_39a,P04,1,39,a,present,mezcla,0.77,1.44,2,0,0.77,1.02,mes,1.02,1.44,kla,,,,,,
P04_L1_39b,P04,1,39,b,past,mezcló,0.64,1.16,2,1,0.64,0.88,meθ,0.88,1.16,klo,,,,,,
P04_L1_40a,P04,1,40,a,present,sopla,1.07,1.64,2,0,1.07,1.34,so,1.34,1.64,pla,,,,,,
P04_L1_40b,P04,1,40,b,past,sopló,0.78,1.2,2,1,0.78,1.02,so,1.02,1.2,plo,,,,,,
P04_L1_41a,P04,1,41,a,present,culpa,0.73,1.21,2,0,0.73,0.94,kul,0.94,1.21,pa,,,,,,
P04_L1_41b,P04,1,41,b,past,culpó,0.75,1.26,2,1,0.75,1.06,kul,1.06,1.26,po,,,,,,
P04_L1_42a,P04,1,42,a,present,mancha,0.79,1.23,2,0,0.79,1.03,man,1.03,1.23,tʃa,,,,,,
P04_L1_42b,P04,1,42,b,past,manchó,1.42,1.86,2,1,1.42,1.66,man,1.66,1.86,tʃo,,,,,,
P04_L1_43a,P04,1,43,a,present,gasta,0.83,1.25,2,0,0.83,1.11,ɡas,1.11,1.25,t̪a,,,,,,
P04_L1_43b,P04,1,43,b,past,gastó,0.67,1.03,2,1,0.67,0.94,ɡas,0.94,1.03,t̪o,,,,,,
P04_L1_44a,P04,1,44,a,present,salta,0.81,1.24,2,0,0.81,1.11,sal,1.11,1.24,t̪a,,,,,,
P04_L1_44b,P04,1,44,b,past,saltó,0.55,0.98,2,1,0.55,0.85,sal,0.85,0.98,t̪o,,,,,,
P04_L1_45a,P04,1,45,a,present,corta,0.85,1.26,2,0,0.85,1.12,kor,1.12,1.26,t̪a,,,,,,
P04_L1_45b,P04,1,45,b,past,cortó,0.69,1.18,2,1,0.69,0.93,kor,0.93,1.18,t̪o,,,,,,
P04_L1_46a,P04,1,46,a,present,busca,0.76,1.19,2,0,0.76,1.03,bus,1.03,1.19,ka,,,,,,
P04_L1_46b,P04,1,46,b,past,buscó,0.51,0.93,2,1,0.51,0.78,bus,0.78,0.93,ko,,,,,,
P04_L1_47a,P04,1,47,a,present,limpia,0.65,1.02,2,0,0.65,0.84,lim,0.84,1.02,pja,,,,,,
P04_L1_47b,P04,1,47,b,past,limpió,0.64,1.05,2,1,0.64,0.85,lim,0.85,1.05,pjo,,,,,,
P04_L1_48a,P04,1,48,a,present,planta,0.87,1.31,2,0,0.87,1.18,plan,1.18,1.31,t̪a,,,,,,
P04_L1_48b,P04,1,48,b,past,plantó,0.65,1.08,2,1,0.65,0.95,plan,0.95,1.08,t̪o,,,,,,
P04_L1_49a,P04,1,49,a,present,filtra,0.46,1.04,2,0,0.46,0.89,filt̪,0.89,1.04,ɾa,,,,,,
P04_L1_49b,P04,1,49,b,past,filtró,0.58,1.03,2,1,0.58,0.93,filt̪,0.93,1.03,ɾo,,,,,,
P04_L1_50a,P04,1,50,a,present,monta,0.64,1.09,2,0,0.64,0.95,mon,0.95,1.09,t̪a,,,,,,
P04_L1_50b,P04,1,50,b,past,montó,0.79,1.22,2,1,0.79,1.09,mon,1.09,1.22,t̪o,,,,,,
P04_L1_51a,P04,1,51,a,present,canta,0.68,1.07,2,0,0.68,0.91,kan,0.91,1.07,t̪a,,,,,,
P04_L1_51b,P04,1,51,b,past,cantó,0.76,1.15,2,1,0.76,1.01,kan,1.01,1.15,t̪o,,,,,,
P04_L1_52a,P04,1,52,a,present,junta,0.69,1.11,2,0,0.69,0.96,xun,0.96,1.11,t̪a,,,,,,
P04_L1_52b,P04,1,52,b,past,juntó,0.6,0.98,2,1,0.6,0.87,xun,0.87,0.98,t̪o,,,,,,
P04_L1_53a,P04,1,53,a,present,marca,0.66,1.08,2,0,0.66,0.93,mar,0.93,1.08,ka,,,,,,
P04_L1_53b,P04,1,53,b,past,marcó,0.63,1.04,2,1,0.63,0.89,mar,0.89,1.04,ko,,,,,,
P04_L1_54a,P04,1,54,a,present,mezcla,0.67,1.36,2,0,0.67,0.95,mes,0.95,1.36,kla,,,,,,
P04_L1_54b,P04,1,54,b,past,mezcló,0.69,1.2,2,1,0.69,0.93,meθ,0.93,1.2,klo,,,,,,
P04_L1_55a,P04,1,55,a,present,sopla,0.76,1.36,2,0,0.76,1.06,so,1.06,1.36,pla,,,,,,
P04_L1_55b,P04,1,55,b,past,sopló,0.68,1.06,2,1,0.68,0.92,so,0.92,1.06,plo,,,,,,
P04_L1_56a,P04,1,56,a,present,culpa,0.64,1.1,2,0,0.64,0.88,kul,0.88,1.1,pa,,,,,,
P04_L1_56b,P04,1,56,b,past,culpó,0.69,1.09,2,1,0.69,0.89,kul,0.89,1.09,po,,,,,,
P04_L1_57a,P04,1,57,a,present,mancha,0.72,1.14,2,0,0.72,0.95,man,0.95,1.14,tʃa,,,,,,
P04_L1_57b,P04,1,57,b,past,manchó,0.62,1.02,2,1,0.62,0.84,man,0.84,1.02,tʃo,,,,,,
P04_L1_58a,P04,1,58,a,present,gasta,0.7,1.07,2,0,0.7,0.93,ɡas,0.93,1.07,t̪a,,,,,,
P04_L1_58b,P04,1,58,b,past,gastó,0.59,1.01,2,1,0.59,0.87,ɡas,0.87,1.01,t̪o,,,,,,
P04_L1_59a,P04,1,59,a,present,salta,0.7,1.19,2,0,0.7,1.03,sal,1.03,1.19,t̪a,,,,,,
P04_L1_59b,P04,1,59,b,past,saltó,0.54,0.93,2,1,0.54,0.8,sal,0.8,0.93,t̪o,,,,,,
P04_L1_60a,P04,1,60,a,present,corta,0.67,1.06,2,0,0.67,0.87,kor,0.87,1.06,t̪a,,,,,,
P04_L1_60b,P04,1,60,b,past,cortó,0.79,1.18,2,1,0.79,1.01,kor,1.01,1.18,t̪o,,,,,,
P04_L1_61a,P04,1,61,a,present,busca,0.79,1.21,2,0,0.79,1.04,bus,1.04,1.21,ka,,,,,,
P04_L1_61b,P04,1,61,b,past,buscó,0.67,1.08,2,1,0.67,0.92,bus,0.92,1.08,ko,,,,,,
P04_L1_62a,P04,1,62,a,present,limpia,0.59,0.98,2,0,0.59,0.8,lim,0.8,0.98,pja,,,,,,
P04_L1_62b,P04,1,62,b,past,limpió,0.48,0.96,2,1,0.48,0.71,lim,0.71,0.96,pjo,,,,,,
P04_L1_63a,P04,1,63,a,present,planta,0.91,1.28,2,0,0.91,1.16,plan,1.16,1.28,t̪a,,,,,,
P04_L1_63b,P04,1,63,b,past,plantó,0.89,1.31,2,1,0.89,1.19,plan,1.19,1.31,t̪o,,,,,,
P04_L1_64a,P04,1,64,a,present,filtra,0.89,1.44,2,0,0.89,1.29,filt̪,1.29,1.44,ɾa,,,,,,
P04_L1_64b,P04,1,64,b,past,filtró,0.93,1.47,2,1,0.93,1.33,filt̪,1.33,1.47,ɾo,,,,,,
P04_L1_65a,P04,1,65,a,present,monta,0.93,1.4,2,0,0.93,1.22,mon,1.22,1.4,t̪a,,,,,,
P04_L1_65b,P04,1,65,b,past,montó,0.48,0.83,2,1,0.48,0.7,mon,0.7,0.83,t̪o,,,,,,
P04_L1_66a,P04,1,66,a,present,canta,1.03,1.44,2,0,1.03,1.28,kan,1.28,1.44,t̪a,,,,,,
P04_L1_66b,P04,1,66,b,past,cantó,0.61,1.03,2,1,0.61,0.87,kan,0.87,1.03,t̪o,,,,,,
P04_L1_67a,P04,1,67,a,present,junta,0.6,1.12,2,0,0.6,0.97,xun,0.97,1.12,t̪a,,,,,,
P04_L1_67b,P04,1,67,b,past,juntó,0.78,1.28,2,1,0.78,1.1,xun,1.1,1.28,t̪o,,,,,,
P04_L1_68a,P04,1,68,a,present,marca,0.87,1.24,2,0,0.87,1.1,mar,1.1,1.24,ka,,,,,,
P04_L1_68b,P04,1,68,b,past,marcó,0.65,1.06,2,1,0.65,0.93,mar,0.93,1.06,ko,,,,,,
P04_L1_69a,P04,1,69,a,present,mezcla,0.9,1.36,2,0,0.9,1.16,meθ,1.16,1.36,kla,,,,,,
P04_L1_69b,P04,1,69,b,past,mezcló,0.62,1.17,2,1,0.62,0.89,meθ,0.89,1.17,klo,,,,,,
P04_L1_70a,P04,1,70,a,present,sopla,1.06,1.65,2,0,1.06,1.34,so,1.34,1.65,pla,,,,,,
P04_L1_70b,P04,1,70,b,past,sopló,0.84,1.24,2,1,0.84,1.09,so,1.09,1.24,plo,,,,,,
P04_L1_71a,P04,1,71,a,present,culpa,0.76,1.2,2,0,0.76,0.96,kul,0.96,1.2,pa,,,,,,
P04_L1_71b,P04,1,71,b,past,culpó,0.89,1.28,2,1,0.89,1.14,kul,1.14,1.28,po,,,,,,
P04_L1_72a,P04,1,72,a,present,mancha,0.85,1.37,2,0,0.85,1.11,man,1.11,1.37,tʃa,,,,,,
P04_L1_72b,P04,1,72,b,past,manchó,0.59,1.05,2,1,0.59,0.86,man,0.86,1.05,tʃo,,,,,,
P04_L1_73a,P04,1,73,a,present,gasta,1.09,1.54,2,0,1.09,1.42,ɡas,1.42,1.54,t̪a,,,,,,
P04_L1_73b,P04,1,73,b,past,gastó,0.58,1.06,2,1,0.58,0.91,ɡas,0.91,1.06,t̪o,,,,,,
P04_L1_74a,P04,1,74,a,present,salta,0.64,1.15,2,0,0.64,0.98,sal,0.98,1.15,t̪a,,,,,,
P04_L1_74b,P04,1,74,b,past,saltó,0.75,1.18,2,1,0.75,1.01,sal,1.01,1.18,t̪o,,,,,,
P04_L1_75a,P04,1,75,a,present,corta,0.88,1.27,2,0,0.88,1.09,kor,1.09,1.27,t̪a,,,,,,
P04_L1_75b,P04,1,75,b,past,cortó,0.63,1.0,2,1,0.63,0.84,kor,0.84,1.0,t̪o,,,,,,
P04_L1_76a,P04,1,76,a,present,busca,0.82,1.2,2,0,0.82,1.05,bus,1.05,1.2,ka,,,,,,
P04_L1_76b,P04,1,76,b,past,buscó,0.62,1.02,2,1,0.62,0.88,bus,0.88,1.02,ko,,,,,,
P04_L1_77a,P04,1,77,a,present,limpia,0.86,1.24,2,0,0.86,1.08,lim,1.08,1.24,pja,,,,,,
P04_L1_77b,P04,1,77,b,past,limpió,0.63,1.01,2,1,0.63,0.84,lim,0.84,1.01,pjo,,,,,,
P04_L1_78a,P04,1,78,a,present,planta,0.72,1.1,2,0,0.72,0.99,plan,0.99,1.1,t̪a,,,,,,
P04_L1_78b,P04,1,78,b,past,plantó,0.64,1.09,2,1,0.64,0.97,plan,0.97,1.09,t̪o,,,,,,
P04_L1_79a,P04,1,79,a,present,filtra,0.68,1.16,2,0,0.68,1.02,filt̪,1.02,1.16,ɾa,,,,,,
P04_L1_79b,P04,1,79,b,past,filtró,0.49,1.01,2,1,0.49,0.88,filt̪,0.88,1.01,ɾo,,,,,,
P04_L1_80a,P04,1,80,a,present,monta,0.73,1.17,2,0,0.73,1.0,mon,1.0,1.17,t̪a,,,,,,
P04_L1_80b,P04,1,80,b,past,montó,0.61,1.04,2,1,0.61,0.9,mon,0.9,1.04,t̪o,,,,,,
P04_L1_81a,P04,1,81,a,present,canta,0.76,1.19,2,0,0.76,1.0,kan,1.0,1.19,t̪a,,,,,,
P04_L1_81b,P04,1,81,b,past,cantó,0.62,0.94,2,1,0.62,0.85,kan,0.85,0.94,t̪o,,,,,,
P04_L1_82a,P04,1,82,a,present,junta,0.69,1.13,2,0,0.69,0.99,xun,0.99,1.13,t̪a,,,,,,
P04_L1_82b,P04,1,82,b,past,juntó,0.59,0.99,2,1,0.59,0.86,xun,0.86,0.99,t̪o,,,,,,
P04_L1_83a,P04,1,83,a,present,marca,0.54,1.08,2,0,0.54,0.87,mar,0.87,1.08,ka,,,,,,
P04_L1_83b,P04,1,83,b,past,marcó,0.55,0.93,2,1,0.55,0.81,mar,0.81,0.93,ko,,,,,,
P04_L1_84a,P04,1,84,a,present,mezcla,0.73,1.24,2,0,0.73,1.0,meθ,1.0,1.24,kla,,,,,,
P04_L1_84b,P04,1,84,b,past,mezcló,0.73,1.16,2,1,0.73,0.93,meθ,0.93,1.16,klo,,,,,,
P04_L1_85a,P04,1,85,a,present,sopla,0.76,1.14,2,0,0.76,0.99,so,0.99,1.14,pla,,,,,,
P04_L1_85b,P04,1,85,b,past,sopló,0.61,0.98,2,1,0.61,0.81,so,0.81,0.98,plo,,,,,,
P04_L1_86a,P04,1,86,a,present,culpa,0.74,1.14,2,0,0.74,0.96,kul,0.96,1.14,pa,,,,,,
P04_L1_86b,P04,1,86,b,past,culpó,0.59,1.05,2,1,0.59,0.81,kul,0.81,1.05,po,,,,,,
P04_L1_87a,P04,1,87,a,present,mancha,0.74,1.21,2,0,0.74,0.99,man,0.99,1.21,tʃa,,,,,,
P04_L1_87b,P04,1,87,b,past,manchó,0.64,1.03,2,1,0.64,0.86,man,0.86,1.03,tʃo,,,,,,
P04_L1_88a,P04,1,88,a,present,gasta,0.79,1.15,2,0,0.79,1.04,ɡas,1.04,1.15,t̪a,,,,,,
P04_L1_88b,P04,1,88,b,past,gastó,0.57,0.9,2,1,0.57,0.8,ɡas,0.8,0.9,t̪o,,,,,,
P04_L1_89a,P04,1,89,a,present,salta,0.83,1.25,2,0,0.83,1.12,sal,1.12,1.25,t̪a,,,,,,
P04_L1_89b,P04,1,89,b,past,saltó,0.82,1.21,2,1,0.82,1.09,sal,1.09,1.21,t̪o,,,,,,
P04_L1_90a,P04,1,90,a,present,corta,0.8,1.16,2,0,0.8,0.99,kor,0.99,1.16,t̪a,,,,,,
P04_L1_90b,P04,1,90,b,past,cortó,0.53,0.89,2,1,0.53,0.73,kor,0.73,0.89,t̪o,,,,,,
P04_L2_01a,P04,2,1,a,present,busca,0.66,1.04,2,0,0.66,0.88,bus,0.88,1.04,ka,,,,,,
P04_L2_01b,P04,2,1,b,past,buscó,0.82,1.19,2,1,0.82,1.04,bus,1.04,1.19,ko,,,,,,
P04_L2_02a,P04,2,2,a,present,limpia,0.81,1.19,2,0,0.81,1.03,lim,1.03,1.19,pja,,,,,,
P04_L2_02b,P04,2,2,b,past,limpió,0.98,1.41,2,1,0.98,1.23,lim,1.23,1.41,pjo,,,,,,
P04_L2_03a,P04,2,3,a,present,planta,0.61,1.0,2,0,0.61,0.88,plan,0.88,1.0,t̪a,,,,,,
P04_L2_03b,P04,2,3,b,past,plantó,0.56,1.05,2,1,0.56,0.86,plan,0.86,1.05,t̪o,,,,,,
P04_L2_04a,P04,2,4,a,present,filtra,0.78,1.35,2,0,0.78,1.19,filt̪,1.19,1.35,ɾa,,,,,,
P04_L2_04b,P04,2,4,b,past,filtró,0.82,1.43,2,1,0.82,1.28,filt̪,1.28,1.43,ɾo,,,,,,
P04_L2_05a,P04,2,5,a,present,monta,1.08,1.5,2,0,1.08,1.36,mon,1.36,1.5,t̪a,,,,,,
P04_L2_05b,P04,2,5,b,past,montó,0.72,1.14,2,1,0.72,0.97,mon,0.97,1.14,t̪o,,,,,,
P04_L2_06a,P04,2,6,a,present,canta,0.84,1.24,2,0,0.84,1.1,kan,1.1,1.24,t̪a,,,,,,
P04_L2_06b,P04,2,6,b,past,cantó,0.72,1.22,2,1,0.72,1.05,kan,1.05,1.22,t̪o,,,,,,
P04_L2_07a,P04,2,7,a,present,junta,0.82,1.26,2,0,0.82,1.11,xun,1.11,1.26,t̪a,,,,,,
P04_L2_07b,P04,2,7,b,past,juntó,0.79,1.29,2,1,0.79,1.13,xun,1.13,1.29,t̪o,,,,,,
P04_L2_08a,P04,2,8,a,present,marca,0.85,1.3,2,0,0.85,1.14,mar,1.14,1.3,ka,,,,,,
P04_L2_08b,P04,2,8,b,past,marcó,0.88,1.32,2,1,0.88,1.16,mar,1.16,1.32,ko,,,,,,
P04_L2_09a,P04,2,9,a,present,mezcla,0.59,1.19,2,0,0.59,0.89,meθ,0.89,1.19,kla,,,,,,
P04_L2_09b,P04,2,9,b,past,mezcló,0.91,1.57,2,1,0.91,1.18,meθ,1.18,1.57,klo,,,,,,
P04_L2_10a,P04,2,10,a,present,sopla,0.86,1.31,2,0,0.86,1.1,so,1.1,1.31,pla,,,,,,
P04_L2_10b,P04,2,10,b,past,sopló,0.88,1.4,2,1,0.88,1.13,so,1.13,1.4,plo,,,,,,
P04_L2_11a,P04,2,11,a,present,culpa,0.77,1.16,2,0,0.77,0.98,kul,0.98,1.16,pa,,,,,,
P04_L2_11b,P04,2,11,b,past,culpó,0.78,1.17,2,1,0.78,1.0,kul,1.0,1.17,po,,,,,,
P04_L2_12a,P04,2,12,a,present,mancha,0.72,1.2,2,0,0.72,0.95,man,0.95,1.2,tʃa,,,,,,
P04_L2_12b,P04,2,12,b,past,manchó,0.82,1.3,2,1,0.82,1.07,man,1.07,1.3,tʃo,,,,,,
P04_L2_13a,P04,2,13,a,present,gasta,0.79,1.16,2,0,0.79,1.02,ɡas,1.02,1.16,t̪a,,,,,,
P04_L2_13b,P04,2,13,b,past,gastó,0.71,1.08,2,1,0.71,0.95,ɡas,0.95,1.08,t̪o,,,,,,
P04_L2_14a,P04,2,14,a,present,salta,0.65,1.12,2,0,0.65,0.94,sal,0.94,1.12,t̪a,,,,,,
P04_L2_14b,P04,2,14,b,past,saltó,0.82,1.29,2,1,0.82,1.13,sal,1.13,1.29,t̪o,,,,,,
P04_L2_15a,P04,2,15,a,present,corta,0.79,1.13,2,0,0.79,0.97,kor,0.97,1.13,t̪a,,,,,,
P04_L2_15b,P04,2,15,b,past,cortó,0.76,1.17,2,1,0.76,0.98,kor,0.98,1.17,t̪o,,,,,,
P04_L2_16a,P04,2,16,a,present,busca,0.53,0.95,2,0,0.53,0.75,bus,0.75,0.95,ka,,,,,,
P04_L2_16b,P04,2,16,b,past,buscó,0.6,1.04,2,1,0.6,0.89,bus,0.89,1.04,ko,,,,,,
P04_L2_17a,P04,2,17,a,present,limpia,0.67,1.08,2,0,0.67,0.89,lim,0.89,1.08,pja,,,,,,
P04_L2_17b,P04,2,17,b,past,limpió,0.76,1.13,2,1,0.76,0.96,lim,0.96,1.13,pjo,,,,,,
P04_L2_18a,P04,2,18,a,present,planta,0.72,1.14,2,0,0.72,1.02,plan,1.02,1.14,t̪a,,,,,,
P04_L2_18b,P04,2,18,b,past,plantó,0.72,1.15,2,1,0.72,0.98,plan,0.98,1.15,t̪o,,,,,,
P04_L2_19a,P04,2,19,a,present,filtra,0.64,1.2,2,0,0.64,1.06,filt̪,1.06,1.2,ɾa,,,,,,
P04_L2_19b,P04,2,19,b,past,filtró,0.66,1.22,2,1,0.66,1.07,filt̪,1.07,1.22,ɾo,,,,,,
P04_L2_20a,P04,2,20,a,present,monta,0.54,0.95,2,0,0.54,0.78,mon,0.78,0.95,t̪a,,,,,,
P04_L2_20b,P04,2,20,b,past,montó,0.65,1.06,2,1,0.65,0.9,mon,0.9,1.06,t̪o,,,,,,
P04_L2_21a,P04,2,21,a,present,canta,0.49,0.87,2,0,0.49,0.74,kan,0.74,0.87,t̪a,,,,,,
P04_L2_21b,P04,2,21,b,past,cantó,0.81,1.19,2,1,0.81,1.06,kan,1.06,1.19,t̪o,,,,,,
P04_L2_22a,P04,2,22,a,present,junta,0.81,1.25,2,0,0.81,1.1,xun,1.1,1.25,t̪a,,,,,,
P04_L2_22b,P04,2,22,b,past,juntó,0.7,1.15,2,1,0.7,0.97,xun,0.97,1.15,t̪o,,,,,,
P04_L2_23a,P04,2,23,a,present,marca,0.81,1.19,2,0,0.81,1.07,mar,1.07,1.19,ka,,,,,,
P04_L2_23b,P04,2,23,b,past,marcó,0.93,1.34,2,1,0.93,1.22,mar,1.22,1.34,ko,,,,,,
P04_L2_24a,P04,2,24,a,present,mezcla,0.48,1.05,2,0,0.48,0.73,meθ,0.73,1.05,kla,,,,,,
P04_L2_24b,P04,2,24,b,past,mezcló,0.98,1.48,2,1,0.98,1.2,meθ,1.2,1.48,klo,,,,,,
P04_L2_25a,P04,2,25,a,present,sopla,0.49,0.9,2,0,0.49,0.72,so,0.72,0.9,pla,,,,,,
P04_L2_25b,P04,2,25,b,past,sopló,0.68,1.06,2,1,0.68,0.91,so,0.91,1.06,plo,,,,,,
P04_L2_26a,P04,2,26,a,present,culpa,0.73,1.09,2,0,0.73,0.88,kul,0.88,1.09,pa,,,,,,
P04_L2_26b,P04,2,26,b,past,culpó,0.73,1.18,2,1,0.73,0.92,kul,0.92,1.18,po,,,,,,
P04_L2_27a,P04,2,27,a,present,mancha,0.65,1.02,2,0,0.65,0.85,man,0.85,1.02,tʃa,,,,,,
P04_L2_27b,P04,2,27,b,past,manchó,0.65,1.05,2,1,0.65,0.88,man,0.88,1.05,tʃo,,,,,,
P04_L2_28a,P04,2,28,a,present,gasta,0.64,1.0,2,0,0.64,0.88,ɡas,0.88,1.0,t̪a,,,,,,
P04_L2_28b,P04,2,28,b,past,gastó,0.87,1.3,2,1,0.87,1.14,ɡas,1.14,1.3,t̪o,,,,,,
P04_L2_29a,P04,2,29,a,present,salta,0.85,1.26,2,0,0.85,1.12,sal,1.12,1.26,t̪a,,,,,,
P04_L2_29b,P04,2,29,b,past,saltó,0.93,1.44,2,1,0.93,1.22,sal,1.22,1.44,t̪o,,,,,,
P04_L2_30a,P04,2,30,a,present,corta,0.63,0.99,2,0,0.63,0.81,kor,0.81,0.99,t̪a,,,,,,
P04_L2_30b,P04,2,30,b,past,cortó,0.87,1.28,2,1,0.87,1.09,kor,1.09,1.28,t̪o,,,,,,
P04_L2_31a,P04,2,31,a,present,busca,0.63,1.0,2,0,0.63,0.86,bus,0.86,1.0,ka,,,,,,
P04_L2_31b,P04,2,31,b,past,buscó,0.58,0.94,2,1,0.58,0.8,bus,0.8,0.94,ko,,,,,,
P04_L2_32a,P04,2,32,a,present,limpia,0.64,1.01,2,0,0.64,0.87,lim,0.87,1.01,pja,,,,,,
P04_L2_32b,P04,2,32,b,past,limpió,0.62,1.01,2,1,0.62,0.83,lim,0.83,1.01,pjo,,,,,,
P04_L2_33a,P04,2,33,a,present,planta,0.62,0.99,2,0,0.62,0.89,plan,0.89,0.99,t̪a,,,,,,
P04_L2_33b,P04,2,33,b,past,plantó,0.58,1.01,2,1,0.58,0.84,plan,0.84,1.01,t̪o,,,,,,
P04_L2_34a,P04,2,34,a,present,filtra,0.51,1.04,2,0,0.51,0.91,filt̪,0.91,1.04,ɾa,,,,,,
P04_L2_34b,P04,2,34,b,past,filtró,0.73,1.2,2,1,0.73,1.08,filt̪,1.08,1.2,ɾo,,,,,,
P04_L2_35a,P04,2,35,a,present,monta,0.57,0.98,2,0,0.57,0.85,mon,0.85,0.98,t̪a,,,,,,
P04_L2_35b,P04,2,35,b,past,montó,0.94,1.3,2,1,0.94,1.18,mon,1.18,1.3,t̪o,,,,,,
P04_L2_36a,P04,2,36,a,present,canta,0.47,0.82,2,0,0.47,0.7,kan,0.7,0.82,t̪a,,,,,,
P04_L2_36b,P04,2,36,b,past,cantó,0.61,0.99,2,1,0.61,0.85,kan,0.85,0.99,t̪o,,,,,,
P04_L2_37a,P04,2,37,a,present,junta,0.64,1.06,2,0,0.64,0.91,xun,0.91,1.06,t̪a,,,,,,
P04_L2_37b,P04,2,37,b,past,juntó,0.62,0.99,2,1,0.62,0.87,xun,0.87,0.99,t̪o,,,,,,
P04_L2_38a,P04,2,38,a,present,marca,0.81,1.27,2,0,0.81,1.09,mar,1.09,1.27,ka,,,,,,
P04_L2_38b,P04,2,38,b,past,marcó,0.7,1.11,2,1,0.7,0.96,mar,0.96,1.11,ko,,,,,,
P04_L2_39a,P04,2,39,a,present,mezcla,0.58,1.07,2,0,0.58,0.81,meθ,0.81,1.07,kla,,,,,,
P04_L2_39b,P04,2,39,b,past,mezcló,0.63,1.11,2,1,0.63,0.86,meθ,0.86,1.11,klo,,,,,,
P04_L2_40a,P04,2,40,a,present,sopla,0.65,1.12,2,0,0.65,0.88,so,0.88,1.12,pla,,,,,,
P04_L2_40b,P04,2,40,b,past,sopló,0.77,1.14,2,1,0.77,0.99,so,0.99,1.14,plo,,,,,,
P04_L2_41a,P04,2,41,a,present,culpa,0.57,0.97,2,0,0.57,0.8,kul,0.8,0.97,pa,,,,,,
P04_L2_41b,P04,2,41,b,past,culpó,1.01,1.44,2,1,1.01,1.26,kul,1.26,1.44,po,,,,,,
P04_L2_42a,P04,2,42,a,present,mancha,0.53,0.94,2,0,0.53,0.75,man,0.75,0.94,tʃa,,,,,,
P04_L2_42b,P04,2,42,b,past,manchó,0.71,1.1,2,1,0.71,0.93,man,0.93,1.1,tʃo,,,,,,
P04_L2_43a,P04,2,43,a,present,gasta,0.81,1.18,2,0,0.81,1.07,ɡas,1.07,1.18,t̪a,,,,,,
P04_L2_43b,P04,2,43,b,past,gastó,0.7,1.11,2,1,0.7,0.97,ɡas,0.97,1.11,t̪o,,,,,,
P04_L2_44a,P04,2,44,a,present,salta,0.56,1.04,2,0,0.56,0.89,sal,0.89,1.04,t̪a,,,,,,
P04_L2_44b,P04,2,44,b,past,saltó,0.88,1.31,2,1,0.88,1.17,sal,1.17,1.31,t̪o,,,,,,
P04_L2_45a,P04,2,45,a,present,corta,0.88,1.28,2,0,0.88,1.1,kor,1.1,1.28,t̪a,,,,,,
P04_L2_45b,P04,2,45,b,past,cortó,0.9,1.42,2,1,0.9,1.15,kor,1.15,1.42,t̪o,,,,,,
P04_L2_46a,P04,2,46,a,present,busca,0.62,1.07,2,0,0.62,0.91,bus,0.91,1.07,ka,,,,,,
P04_L2_46b,P04,2,46,b,past,buscó,0.89,1.28,2,1,0.89,1.13,bus,1.13,1.28,ko,,,,,,
P04_L2_47a,P04,2,47,a,present,limpia,0.77,1.36,2,0,0.77,1.1,lim,1.1,1.36,pja,,,,,,
P04_L2_47b,P04,2,47,b,past,limpió,1.08,1.51,2,1,1.08,1.29,lim,1.29,1.51,pjo,,,,,,
P04_L2_48a,P04,2,48,a,present,planta,0.63,1.18,2,0,0.63,1.0,plan,1.0,1.18,t̪a,,,,,,
P04_L2_48b,P04,2,48,b,past,plantó,0.81,1.21,2,1,0.81,1.05,plan,1.05,1.21,t̪o,,,,,,
P04_L2_49a,P04,2,49,a,present,filtra,0.55,1.0,2,0,0.55,0.9,filt̪,0.9,1.0,ɾa,,,,,,
P04_L2_49b,P04,2,49,b,past,filtró,0.92,1.36,2,1,0.92,1.25,filt̪,1.25,1.36,ɾo,,,,,,
P04_L2_50a,P04,2,50,a,present,monta,0.56,0.93,2,0,0.56,0.78,mon,0.78,0.93,t̪a,,,,,,
P04_L2_50b,P04,2,50,b,past,montó,0.74,1.13,2,1,0.74,0.99,mon,0.99,1.13,t̪o,,,,,,
P04_L2_51a,P04,2,51,a,present,canta,1.02,1.4,2,0,1.02,1.27,kan,1.27,1.4,t̪a,,,,,,
P04_L2_51b,P04,2,51,b,past,cantó,0.89,1.31,2,1,0.89,1.16,kan,1.16,1.31,t̪o,,,,,,
P04_L2_52a,P04,2,52,a,present,junta,0.69,1.11,2,0,0.69,0.98,xun,0.98,1.11,t̪a,,,,,,
P04_L2_52b,P04,2,52,b,past,juntó,0.67,1.08,2,1,0.67,0.97,xun,0.97,1.08,t̪o,,,,,,
P04_L2_53a,P04,2,53,a,present,marca,0.67,1.06,2,0,0.67,0.93,mar,0.93,1.06,ka,,,,,,
P04_L2_53b,P04,2,53,b,past,marcó,0.69,1.08,2,1,0.69,0.94,mar,0.94,1.08,ko,,,,,,
P04_L2_54a,P04,2,54,a,present,mezcla,0.53,1.02,2,0,0.53,0.82,meθ,0.82,1.02,kla,,,,,,
P04_L2_54b,P04,2,54,b,past,mezcló,0.63,1.1,2,1,0.63,0.87,meθ,0.87,1.1,klo,,,,,,
P04_L2_55a,P04,2,55,a,present,sopla,0.5,0.87,2,0,0.5,0.71,so,0.71,0.87,pla,,,,,,
P04_L2_55b,P04,2,55,b,past,sopló,0.67,1.17,2,1,0.67,0.88,so,0.88,1.17,plo,,,,,,
P04_L2_56a,P04,2,56,a,present,culpa,0.63,0.98,2,0,0.63,0.84,kul,0.84,0.98,pa,,,,,,
P04_L2_56b,P04,2,56,b,past,culpó,0.61,0.95,2,1,0.61,0.79,kul,0.79,0.95,po,,,,,,
P04_L2_57a,P04,2,57,a,present,mancha,0.64,1.05,2,0,0.64,0.87,man,0.87,1.05,tʃa,,,,,,
P04_L2_57b,P04,2,57,b,past,manchó,0.56,0.99,2,1,0.56,0.77,man,0.77,0.99,tʃo,,,,,,
P04_L2_58a,P04,2,58,a,present,gasta,0.64,1.03,2,0,0.64,0.89,ɡas,0.89,1.03,t̪a,,,,,,
P04_L2_58b,P04,2,58,b,past,gastó,0.86,1.25,2,1,0.86,1.13,ɡas,1.13,1.25,t̪o,,,,,,
P04_L2_59a,P04,2,59,a,present,salta,0.57,0.98,2,0,0.57,0.85,sal,0.85,0.98,t̪a,,,,,,
P04_L2_59b,P04,2,59,b,past,saltó,0.7,1.14,2,1,0.7,1.01,sal,1.01,1.14,t̪o,,,,,,
P04_L2_60a,P04,2,60,a,present,corta,0.57,1.03,2,0,0.57,0.84,kor,0.84,1.03,t̪a,,,,,,
P04_L2_60b,P04,2,60,b,past,cortó,0.65,1.0,2,1,0.65,0.84,kor,0.84,1.0,t̪o,,,,,,
P04_L2_61a,P04,2,61,a,present,busca,0.52,0.88,2,0,0.52,0.75,bus,0.75,0.88,ka,,,,,,
P04_L2_61b,P04,2,61,b,past,buscó,0.48,0.86,2,1,0.48,0.71,bus,0.71,0.86,ko,,,,,,
P04_L2_62a,P04,2,62,a,present,limpia,0.71,1.1,2,0,0.71,0.92,lim,0.92,1.1,pja,,,,,,
P04_L2_62b,P04,2,62,b,past,limpió,0.54,0.94,2,1,0.54,0.75,lim,0.75,0.94,pjo,,,,,,
P04_L2_63a,P04,2,63,a,present,planta,0.59,1.02,2,0,0.59,0.83,plan,0.83,1.02,t̪a,,,,,,
P04_L2_63b,P04,2,63,b,past,plantó,0.59,0.95,2,1,0.59,0.84,plan,0.84,0.95,t̪o,,,,,,
P04_L2_64a,P04,2,64,a,present,filtra,0.81,1.34,2,0,0.81,1.19,filt̪,1.19,1.34,ɾa,,,,,,
P04_L2_64b,P04,2,64,b,past,filtró,1.07,1.56,2,1,1.07,1.43,filt̪,1.43,1.56,ɾo,,,,,,
P04_L2_65a,P04,2,65,a,present,monta,0.63,0.98,2,0,0.63,0.86,mon,0.86,0.98,t̪a,,,,,,
P04_L2_65b,P04,2,65,b,past,montó,0.64,1.05,2,1,0.64,0.87,mon,0.87,1.05,t̪o,,,,,,
P04_L2_66a,P04,2,66,a,present,canta,1.03,1.38,2,0,1.03,1.25,kan,1.25,1.38,t̪a,,,,,,
P04_L2_66b,P04,2,66,b,past,cantó,0.59,0.97,2,1,0.59,0.84,kan,0.84,0.97,t̪o,,,,,,
P04_L2_67a,P04,2,67,a,present,junta,0.65,1.1,2,0,0.65,0.94,xun,0.94,1.1,t̪a,,,,,,
P04_L2_67b,P04,2,67,b,past,juntó,1.25,1.7,2,1,1.25,1.56,xun,1.56,1.7,t̪o,,,,,,
P04_L2_68a,P04,2,68,a,present,marca,0.64,1.01,2,0,0.64,0.88,mar,0.88,1.01,ka,,,,,,
P04_L2_68b,P04,2,68,b,past,marcó,0.51,0.89,2,1,0.51,0.77,mar,0.77,0.89,ko,,,,,,
P04_L2_69a,P04,2,69,a,present,mezcla,0.64,1.09,2,0,0.64,0.89,meθ,0.89,1.09,kla,,,,,,
P04_L2_69b,P04,2,69,b,past,mezcló,0.81,1.27,2,1,0.81,1.04,meθ,1.04,1.27,klo,,,,,,
P04_L2_70a,P04,2,70,a,present,sopla,0.94,1.36,2,0,0.94,1.17,so,1.17,1.36,pla,,,,,,
P04_L2_70b,P04,2,70,b,past,sopló,0.84,1.23,2,1,0.84,1.07,so,1.07,1.23,plo,,,,,,
P04_L2_71a,P04,2,71,a,present,culpa,1.19,1.55,2,0,1.19,1.4,kul,1.4,1.55,pa,,,,,,
P04_L2_71b,P04,2,71,b,past,culpó,1.13,1.55,2,1,1.13,1.38,kul,1.38,1.55,po,,,,,,
P04_L2_72a,P04,2,72,a,present,mancha,0.87,1.34,2,0,0.87,1.14,man,1.14,1.34,tʃa,,,,,,
P04_L2_72b,P04,2,72,b,past,manchó,0.78,1.16,2,1,0.78,0.99,man,0.99,1.16,tʃo,,,,,,
P04_L2_73a,P04,2,73,a,present,gasta,0.57,0.94,2,0,0.57,0.83,ɡas,0.83,0.94,t̪a,,,,,,
P04_L2_73b,P04,2,73,b,past,gastó,0.85,1.22,2,1,0.85,1.13,ɡas,1.13,1.22,t̪o,,,,,,
P04_L2_74a,P04,2,74,a,present,salta,0.61,1.04,2,0,0.61,0.88,sal,0.88,1.04,t̪a,,,,,,
P04_L2_74b,P04,2,74,b,past,saltó,0.67,1.12,2,1,0.67,0.98,sal,0.98,1.12,t̪o,,,,,,
P04_L2_75a,P04,2,75,a,present,corta,0.73,1.07,2,0,0.73,0.9,kor,0.9,1.07,t̪a,,,,,,
P04_L2_75b,P04,2,75,b,past,cortó,0.72,1.08,2,1,0.72,0.9,kor,0.9,1.08,t̪o,,,,,,
P04_L2_76a,P04,2,76,a,present,busca,0.64,1.02,2,0,0.64,0.86,bus,0.86,1.02,ka,,,,,,
P04_L2_76b,P04,2,76,b,past,buscó,1.03,1.43,2,1,1.03,1.31,bus,1.31,1.43,ko,,,,,,
P04_L2_77a,P04,2,77,a,present,limpia,0.74,1.08,2,0,0.74,0.9,lim,0.9,1.08,pja,,,,,,
P04_L2_77b,P04,2,77,b,past,limpió,0.68,1.02,2,1,0.68,0.85,lim,0.85,1.02,pjo,,,,,,
P04_L2_78a,P04,2,78,a,present,planta,0.59,0.95,2,0,0.59,0.85,plan,0.85,0.95,t̪a,,,,,,
P04_L2_78b,P04,2,78,b,past,plantó,0.86,1.44,2,1,0.86,1.16,plan,1.16,1.44,t̪o,,,,,,
P04_L2_79a,P04,2,79,a,present,filtra,0.62,1.04,2,0,0.62,0.95,filt̪,0.95,1.04,ɾa,,,,,,
P04_L2_79b,P04,2,79,b,past,filtró,0.7,1.14,2,1,0.7,1.03,filt̪,1.03,1.14,ɾo,,,,,,
P04_L2_80a,P04,2,80,a,present,monta,0.52,1.01,2,0,0.52,0.85,mon,0.85,1.01,t̪a,,,,,,
P04_L2_80b,P04,2,80,b,past,montó,0.55,0.91,2,1,0.55,0.79,mon,0.79,0.91,t̪o,,,,,,
P04_L2_81a,P04,2,81,a,present,canta,0.76,1.1,2,0,0.76,0.97,kan,0.97,1.1,t̪a,,,,,,
P04_L2_81b,P04,2,81,b,past,cantó,0.55,0.93,2,1,0.55,0.79,kan,0.79,0.93,t̪o,,,,,,
P04_L2_82a,P04,2,82,a,present,junta,0.63,1.03,2,0,0.63,0.89,xun,0.89,1.03,t̪a,,,,,,
P04_L2_82b,P04,2,82,b,past,juntó,0.49,0.88,2,1,0.49,0.74,xun,0.74,0.88,t̪o,,,,,,
P04_L2_83a,P04,2,83,a,present,marca,0.64,0.98,2,0,0.64,0.88,mar,0.88,0.98,ka,,,,,,
P04_L2_83b,P04,2,83,b,past,marcó,0.68,1.07,2,1,0.68,0.91,mar,0.91,1.07,ko,,,,,,
P04_L2_84a,P04,2,84,a,present,mezcla,0.59,0.96,2,0,0.59,0.8,meθ,0.8,0.96,kla,,,,,,
P04_L2_84b,P04,2,84,b,past,mezcló,0.65,1.03,2,1,0.65,0.85,meθ,0.85,1.03,klo,,,,,,
P04_L2_85a,P04,2,85,a,present,sopla,0.55,0.88,2,0,0.55,0.75,so,0.75,0.88,pla,,,,,,
P04_L2_85b,P04,2,85,b,past,sopló,0.76,1.11,2,1,0.76,0.97,so,0.97,1.11,plo,,,,,,
P04_L2_86a,P04,2,86,a,present,culpa,0.62,0.99,2,0,0.62,0.82,kul,0.82,0.99,pa,,,,,,
P04_L2_86b,P04,2,86,b,past,culpó,0.77,1.13,2,1,0.77,0.95,kul,0.95,1.13,po,,,,,,
P04_L2_87a,P04,2,87,a,present,mancha,0.65,1.05,2,0,0.65,0.86,man,0.86,1.05,tʃa,,,,,,
P04_L2_87b,P04,2,87,b,past,manchó,0.65,1.02,2,1,0.65,0.84,man,0.84,1.02,tʃo,,,,,,
P04_L2_88a,P04,2,88,a,present,gasta,0.65,1.01,2,0,0.65,0.87,ɡas,0.87,1.01,t̪a,,,,,,
P04_L2_88b,P04,2,88,b,past,gastó,0.72,1.05,2,1,0.72,0.94,ɡas,0.94,1.05,t̪o,,,,,,
P04_L2_89a,P04,2,89,a,present,salta,0.46,0.9,2,0,0.46,0.74,sal,0.74,0.9,t̪a,,,,,,
P04_L2_89b,P04,2,89,b,past,saltó,0.54,1.22,2,1,0.54,0.89,sal,0.89,1.22,t̪o,,,,,,
P04_L2_90a,P04,2,90,a,present,corta,0.51,0.87,2,0,0.51,0.75,kor,0.75,0.87,t̪a,,,,,,
P04_L2_90b,P04,2,90,b,past,cortó,0.57,0.88,2,1,0.57,0.73,kor,0.73,0.88,t̪o,,,,,,
P05_L1_01a,P05,1,1,a,present,busca,0.61,1.05,2,0,0.61,0.86,bus,0.86,1.05,ka,,,,,,
P05_L1_01b,P05,1,1,b,past,buscó,0.5,0.98,2,1,0.5,0.72,bus,0.72,0.98,ko,,,,,,
P05_L1_02a,P05,1,2,a,present,limpia,0.71,1.09,2,0,0.71,0.92,lim,0.92,1.09,pja,,,,,,
P05_L1_02b,P05,1,2,b,past,limpió,0.64,0.99,2,1,0.64,0.85,lim,0.85,0.99,pjo,,,,,,
P05_L1_03a,P05,1,3,a,present,planta,0.63,1.01,2,0,0.63,0.9,plan,0.9,1.01,t̪a,,,,,,
P05_L1_03b,P05,1,3,b,past,plantó,0.45,0.82,2,1,0.45,0.73,plan,0.73,0.82,t̪o,,,,,,
P05_L1_04a,P05,1,4,a,present,filtra,0.73,1.21,2,0,0.73,1.12,filt̪,1.12,1.21,ɾa,,,,,,
P05_L1_04b,P05,1,4,b,past,filtró,0.75,1.23,2,1,0.75,1.1,filt̪,1.1,1.23,ɾo,,,,,,
P05_L1_05a,P05,1,5,a,present,monta,0.63,0.99,2,0,0.63,0.85,mon,0.85,0.99,t̪a,,,,,,
P05_L1_05b,P05,1,5,b,past,montó,0.56,0.91,2,1,0.56,0.79,mon,0.79,0.91,t̪o,,,,,,
P05_L1_06a,P05,1,6,a,present,canta,0.92,1.26,2,0,0.92,1.14,kan,1.14,1.26,t̪a,,,,,,
P05_L1_06b,P05,1,6,b,past,cantó,0.62,0.97,2,1,0.62,0.83,kan,0.83,0.97,t̪o,,,,,,
P05_L1_07a,P05,1,7,a,present,junta,0.85,1.27,2,0,0.85,1.14,xun,1.14,1.27,t̪a,,,,,,
P05_L1_07b,P05,1,7,b,past,juntó,0.67,1.07,2,1,0.67,0.94,xun,0.94,1.07,t̪o,,,,,,
P05_L1_08a,P05,1,8,a,present,marca,0.56,0.95,2,0,0.56,0.8,mar,0.8,0.95,ka,,,,,,
P05_L1_08b,P05,1,8,b,past,marcó,0.59,0.96,2,1,0.59,0.82,mar,0.82,0.96,ko,,,,,,
P05_L1_09a,P05,1,9,a,present,mezcla,0.7,1.16,2,0,0.7,0.95,meθ,0.95,1.16,kla,,,,,,
P05_L1_09b,P05,1,9,b,past,mezcló,0.73,1.24,2,1,0.73,0.99,meθ,0.99,1.24,klo,,,,,,
P05_L1_10a,P05,1,10,a,present,sopla,1.13,1.64,2,0,1.13,1.33,so,1.33,1.64,pla,,,,,,
P05_L1_10b,P05,1,10,b,past,sopló,0.8,1.21,2,1,0.8,0.95,so,0.95,1.21,plo,,,,,,
P05_L1_11a,P05,1,11,a,present,culpa,0.83,1.17,2,0,0.83,1.0,kul,1.0,1.17,pa,,,,,,
P05_L1_11b,P05,1,11,b,past,culpó,0.7,1.05,2,1,0.7,0.89,kul,0.89,1.05,po,,,,,,
P05_L1_12a,P05,1,12,a,present,mancha,0.91,1.28,2,0,0.91,1.13,man,1.13,1.28,tʃa,,,,,,
P05_L1_12b,P05,1,12,b,past,manchó,0.66,1.01,2,1,0.66,0.85,man,0.85,1.01,tʃo,,,,,,
P05_L1_13a,P05,1,13,a,present,gasta,0.98,1.28,2,0,0.98,1.19,ɡas,1.19,1.28,t̪a,,,,,,
P05_L1_13b,P05,1,13,b,past,gastó,0.62,0.94,2,1,0.62,0.84,ɡas,0.84,0.94,t̪o,,,,,,
P05_L1_14a,P05,1,14,a,present,salta,0.93,1.31,2,0,0.93,1.17,sal,1.17,1.31,t̪a,,,,,,
P05_L1_14b,P05,1,14,b,past,saltó,0.7,1.07,2,1,0.7,0.94,sal,0.94,1.07,t̪o,,,,,,
P05_L1_15a,P05,1,15,a,present,corta,0.83,1.14,2,0,0.83,1.02,kor,1.02,1.14,t̪a,,,,,,
P05_L1_15b,P05,1,15,b,past,cortó,0.66,0.99,2,1,0.66,0.86,kor,0.86,0.99,t̪o,,,,,,
P05_L1_16a,P05,1,16,a,present,busca,0.67,0.98,2,0,0.67,0.86,bus,0.86,0.98,ka,,,,,,
P05_L1_16b,P05,1,16,b,past,buscó,0.56,1.0,2,1,0.56,0.75,bus,0.75,1.0,ko,,,,,,
P05_L1_17a,P05,1,17,a,present,limpia,0.91,1.22,2,0,0.91,1.1,lim,1.1,1.22,pja,,,,,,
P05_L1_17b,P05,1,17,b,past,limpió,0.65,1.03,2,1,0.65,0.85,lim,0.85,1.03,pjo,,,,,,
P05_L1_18a,P05,1,18,a,present,planta,0.61,1.03,2,0,0.61,0.91,plan,0.91,1.03,t̪a,,,,,,
P05_L1_18b,P05,1,18,b,past,plantó,0.68,1.17,2,1,0.68,1.01,plan,1.01,1.17,t̪o,,,,,,
P05_L1_19a,P05,1,19,a,present,filtra,1.05,1.52,2,0,1.05,1.41,filt̪,1.41,1.52,ɾa,,,,,,
P05_L1_19b,P05,1,19,b,past,filtró,0.59,1.03,2,1,0.59,0.93,filt̪,0.93,1.03,ɾo,,,,,,
P05_L1_20a,P05,1,20,a,present,monta,0.82,1.18,2,0,0.82,1.05,mon,1.05,1.18,t̪a,,,,,,
P05_L1_20b,P05,1,20,b,past,montó,0.65,0.95,2,1,0.65,0.82,mon,0.82,0.95,t̪o,,,,,,
P05_L1_21a,P05,1,21,a,present,canta,0.87,1.19,2,0,0.87,1.07,kan,1.07,1.19,t̪a,,,,,,
P05_L1_21b,P05,1,21,b,past,cantó,0.7,1.06,2,1,0.7,0.93,kan,0.93,1.06,t̪o,,,,,,
P05_L1_22a,P05,1,22,a,present,junta,0.75,1.24,2,0,0.75,1.06,xun,1.06,1.24,t̪a,,,,,,
P05_L1_22b,P05,1,22,b,past,juntó,0.54,0.93,2,1,0.54,0.81,xun,0.81,0.93,t̪o,,,,,,
P05_L1_23a,P05,1,23,a,present,marca,0.72,1.05,2,0,0.72,0.94,mar,0.94,1.05,ka,,,,,,
P05_L1_23b,P05,1,23,b,past,marcó,0.54,0.86,2,1,0.54,0.74,mar,0.74,0.86,ko,,,,,,
P05_L1_24a,P05,1,24,a,present,mezcla,0.61,1.09,2,0,0.61,0.91,meθ,0.91,1.09,kla,,,,,,
P05_L1_24b,P05,1,24,b,past,mezcló,0.58,0.96,2,1,0.58,0.78,meθ,0.78,0.96,klo,,,,,,
P05_L1_25a,P05,1,25,a,present,sopla,0.54,0.91,2,0,0.54,0.76,so,0.76,0.91,pla,,,,,,
P05_L1_25b,P05,1,25,b,past,sopló,0.62,1.02,2,1,0.62,0.83,so,0.83,1.02,plo,,,,,,
P05_L1_26a,P05,1,26,a,present,culpa,0.74,1.11,2,0,0.74,0.95,kul,0.95,1.11,pa,,,,,,
P05_L1_26b,P05,1,26,b,past,culpó,0.48,0.84,2,1,0.48,0.69,kul,0.69,0.84,po,,,,,,
P05_L1_27a,P05,1,27,a,present,mancha,0.54,0.88,2,0,0.54,0.74,man,0.74,0.88,tʃa,,,,,,
P05_L1_27b,P05,1,27,b,past,manchó,0.35,0.65,2,1,0.35,0.52,man,0.52,0.65,tʃo,,,,,,
P05_L1_28a,P05,1,28,a,present,gasta,0.54,0.84,2,0,0.54,0.73,ɡas,0.73,0.84,t̪a,,,,,,
P05_L1_28b,P05,1,28,b,past,gastó,0.61,0.96,2,1,0.61,0.83,ɡas,0.83,0.96,t̪o,,,,,,
P05_L1_29a,P05,1,29,a,present,salta,0.92,1.27,2,0,0.92,1.17,sal,1.17,1.27,t̪a,,,,,,
P05_L1_29b,P05,1,29,b,past,saltó,0.69,1.01,2,1,0.69,0.9,sal,0.9,1.01,t̪o,,,,,,
P05_L1_30a,P05,1,30,a,present,corta,1.13,1.47,2,0,1.13,1.3,kor,1.3,1.47,t̪a,,,,,,
P05_L1_30b,P05,1,30,b,past,cortó,0.69,1.0,2,1,0.69,0.87,kor,0.87,1.0,t̪o,,,,,,
P05_L1_31a,P05,1,31,a,present,busca,0.78,1.08,2,0,0.78,0.97,bus,0.97,1.08,ka,,,,,,
P05_L1_31b,P05,1,31,b,past,buscó,0.81,1.13,2,1,0.81,1.02,bus,1.02,1.13,ko,,,,,,
P05_L1_32a,P05,1,32,a,present,limpia,0.87,1.15,2,0,0.87,1.02,lim,1.02,1.15,pja,,,,,,
P05_L1_32b,P05,1,32,b,past,limpió,0.59,0.89,2,1,0.59,0.73,lim,0.73,0.89,pjo,,,,,,
P05_L1_33a,P05,1,33,a,present,planta,0.6,0.93,2,0,0.6,0.83,plan,0.83,0.93,t̪a,,,,,,
P05_L1_33b,P05,1,33,b,past,plantó,0.67,0.97,2,1,0.67,0.89,plan,0.89,0.97,t̪o,,,,,,
P05_L1_34a,P05,1,34,a,present,filtra,0.9,1.31,2,0,0.9,1.24,filt̪,1.24,1.31,ɾa,,,,,,
P05_L1_34b,P05,1,34,b,past,filtró,0.7,1.08,2,1,0.7,1.0,filt̪,1.0,1.08,ɾo,,,,,,
P05_L1_35a,P05,1,35,a,present,monta,1.09,1.39,2,0,1.09,1.29,mon,1.29,1.39,t̪a,,,,,,
P05_L1_35b,P05,1,35,b,past,montó,0.86,1.15,2,1,0.86,1.05,mon,1.05,1.15,t̪o,,,,,,
P05_L1_36a,P05,1,36,a,present,canta,0.82,1.1,2,0,0.82,1.02,kan,1.02,1.1,t̪a,,,,,,
P05_L1_36b,P05,1,36,b,past,cantó,0.51,0.81,2,1,0.51,0.7,kan,0.7,0.81,t̪o,,,,,,
P05_L1_37a,P05,1,37,a,present,junta,0.79,1.16,2,0,0.79,1.04,xun,1.04,1.16,t̪a,,,,,,
P05_L1_37b,P05,1,37,b,past,juntó,0.57,0.93,2,1,0.57,0.81,xun,0.81,0.93,t̪o,,,,,,
P05_L1_38a,P05,1,38,a,present,marca,0.79,1.28,2,0,0.79,1.05,mar,1.05,1.28,ka,,,,,,
P05_L1_38b,P05,1,38,b,past,marcó,0.6,0.96,2,1,0.6,0.83,mar,0.83,0.96,ko,,,,,,
P05_L1_39a,P05,1,39,a,present,mezcla,0.85,1.24,2,0,0.85,1.05,meθ,1.05,1.24,kla,,,,,,
P05_L1_39b,P05,1,39,b,past,mezcló,0.64,1.02,2,1,0.64,0.82,meθ,0.82,1.02,klo,,,,,,
P05_L1_40a,P05,1,40,a,present,sopla,0.88,1.26,2,0,0.88,1.07,so,1.07,1.26,pla,,,,,,
P05_L1_40b,P05,1,40,b,past,sopló,0.77,1.15,2,1,0.77,0.96,so,0.96,1.15,plo,,,,,,
P05_L1_41a,P05,1,41,a,present,culpa,0.58,0.89,2,0,0.58,0.75,kul,0.75,0.89,pa,,,,,,
P05_L1_41b,P05,1,41,b,past,culpó,0.66,0.98,2,1,0.66,0.87,kul,0.87,0.98,po,,,,,,
P05_L1_42a,P05,1,42,a,present,mancha,0.67,1.11,2,0,0.67,0.9,man,0.9,1.11,tʃa,,,,,,
P05_L1_42b,P05,1,42,b,past,manchó,0.58,0.92,2,1,0.58,0.78,man,0.78,0.92,tʃo,,,,,,
P05_L1_43a,P05,1,43,a,present,gasta,1.04,1.36,2,0,1.04,1.27,ɡas,1.27,1.36,t̪a,,,,,,
P05_L1_43b,P05,1,43,b,past,gastó,0.63,0.92,2,1,0.63,0.83,ɡas,0.83,0.92,t̪o,,,,,,
P05_L1_44a,P05,1,44,a,present,salta,0.6,0.93,2,0,0.6,0.82,sal,0.82,0.93,t̪a,,,,,,
P05_L1_44b,P05,1,44,b,past,saltó,0.56,0.88,2,1,0.56,0.76,sal,0.76,0.88,t̪o,,,,,,
P05_L1_45a,P05,1,45,a,present,corta,0.82,1.13,2,0,0.82,1.01,kor,1.01,1.13,t̪a,,,,,,
P05_L1_45b,P05,1,45,b,past,cortó,0.72,1.06,2,1,0.72,0.89,kor,0.89,1.06,t̪o,,,,,,
P05_L1_46a,P05,1,46,a,present,busca,0.72,1.03,2,0,0.72,0.93,bus,0.93,1.03,ka,,,,,,
P05_L1_46b,P05,1,46,b,past,buscó,0.66,0.97,2,1,0.66,0.86,bus,0.86,0.97,ko,,,,,,
P05_L1_47a,P05,1,47,a,present,limpia,0.7,0.99,2,0,0.7,0.87,lim,0.87,0.99,pja,,,,,,
P05_L1_47b,P05,1,47,b,past,limpió,0.57,0.9,2,1,0.57,0.74,lim,0.74,0.9,pjo,,,,,,
P05_L1_48a,P05,1,48,a,present,planta,0.81,1.13,2,0,0.81,1.04,plan,1.04,1.13,t̪a,,,,,,
P05_L1_48b,P05,1,48,b,past,plantó,0.81,1.13,2,1,0.81,1.01,plan,1.01,1.13,t̪o,,,,,,
P05_L1_49a,P05,1,49,a,present,filtra,0.69,1.1,2,0,0.69,1.01,filt̪,1.01,1.1,ɾa,,,,,,
P05_L1_49b,P05,1,49,b,past,filtró,0.81,1.21,2,1,0.81,1.14,filt̪,1.14,1.21,ɾo,,,,,,
P05_L1_50a,P05,1,50,a,present,monta,0.67,0.97,2,0,0.67,0.86,mon,0.86,0.97,t̪a,,,,,,
P05_L1_50b,P05,1,50,b,past,montó,0.6,0.9,2,1,0.6,0.79,mon,0.79,0.9,t̪o,,,,,,
P05_L1_51a,P05,1,51,a,present,canta,0.56,0.99,2,0,0.56,0.81,kan,0.81,0.99,t̪a,,,,,,
P05_L1_51b,P05,1,51,b,past,cantó,0.56,0.86,2,1,0.56,0.74,kan,0.74,0.86,t̪o,,,,,,
P05_L1_52a,P05,1,52,a,present,junta,0.55,0.87,2,0,0.55,0.8,xun,0.8,0.87,t̪a,,,,,,
P05_L1_52b,P05,1,52,b,past,juntó,0.62,0.94,2,1,0.62,0.86,xun,0.86,0.94,t̪o,,,,,,
P05_L1_53a,P05,1,53,a,present,marca,0.77,1.11,2,0,0.77,0.99,mar,0.99,1.11,ka,,,,,,
P05_L1_53b,P05,1,53,b,past,marcó,0.62,0.98,2,1,0.62,0.83,mar,0.83,0.98,ko,,,,,,
P05_L1_54a,P05,1,54,a,present,mezcla,0.43,0.86,2,0,0.43,0.65,meθ,0.65,0.86,kla,,,,,,
P05_L1_54b,P05,1,54,b,past,mezcló,0.54,0.95,2,1,0.54,0.72,meθ,0.72,0.95,klo,,,,,,
P05_L1_55a,P05,1,55,a,present,sopla,0.57,0.89,2,0,0.57,0.78,so,0.78,0.89,pla,,,,,,
P05_L1_55b,P05,1,55,b,past,sopló,0.5,0.78,2,1,0.5,0.67,so,0.67,0.78,plo,,,,,,
P05_L1_56a,P05,1,56,a,present,culpa,0.64,0.94,2,0,0.64,0.81,kul,0.81,0.94,pa,,,,,,
P05_L1_56b,P05,1,56,b,past,culpó,0.46,0.82,2,1,0.46,0.69,kul,0.69,0.82,po,,,,,,
P05_L1_57a,P05,1,57,a,present,mancha,0.57,0.92,2,0,0.57,0.76,man,0.76,0.92,tʃa,,,,,,
P05_L1_57b,P05,1,57,b,past,manchó,0.42,0.73,2,1,0.42,0.59,man,0.59,0.73,tʃo,,,,,,
P05_L1_58a,P05,1,58,a,present,gasta,0.64,0.92,2,0,0.64,0.82,ɡas,0.82,0.92,t̪a,,,,,,
P05_L1_58b,P05,1,58,b,past,gastó,0.46,0.77,2,1,0.46,0.67,ɡas,0.67,0.77,t̪o,,,,,,
P05_L1_59a,P05,1,59,a,present,salta,0.5,0.87,2,0,0.5,0.76,sal,0.76,0.87,t̪a,,,,,,
P05_L1_59b,P05,1,59,b,past,saltó,0.51,0.84,2,1,0.51,0.73,sal,0.73,0.84,t̪o,,,,,,
P05_L1_60a,P05,1,60,a,present,corta,0.84,1.14,2,0,0.84,1.01,kor,1.01,1.14,t̪a,,,,,,
P05_L1_60b,P05,1,60,b,past,cortó,0.65,0.93,2,1,0.65,0.8,kor,0.8,0.93,t̪o,,,,,,
P05_L1_61a,P05,1,61,a,present,busca,0.91,1.26,2,0,0.91,1.14,bus,1.14,1.26,ka,,,,,,
P05_L1_61b,P05,1,61,b,past,buscó,0.55,0.9,2,1,0.55,0.77,bus,0.77,0.9,ko,,,,,,
P05_L1_62a,P05,1,62,a,present,limpia,0.56,0.83,2,0,0.56,0.73,lim,0.73,0.83,pja,,,,,,
P05_L1_62b,P05,1,62,b,past,limpió,0.53,0.85,2,1,0.53,0.71,lim,0.71,0.85,pjo,,,,,,
P05_L1_63a,P05,1,63,a,present,planta,0.52,0.82,2,0,0.52,0.72,plan,0.72,0.82,t̪a,,,,,,
P05_L1_63b,P05,1,63,b,past,plantó,0.62,0.98,2,1,0.62,0.89,plan,0.89,0.98,t̪o,,,,,,
P05_L1_64a,P05,1,64,a,present,filtra,0.84,1.34,2,0,0.84,1.25,filt̪,1.25,1.34,ɾa,,,,,,
P05_L1_64b,P05,1,64,b,past,filtró,0.63,1.03,2,1,0.63,0.95,filt̪,0.95,1.03,ɾo,,,,,,
P05_L1_65a,P05,1,65,a,present,monta,0.7,1.0,2,0,0.7,0.91,mon,0.91,1.0,t̪a,,,,,,
P05_L1_65b,P05,1,65,b,past,montó,0.63,0.93,2,1,0.63,0.83,mon,0.83,0.93,t̪o,,,,,,
P05_L1_66a,P05,1,66,a,present,canta,0.61,0.92,2,0,0.61,0.8,kan,0.8,0.92,t̪a,,,,,,
P05_L1_66b,P05,1,66,b,past,cantó,0.65,0.95,2,1,0.65,0.83,kan,0.83,0.95,t̪o,,,,,,
P05_L1_67a,P05,1,67,a,present,junta,0.53,0.83,2,0,0.53,0.74,xun,0.74,0.83,t̪a,,,,,,
P05_L1_67b,P05,1,67,b,past,juntó,0.58,1.05,2,1,0.58,0.83,xun,0.83,1.05,t̪o,,,,,,
P05_L1_68a,P05,1,68,a,present,marca,0.69,0.98,2,0,0.69,0.87,mar,0.87,0.98,ka,,,,,,
P05_L1_68b,P05,1,68,b,past,marcó,0.63,0.95,2,1,0.63,0.82,mar,0.82,0.95,ko,,,,,,
P05_L1_69a,P05,1,69,a,present,mezcla,0.92,1.27,2,0,0.92,1.12,meθ,1.12,1.27,kla,,,,,,
P05_L1_69b,P05,1,69,b,past,mezcló,0.53,0.96,2,1,0.53,0.74,meθ,0.74,0.96,klo,,,,,,
P05_L1_70a,P05,1,70,a,present,sopla,0.84,1.25,2,0,0.84,1.09,so,1.09,1.25,pla,,,,,,
P05_L1_70b,P05,1,70,b,past,sopló,0.68,1.15,2,1,0.68,0.93,so,0.93,1.15,plo,,,,,,
P05_L1_71a,P05,1,71,a,present,culpa,0.76,1.08,2,0,0.76,0.96,kul,0.96,1.08,pa,,,,,,
P05_L1_71b,P05,1,71,b,past,culpó,0.82,1.15,2,1,0.82,1.0,kul,1.0,1.15,po,,,,,,
P05_L1_72a,P05,1,72,a,present,mancha,0.55,0.84,2,0,0.55,0.71,man,0.71,0.84,tʃa,,,,,,
P05_L1_72b,P05,1,72,b,past,manchó,0.64,0.92,2,1,0.64,0.78,man,0.78,0.92,tʃo,,,,,,
P05_L1_73a,P05,1,73,a,present,gasta,0.79,1.11,2,0,0.79,1.0,ɡas,1.0,1.11,t̪a,,,,,,
P05_L1_73b,P05,1,73,b,past,gastó,0.54,0.84,2,1,0.54,0.73,ɡas,0.73,0.84,t̪o,,,,,,
P05_L1_74a,P05,1,74,a,present,salta,0.82,1.14,2,0,0.82,1.03,sal,1.03,1.14,t̪a,,,,,,
P05_L1_74b,P05,1,74,b,past,saltó,0.71,1.04,2,1,0.71,0.9,sal,0.9,1.04,t̪o,,,,,,
P05_L1_75a,P05,1,75,a,present,corta,0.75,1.07,2,0,0.75,0.95,kor,0.95,1.07,t̪a,,,,,,
P05_L1_75b,P05,1,75,b,past,cortó,0.67,0.99,2,1,0.67,0.83,kor,0.83,0.99,t̪o,,,,,,
P05_L1_76a,P05,1,76,a,present,busca,0.73,1.02,2,0,0.73,0.92,bus,0.92,1.02,ka,,,,,,
P05_L1_76b,P05,1,76,b,past,buscó,0.65,0.96,2,1,0.65,0.86,bus,0.86,0.96,ko,,,,,,
P05_L1_77a,P05,1,77,a,present,limpia,0.53,0.81,2,0,0.53,0.69,lim,0.69,0.81,pja,,,,,,
P05_L1_77b,P05,1,77,b,past,limpió,0.57,0.86,2,1,0.57,0.73,lim,0.73,0.86,pjo,,,,,,
P05_L1_78a,P05,1,78,a,present,planta,0.68,0.95,2,0,0.68,0.87,plan,0.87,0.95,t̪a,,,,,,
P05_L1_78b,P05,1,78,b,past,plantó,0.5,0.78,2,1,0.5,0.7,plan,0.7,0.78,t̪o,,,,,,
P05_L1_79a,P05,1,79,a,present,filtra,0.68,1.06,2,0,0.68,0.98,filt̪,0.98,1.06,ɾa,,,,,,
P05_L1_79b,P05,1,79,b,past,filtró,0.46,0.82,2,1,0.46,0.76,filt̪,0.76,0.82,ɾo,,,,,,
P05_L1_80a,P05,1,80,a,present,monta,0.67,0.99,2,0,0.67,0.88,mon,0.88,0.99,t̪a,,,,,,
P05_L1_80b,P05,1,80,b,past,montó,0.59,0.91,2,1,0.59,0.78,mon,0.78,0.91,t̪o,,,,,,
P05_L1_81a,P05,1,81,a,present,canta,0.65,0.94,2,0,0.65,0.85,kan,0.85,0.94,t̪a,,,,,,
P05_L1_81b,P05,1,81,b,past,cantó,0.58,0.89,2,1,0.58,0.79,kan,0.79,0.89,t̪o,,,,,,
P05_L1_82a,P05,1,82,a,present,junta,0.71,1.08,2,0,0.71,0.95,xun,0.95,1.08,t̪a,,,,,,
P05_L1_82b,P05,1,82,b,past,juntó,0.51,0.86,2,1,0.51,0.73,xun,0.73,0.86,t̪o,,,,,,
P05_L1_83a,P05,1,83,a,present,marca,0.75,1.09,2,0,0.75,0.97,mar,0.97,1.09,ka,,,,,,
P05_L1_83b,P05,1,83,b,past,marcó,0.71,1.03,2,1,0.71,0.92,mar,0.92,1.03,ko,,,,,,
P05_L1_84a,P05,1,84,a,present,mezcla,0.72,1.05,2,0,0.72,0.92,meθ,0.92,1.05,kla,,,,,,
P05_L1_84b,P05,1,84,b,past,mezcló,0.5,0.82,2,1,0.5,0.69,meθ,0.69,0.82,klo,,,,,,
P05_L1_85a,P05,1,85,a,present,sopla,0.67,0.96,2,0,0.67,0.85,so,0.85,0.96,pla,,,,,,
P05_L1_85b,P05,1,85,b,past,sopló,0.7,0.98,2,1,0.7,0.87,so,0.87,0.98,plo,,,,,,
P05_L1_86a,P05,1,86,a,present,culpa,0.58,0.94,2,0,0.58,0.78,kul,0.78,0.94,pa,,,,,,
P05_L1_86b,P05,1,86,b,past,culpó,0.52,0.86,2,1,0.52,0.71,kul,0.71,0.86,po,,,,,,
P05_L1_87a,P05,1,87,a,present,mancha,0.71,1.09,2,0,0.71,0.91,man,0.91,1.09,tʃa,,,,,,
P05_L1_87b,P05,1,87,b,past,manchó,0.66,0.96,2,1,0.66,0.83,man,0.83,0.96,tʃo,,,,,,
P05_L1_88a,P05,1,88,a,present,gasta,0.69,0.99,2,0,0.69,0.89,ɡas,0.89,0.99,t̪a,,,,,,
P05_L1_88b,P05,1,88,b,past,gastó,0.5,0.78,2,1,0.5,0.69,ɡas,0.69,0.78,t̪o,,,,,,
P05_L1_89a,P05,1,89,a,present,salta,0.56,0.86,2,0,0.56,0.77,sal,0.77,0.86,t̪a,,,,,,
P05_L1_89b,P05,1,89,b,past,saltó,0.47,0.82,2,1,0.47,0.71,sal,0.71,0.82,t̪o,,,,,,
P05_L1_90a,P05,1,90,a,present,corta,0.67,0.96,2,0,0.67,0.85,kor,0.85,0.96,t̪a,,,,,,
P05_L1_90b,P05,1,90,b,past,cortó,0.48,0.76,2,1,0.48,0.65,kor,0.65,0.76,t̪o,,,,,,
P05_L2_01a,P05,2,1,a,present,busca,0.55,0.89,2,0,0.55,0.77,bus,0.77,0.89,ka,,,,,,
P05_L2_01b,P05,2,1,b,past,buscó,0.82,1.24,2,1,0.82,1.07,bus,1.07,1.24,ko,,,,,,
P05_L2_02a,P05,2,2,a,present,limpia,0.67,0.98,2,0,0.67,0.85,lim,0.85,0.98,pja,,,,,,
P05_L2_02b,P05,2,2,b,past,limpió,0.48,0.79,2,1,0.48,0.67,lim,0.67,0.79,pjo,,,,,,
P05_L2_03a,P05,2,3,a,present,planta,0.55,0.88,2,0,0.55,0.79,plan,0.79,0.88,t̪a,,,,,,
P05_L2_03b,P05,2,3,b,past,plantó,0.93,1.26,2,1,0.93,1.14,plan,1.14,1.26,t̪o,,,,,,
P05_L2_04a,P05,2,4,a,present,filtra,0.63,1.02,2,0,0.63,0.94,filt̪,0.94,1.02,ɾa,,,,,,
P05_L2_04b,P05,2,4,b,past,filtró,0.8,1.22,2,1,0.8,1.13,filt̪,1.13,1.22,ɾo,,,,,,
P05_L2_05a,P05,2,5,a,present,monta,0.58,0.85,2,0,0.58,0.76,mon,0.76,0.85,t̪a,,,,,,
P05_L2_05b,P05,2,5,b,past,montó,0.74,1.05,2,1,0.74,0.96,mon,0.96,1.05,t̪o,,,,,,
P05_L2_06a,P05,2,6,a,present,canta,0.56,0.86,2,0,0.56,0.76,kan,0.76,0.86,t̪a,,,,,,
P05_L2_06b,P05,2,6,b,past,cantó,0.51,0.86,2,1,0.51,0.75,kan,0.75,0.86,t̪o,,,,,,
P05_L2_07a,P05,2,7,a,present,junta,0.71,1.05,2,0,0.71,0.95,xun,0.95,1.05,t̪a,,,,,,
P05_L2_07b,P05,2,7,b,past,juntó,0.56,0.93,2,1,0.56,0.82,xun,0.82,0.93,t̪o,,,,,,
P05_L2_08a,P05,2,8,a,present,marca,0.57,0.9,2,0,0.57,0.78,mar,0.78,0.9,ka,,,,,,
P05_L2_08b,P05,2,8,b,past,marcó,0.87,1.2,2,1,0.87,1.08,mar,1.08,1.2,ko,,,,,,
P05_L2_09a,P05,2,9,a,present,mezcla,0.9,1.3,2,0,0.9,1.1,meθ,1.1,1.3,kla,,,,,,
P05_L2_09b,P05,2,9,b,past,mezcló,0.71,1.05,2,1,0.71,0.88,meθ,0.88,1.05,klo,,,,,,
P05_L2_10a,P05,2,10,a,present,sopla,0.81,1.2,2,0,0.81,1.04,so,1.04,1.2,pla,,,,,,
P05_L2_10b,P05,2,10,b,past,sopló,0.74,1.13,2,1,0.74,0.92,so,0.92,1.13,plo,,,,,,
P05_L2_11a,P05,2,11,a,present,culpa,0.61,1.01,2,0,0.61,0.77,kul,0.77,1.01,pa,,,,,,
P05_L2_11b,P05,2,11,b,past,culpó,0.73,1.1,2,1,0.73,0.96,kul,0.96,1.1,po,,,,,,
P05_L2_12a,P05,2,12,a,present,mancha,0.68,0.99,2,0,0.68,0.85,man,0.85,0.99,tʃa,,,,,,
P05_L2_12b,P05,2,12,b,past,manchó,0.63,0.93,2,1,0.63,0.79,man,0.79,0.93,tʃo,,,,,,
P05_L2_13a,P05,2,13,a,present,gasta,0.56,0.85,2,0,0.56,0.76,ɡas,0.76,0.85,t̪a,,,,,,
P05_L2_13b,P05,2,13,b,past,gastó,0.82,1.13,2,1,0.82,1.03,ɡas,1.03,1.13,t̪o,,,,,,
P05_L2_14a,P05,2,14,a,present,salta,0.55,0.86,2,0,0.55,0.75,sal,0.75,0.86,t̪a,,,,,,
P05_L2_14b,P05,2,14,b,past,saltó,0.69,1.03,2,1,0.69,0.92,sal,0.92,1.03,t̪o,,,,,,
P05_L2_15a,P05,2,15,a,present,corta,0.77,1.07,2,0,0.77,0.96,kor,0.96,1.07,t̪a,,,,,,
P05_L2_15b,P05,2,15,b,past,cortó,0.68,0.97,2,1,0.68,0.89,kor,0.89,0.97,t̪o,,,,,,
P05_L2_16a,P05,2,16,a,present,busca,0.46,0.76,2,0,0.46,0.64,bus,0.64,0.76,ka,,,,,,
P05_L2_16b,P05,2,16,b,past,buscó,1.19,1.49,2,1,1.19,1.37,bus,1.37,1.49,ko,,,,,,
P05_L2_17a,P05,2,17,a,present,limpia,0.74,1.01,2,0,0.74,0.9,lim,0.9,1.01,pja,,,,,,
P05_L2_17b,P05,2,17,b,past,limpió,0.73,1.03,2,1,0.73,0.88,lim,0.88,1.03,pjo,,,,,,
P05_L2_18a,P05,2,18,a,present,planta,0.68,0.95,2,0,0.68,0.86,plan,0.86,0.95,t̪a,,,,,,
P05_L2_18b,P05,2,18,b,past,plantó,0.59,0.92,2,1,0.59,0.81,plan,0.81,0.92,t̪o,,,,,,
P05_L2_19a,P05,2,19,a,present,filtra,0.59,1.01,2,0,0.59,0.91,filt̪,0.91,1.01,ɾa,,,,,,
P05_L2_19b,P05,2,19,b,past,filtró,0.72,1.12,2,1,0.72,1.03,filt̪,1.03,1.12,ɾo,,,,,,
P05_L2_20a,P05,2,20,a,present,monta,0.58,0.88,2,0,0.58,0.79,mon,0.79,0.88,t̪a,,,,,,
P05_L2_20b,P05,2,20,b,past,montó,0.66,1.01,2,1,0.66,0.87,mon,0.87,1.01,t̪o,,,,,,
P05_L2_21a,P05,2,21,a,present,canta,0.67,0.94,2,0,0.67,0.86,kan,0.86,0.94,t̪a,,,,,,
P05_L2_21b,P05,2,21,b,past,cantó,0.77,1.09,2,1,0.77,0.96,kan,0.96,1.09,t̪o,,,,,,
P05_L2_22a,P05,2,22,a,present,junta,0.73,1.09,2,0,0.73,0.98,xun,0.98,1.09,t̪a,,,,,,
P05_L2_22b,P05,2,22,b,past,juntó,0.52,0.87,2,1,0.52,0.77,xun,0.77,0.87,t̪o,,,,,,
P05_L2_23a,P05,2,23,a,present,marca,0.65,0.96,2,0,0.65,0.87,mar,0.87,0.96,ka,,,,,,
P05_L2_23b,P05,2,23,b,past,marcó,0.52,0.83,2,1,0.52,0.75,mar,0.75,0.83,ko,,,,,,
P05_L2_24a,P05,2,24,a,present,mezcla,0.69,1.09,2,0,0.69,0.9,meθ,0.9,1.09,kla,,,,,,
P05_L2_24b,P05,2,24,b,past,mezcló,0.66,1.08,2,1,0.66,0.88,meθ,0.88,1.08,klo,,,,,,
P05_L2_25a,P05,2,25,a,present,sopla,0.72,1.09,2,0,0.72,0.94,so,0.94,1.09,pla,,,,,,
P05_L2_25b,P05,2,25,b,past,sopló,0.78,1.15,2,1,0.78,0.93,so,0.93,1.15,plo,,,,,,
P05_L2_26a,P05,2,26,a,present,culpa,1.03,1.29,2,0,1.03,1.17,kul,1.17,1.29,pa,,,,,,
P05_L2_26b,P05,2,26,b,past,culpó,0.81,1.13,2,1,0.81,0.94,kul,0.94,1.13,po,,,,,,
P05_L2_27a,P05,2,27,a,present,mancha,0.54,0.84,2,0,0.54,0.72,man,0.72,0.84,tʃa,,,,,,
P05_L2_27b,P05,2,27,b,past,manchó,0.79,1.1,2,1,0.79,0.98,man,0.98,1.1,tʃo,,,,,,
P05_L2_28a,P05,2,28,a,present,gasta,0.65,0.92,2,0,0.65,0.83,ɡas,0.83,0.92,t̪a,,,,,,
P05_L2_28b,P05,2,28,b,past,gastó,0.95,1.26,2,1,0.95,1.15,ɡas,1.15,1.26,t̪o,,,,,,
P05_L2_29a,P05,2,29,a,present,salta,0.8,1.08,2,0,0.8,1.0,sal,1.0,1.08,t̪a,,,,,,
P05_L2_29b,P05,2,29,b,past,saltó,0.95,1.28,2,1,0.95,1.17,sal,1.17,1.28,t̪o,,,,,,
P05_L2_30a,P05,2,30,a,present,corta,0.57,0.85,2,0,0.57,0.73,kor,0.73,0.85,t̪a,,,,,,
P05_L2_30b,P05,2,30,b,past,cortó,0.86,1.14,2,1,0.86,1.04,kor,1.04,1.14,t̪o,,,,,,
P05_L2_31a,P05,2,31,a,present,busca,0.49,0.8,2,0,0.49,0.7,bus,0.7,0.8,ka,,,,,,
P05_L2_31b,P05,2,31,b,past,buscó,0.81,1.16,2,1,0.81,1.04,bus,1.04,1.16,ko,,,,,,
P05_L2_32a,P05,2,32,a,present,limpia,0.63,0.89,2,0,0.63,0.77,lim,0.77,0.89,pja,,,,,,
P05_L2_32b,P05,2,32,b,past,limpió,0.73,1.01,2,1,0.73,0.88,lim,0.88,1.01,pjo,,,,,,
P05_L2_33a,P05,2,33,a,present,planta,0.61,0.96,2,0,0.61,0.86,plan,0.86,0.96,t̪a,,,,,,
P05_L2_33b,P05,2,33,b,past,plantó,0.77,1.09,2,1,0.77,1.01,plan,1.01,1.09,t̪o,,,,,,
P05_L2_34a,P05,2,34,a,present,filtra,0.59,0.96,2,0,0.59,0.87,filt̪,0.87,0.96,ɾa,,,,,,
P05_L2_34b,P05,2,34,b,past,filtró,0.83,1.2,2,1,0.83,1.13,filt̪,1.13,1.2,ɾo,,,,,,
P05_L2_35a,P05,2,35,a,present,monta,0.63,0.9,2,0,0.63,0.8,mon,0.8,0.9,t̪a,,,,,,
P05_L2_35b,P05,2,35,b,past,montó,0.76,1.09,2,1,0.76,0.99,mon,0.99,1.09,t̪o,,,,,,
P05_L2_36a,P05,2,36,a,present,canta,0.5,0.77,2,0,0.5,0.68,kan,0.68,0.77,t̪a,,,,,,
P05_L2_36b,P05,2,36,b,past,cantó,0.66,0.97,2,1,0.66,0.85,kan,0.85,0.97,t̪o,,,,,,
P05_L2_37a,P05,2,37,a,present,junta,0.59,0.97,2,0,0.59,0.82,xun,0.82,0.97,t̪a,,,,,,
P05_L2_37b,P05,2,37,b,past,juntó,0.66,0.96,2,1,0.66,0.87,xun,0.87,0.96,t̪o,,,,,,
P05_L2_38a,P05,2,38,a,present,marca,0.67,0.99,2,0,0.67,0.87,mar,0.87,0.99,ka,,,,,,
P05_L2_38b,P05,2,38,b,past,marcó,1.01,1.39,2,1,1.01,1.28,mar,1.28,1.39,ko,,,,,,
P05_L2_39a,P05,2,39,a,present,mezcla,0.61,0.94,2,0,0.61,0.8,meθ,0.8,0.94,kla,,,,,,
P05_L2_39b,P05,2,39,b,past,mezcló,0.86,1.22,2,1,0.86,1.05,meθ,1.05,1.22,klo,,,,,,
P05_L2_40a,P05,2,40,a,present,sopla,0.92,1.29,2,0,0.92,1.14,so,1.14,1.29,pla,,,,,,
P05_L2_40b,P05,2,40,b,past,sopló,0.93,1.31,2,1,0.93,1.14,so,1.14,1.31,plo,,,,,,
P05_L2_41a,P05,2,41,a,present,culpa,0.58,0.93,2,0,0.58,0.75,kul,0.75,0.93,pa,,,,,,
P05_L2_41b,P05,2,41,b,past,culpó,0.67,1.02,2,1,0.67,0.88,kul,0.88,1.02,po,,,,,,
P05_L2_42a,P05,2,42,a,present,mancha,0.44,0.73,2,0,0.44,0.61,man,0.61,0.73,tʃa,,,,,,
P05_L2_42b,P05,2,42,b,past,manchó,0.53,0.84,2,1,0.53,0.71,man,0.71,0.84,tʃo,,,,,,
P05_L2_43a,P05,2,43,a,present,gasta,0.64,0.9,2,0,0.64,0.82,ɡas,0.82,0.9,t̪a,,,,,,
P05_L2_43b,P05,2,43,b,past,gastó,0.78,1.09,2,1,0.78,1.0,ɡas,1.0,1.09,t̪o,,,,,,
P05_L2_44a,P05,2,44,a,present,salta,0.56,0.85,2,0,0.56,0.77,sal,0.77,0.85,t̪a,,,,,,
P05_L2_44b,P05,2,44,b,past,saltó,0.61,0.95,2,1,0.61,0.81,sal,0.81,0.95,t̪o,,,,,,
P05_L2_45a,P05,2,45,a,present,corta,0.55,0.84,2,0,0.55,0.74,kor,0.74,0.84,t̪a,,,,,,
P05_L2_45b,P05,2,45,b,past,cortó,0.63,0.97,2,1,0.63,0.77,kor,0.77,0.97,t̪o,,,,,,
P05_L2_46a,P05,2,46,a,present,busca,0.55,0.88,2,0,0.55,0.77,bus,0.77,0.88,ka,,,,,,
P05_L2_46b,P05,2,46,b,past,buscó,0.68,1.03,2,1,0.68,0.91,bus,0.91,1.03,ko,,,,,,
P05_L2_47a,P05,2,47,a,present,limpia,0.52,0.86,2,0,0.52,0.71,lim,0.71,0.86,pja,,,,,,
P05_L2_47b,P05,2,47,b,past,limpió,0.83,1.14,2,1,0.83,1.01,lim,1.01,1.14,pjo,,,,,,
P05_L2_48a,P05,2,48,a,present,planta,0.64,0.93,2,0,0.64,0.85,plan,0.85,0.93,t̪a,,,,,,
P05_L2_48b,P05,2,48,b,past,plantó,0.86,1.17,2,1,0.86,1.07,plan,1.07,1.17,t̪o,,,,,,
P05_L2_49a,P05,2,49,a,present,filtra,0.57,0.92,2,0,0.57,0.85,filt̪,0.85,0.92,ɾa,,,,,,
P05_L2_49b,P05,2,49,b,past,filtró,0.83,1.22,2,1,0.83,1.14,filt̪,1.14,1.22,ɾo,,,,,,
P05_L2_50a,P05,2,50,a,present,monta,0.63,0.93,2,0,0.63,0.84,mon,0.84,0.93,t̪a,,,,,,
P05_L2_50b,P05,2,50,b,past,montó,0.72,1.03,2,1,0.72,0.92,mon,0.92,1.03,t̪o,,,,,,
P05_L2_51a,P05,2,51,a,present,canta,0.59,0.84,2,0,0.59,0.75,kan,0.75,0.84,t̪a,,,,,,
P05_L2_51b,P05,2,51,b,past,cantó,0.8,1.1,2,1,0.8,0.98,kan,0.98,1.1,t̪o,,,,,,
P05_L2_52a,P05,2,52,a,present,junta,0.39,0.69,2,0,0.39,0.62,xun,0.62,0.69,t̪a,,,,,,
P05_L2_52b,P05,2,52,b,past,juntó,0.76,1.11,2,1,0.76,1.02,xun,1.02,1.11,t̪o,,,,,,
P05_L2_53a,P05,2,53,a,present,marca,0.48,0.81,2,0,0.48,0.69,mar,0.69,0.81,ka,,,,,,
P05_L2_53b,P05,2,53,b,past,marcó,0.54,0.9,2,1,0.54,0.77,mar,0.77,0.9,ko,,,,,,
P05_L2_54a,P05,2,54,a,present,mezcla,0.79,1.14,2,0,0.79,0.98,meθ,0.98,1.14,kla,,,,,,
P05_L2_54b,P05,2,54,b,past,mezcló,0.91,1.27,2,1,0.91,1.08,meθ,1.08,1.27,klo,,,,,,
P05_L2_55a,P05,2,55,a,present,sopla,0.54,0.9,2,0,0.54,0.75,so,0.75,0.9,pla,,,,,,
P05_L2_55b,P05,2,55,b,past,sopló,0.6,0.89,2,1,0.6,0.76,so,0.76,0.89,plo,,,,,,
P05_L2_56a,P05,2,56,a,present,culpa,0.5,0.84,2,0,0.5,0.73,kul,0.73,0.84,pa,,,,,,
P05_L2_56b,P05,2,56,b,past,culpó,0.63,1.01,2,1,0.63,0.87,kul,0.87,1.01,po,,,,,,
P05_L2_57a,P05,2,57,a,present,mancha,0.42,0.71,2,0,0.42,0.58,man,0.58,0.71,tʃa,,,,,,
P05_L2_57b,P05,2,57,b,past,manchó,0.78,1.09,2,1,0.78,0.95,man,0.95,1.09,tʃo,,,,,,
P05_L2_58a,P05,2,58,a,present,gasta,0.58,0.83,2,0,0.58,0.74,ɡas,0.74,0.83,t̪a,,,,,,
P05_L2_58b,P05,2,58,b,past,gastó,0.36,0.68,2,1,0.36,0.56,ɡas,0.56,0.68,t̪o,,,,,,
P05_L2_59a,P05,2,59,a,present,salta,0.32,0.63,2,0,0.32,0.52,sal,0.52,0.63,t̪a,,,,,,
P05_L2_59b,P05,2,59,b,past,saltó,0.51,0.81,2,1,0.51,0.7,sal,0.7,0.81,t̪o,,,,,,
P05_L2_60a,P05,2,60,a,present,corta,0.62,0.92,2,0,0.62,0.81,kor,0.81,0.92,t̪a,,,,,,
P05_L2_60b,P05,2,60,b,past,cortó,0.52,0.8,2,1,0.52,0.71,kor,0.71,0.8,t̪o,,,,,,
P05_L2_61a,P05,2,61,a,present,busca,0.32,0.63,2,0,0.32,0.51,bus,0.51,0.63,ka,,,,,,
P05_L2_61b,P05,2,61,b,past,buscó,0.67,1.01,2,1,0.67,0.87,bus,0.87,1.01,ko,,,,,,
P05_L2_62a,P05,2,62,a,present,limpia,0.49,0.79,2,0,0.49,0.66,lim,0.66,0.79,pja,,,,,,
P05_L2_62b,P05,2,62,b,past,limpió,0.63,0.95,2,1,0.63,0.84,lim,0.84,0.95,pjo,,,,,,
P05_L2_63a,P05,2,63,a,present,planta,0.62,0.87,2,0,0.62,0.8,plan,0.8,0.87,t̪a,,,,,,
P05_L2_63b,P05,2,63,b,past,plantó,0.76,1.02,2,1,0.76,0.94,plan,0.94,1.02,t̪o,,,,,,
P05_L2_64a,P05,2,64,a,present,filtra,0.61,1.07,2,0,0.61,0.97,filt̪,0.97,1.07,ɾa,,,,,,
P05_L2_64b,P05,2,64,b,past,filtró,1.18,1.61,2,1,1.18,1.52,filt̪,1.52,1.61,ɾo,,,,,,
P05_L2_65a,P05,2,65,a,present,monta,0.54,0.81,2,0,0.54,0.73,mon,0.73,0.81,t̪a,,,,,,
P05_L2_65b,P05,2,65,b,past,montó,0.91,1.19,2,1,0.91,1.1,mon,1.1,1.19,t̪o,,,,,,
P05_L2_66a,P05,2,66,a,present,canta,0.71,1.0,2,0,0.71,0.9,kan,0.9,1.0,t̪a,,,,,,
P05_L2_66b,P05,2,66,b,past,cantó,0.44,0.76,2,1,0.44,0.64,kan,0.64,0.76,t̪o,,,,,,
P05_L2_67a,P05,2,67,a,present,junta,0.54,0.87,2,0,0.54,0.78,xun,0.78,0.87,t̪a,,,,,,
P05_L2_67b,P05,2,67,b,past,juntó,0.5,0.8,2,1,0.5,0.73,xun,0.73,0.8,t̪o,,,,,,
P05_L2_68a,P05,2,68,a,present,marca,0.64,0.94,2,0,0.64,0.83,mar,0.83,0.94,ka,,,,,,
P05_L2_68b,P05,2,68,b,past,marcó,0.57,0.88,2,1,0.57,0.75,mar,0.75,0.88,ko,,,,,,
P05_L2_69a,P05,2,69,a,present,mezcla,0.68,1.04,2,0,0.68,0.87,meθ,0.87,1.04,kla,,,,,,
P05_L2_69b,P05,2,69,b,past,mezcló,0.68,1.04,2,1,0.68,0.88,meθ,0.88,1.04,klo,,,,,,
P05_L2_70a,P05,2,70,a,present,sopla,0.65,0.99,2,0,0.65,0.86,so,0.86,0.99,pla,,,,,,
P05_L2_70b,P05,2,70,b,past,sopló,0.64,0.99,2,1,0.64,0.85,so,0.85,0.99,plo,,,,,,
P05_L2_71a,P05,2,71,a,present,culpa,0.61,1.02,2,0,0.61,0.88,kul,0.88,1.02,pa,,,,,,
P05_L2_71b,P05,2,71,b,past,culpó,0.6,1.05,2,1,0.6,0.8,kul,0.8,1.05,po,,,,,,
P05_L2_72a,P05,2,72,a,present,mancha,0.48,0.76,2,0,0.48,0.65,man,0.65,0.76,tʃa,,,,,,
P05_L2_72b,P05,2,72,b,past,manchó,0.84,1.14,2,1,0.84,1.02,man,1.02,1.14,tʃo,,,,,,
P05_L2_73a,P05,2,73,a,present,gasta,0.55,0.9,2,0,0.55,0.77,ɡas,0.77,0.9,t̪a,,,,,,
P05_L2_73b,P05,2,73,b,past,gastó,0.56,0.84,2,1,0.56,0.76,ɡas,0.76,0.84,t̪o,,,,,,
P05_L2_74a,P05,2,74,a,present,salta,0.52,0.83,2,0,0.52,0.73,sal,0.73,0.83,t̪a,,,,,,
P05_L2_74b,P05,2,74,b,past,saltó,0.81,1.11,2,1,0.81,1.01,sal,1.01,1.11,t̪o,,,,,,
P05_L2_75a,P05,2,75,a,present,corta,0.74,1.03,2,0,0.74,0.93,kor,0.93,1.03,t̪a,,,,,,
P05_L2_75b,P05,2,75,b,past,cortó,0.82,1.07,2,1,0.82,0.95,kor,0.95,1.07,t̪o,,,,,,
P05_L2_76a,P05,2,76,a,present,busca,0.6,0.92,2,0,0.6,0.82,bus,0.82,0.92,ka,,,,,,
P05_L2_76b,P05,2,76,b,past,buscó,0.57,0.87,2,1,0.57,0.76,bus,0.76,0.87,ko,,,,,,
P05_L2_77a,P05,2,77,a,present,limpia,0.58,0.85,2,0,0.58,0.74,lim,0.74,0.85,pja,,,,,,
P05_L2_77b,P05,2,77,b,past,limpió,0.78,1.09,2,1,0.78,0.94,lim,0.94,1.09,pjo,,,,,,
P05_L2_78a,P05,2,78,a,present,planta,0.63,0.91,2,0,0.63,0.83,plan,0.83,0.91,t̪a,,,,,,
P05_L2_78b,P05,2,78,b,past,plantó,0.52,0.83,2,1,0.52,0.73,plan,0.73,0.83,t̪o,,,,,,
P05_L2_79a,P05,2,79,a,present,filtra,0.51,0.87,2,0,0.51,0.79,filt̪,0.79,0.87,ɾa,,,,,,
P05_L2_79b,P05,2,79,b,past,filtró,0.64,0.96,2,1,0.64,0.9,filt̪,0.9,0.96,ɾo,,,,,,
P05_L2_80a,P05,2,80,a,present,monta,0.37,0.63,2,0,0.37,0.55,mon,0.55,0.63,t̪a,,,,,,
P05_L2_80b,P05,2,80,b,past,montó,0.6,0.85,2,1,0.6,0.76,mon,0.76,0.85,t̪o,,,,,,
P05_L2_81a,P05,2,81,a,present,canta,0.75,1.03,2,0,0.75,0.95,kan,0.95,1.03,t̪a,,,,,,
P05_L2_81b,P05,2,81,b,past,cantó,0.76,1.05,2,1,0.76,0.97,kan,0.97,1.05,t̪o,,,,,,
P05_L2_82a,P05,2,82,a,present,junta,0.68,0.99,2,0,0.68,0.89,xun,0.89,0.99,t̪a,,,,,,
P05_L2_82b,P05,2,82,b,past,juntó,0.36,0.66,2,1,0.36,0.56,xun,0.56,0.66,t̪o,,,,,,
P05_L2_83a,P05,2,83,a,present,marca,0.42,0.7,2,0,0.42,0.61,mar,0.61,0.7,ka,,,,,,
P05_L2_83b,P05,2,83,b,past,marcó,0.74,1.06,2,1,0.74,0.96,mar,0.96,1.06,ko,,,,,,
P05_L2_84a,P05,2,84,a,present,mezcla,0.4,0.74,2,0,0.4,0.57,meθ,0.57,0.74,kla,,,,,,
P05_L2_84b,P05,2,84,b,past,mezcló,0.63,0.99,2,1,0.63,0.83,meθ,0.83,0.99,klo,,,,,,
P05_L2_85a,P05,2,85,a,present,sopla,0.52,0.8,2,0,0.52,0.7,so,0.7,0.8,pla,,,,,,
P05_L2_85b,P05,2,85,b,past,sopló,0.63,0.98,2,1,0.63,0.86,so,0.86,0.98,plo,,,,,,
P05_L2_86a,P05,2,86,a,present,culpa,0.6,0.88,2,0,0.6,0.79,kul,0.79,0.88,pa,,,,,,
P05_L2_86b,P05,2,86,b,past,culpó,0.54,0.88,2,1,0.54,0.75,kul,0.75,0.88,po,,,,,,
P05_L2_87a,P05,2,87,a,present,mancha,0.65,0.95,2,0,0.65,0.82,man,0.82,0.95,tʃa,,,,,,
P05_L2_87b,P05,2,87,b,past,manchó,0.83,1.15,2,1,0.83,1.02,man,1.02,1.15,tʃo,,,,,,
P05_L2_88a,P05,2,88,a,present,gasta,0.61,0.87,2,0,0.61,0.79,ɡas,0.79,0.87,t̪a,,,,,,
P05_L2_88b,P05,2,88,b,past,gastó,0.6,0.84,2,1,0.6,0.76,ɡas,0.76,0.84,t̪o,,,,,,
P05_L2_89a,P05,2,89,a,present,salta,0.46,0.76,2,0,0.46,0.68,sal,0.68,0.76,t̪a,,,,,,
P05_L2_89b,P05,2,89,b,past,saltó,0.45,0.81,2,1,0.45,0.7,sal,0.7,0.81,t̪o,,,,,,
P05_L2_90a,P05,2,90,a,present,corta,0.48,0.81,2,0,0.48,0.68,kor,0.68,0.81,t̪a,,,,,,
P05_L2_90b,P05,2,90,b,past,cortó,0.73,1.02,2,1,0.73,0.89,kor,0.89,1.02,t̪o,,,,,,
